time,Q_total,dp_series,eva1.Qb_flow,eva1.T,eva1.U,eva1.level,eva1.m,eva1.p,eva2.Qb_flow,eva2.T,eva2.U,eva2.level,eva2.m,eva2.p,liquidFraction1,liquidFraction2,m_feed,m_out,m_series,massChange1,massChange2,r_energy1,r_energy2,r_energyTotal,r_mass1,r_mass2,r_massTotal,r_seriesEnergy,r_seriesMass
0,1800,100,1000,285.1194651444556,1256965.336575714,0.05,24.98664827043165,1400,800,284.0009833160033,1139854.958256216,0.05,24.98960260036377,1300,0.5,0.5,0.0004,0.0007999999999999999,0.0004,0,0,0,0,0,0,0,0,0,0
2.4,1800,100.3656343948455,1000,285.1194836033834,1256967.18183022,0.04999999654543815,24.98664649205609,1400.001704670365,800,283.9967764188647,1139370.354003183,0.04999806907195498,24.98864790689092,1299.63607027552,0.4999999654543815,0.4999806907195498,0.0004,0.0007970885622041587,0.0004014625375793821,-1.778375555261391e-06,-0.0009546934728490442,-4.188658309089988e-10,-7.717062544543296e-10,-9.578116078046151e-10,3.473849617455205e-15,1.045160052254301e-14,1.392516744275207e-14,0,0
4.8,1800,100.7031003982336,1000,285.1194224808044,1256960.516846391,0.04999998589143159,24.98664134037559,1399.996060045651,800,283.9928092330896,1138911.378711433,0.04999615966224953,24.98770337209931,1299.292959647417,0.4999998589143159,0.4999615966224953,0.0004,0.0007943436771793385,0.0004028124015929343,-6.930056059673007e-06,-0.001899228264459651,-3.107416546299646e-10,-3.974491846747696e-10,-7.082689990056679e-10,1.382915964631259e-15,5.913238648735941e-15,7.296030099523954e-15,0,0
7.2,1800,101.0143028173111,1000,285.11928793934,1256946.000643098,0.04999996859539236,24.98663307655842,1399.983635312055,800,283.9890664779122,1138476.39752644,0.0499942703973285,24.98676834806267,1298.969332494744,0.4999996859539236,0.4999427039732849,0.0004,0.0007917546599579491,0.0004040572112692443,-1.519387322446164e-05,-0.002834252301099127,-1.551221373574663e-10,-5.154561222298071e-10,-6.707523425575346e-10,-5.25552603552245e-15,5.323866347772821e-15,6.765421556309548e-17,0,0
9.6,1800,101.3010195905792,1000,285.1190857246235,1256924.24765201,0.04999994517702941,24.98662194410314,1399.964961221906,800,283.9855338728967,1138063.882724355,0.04999239999376566,24.98584222930901,1298.663941631326,0.4999994517702941,0.4999239999376566,0.0004,0.0007893115330506116,0.000405204078362317,-2.632632850918526e-05,-0.003760371054760014,-1.742250788083766e-10,-1.937223714776337e-10,-1.334683474851772e-10,-2.04422253863995e-15,3.822463179314894e-15,1.779826286352204e-15,0,0
12,1800,101.5649103039698,1000,285.1188211930402,1256895.830683084,0.04999991612085433,24.98660817001377,1399.940532635238,800,283.982198071743,1137672.406611632,0.04999054725227522,24.98492445000722,1298.375622331268,0.4999991612085433,0.4999054725227522,0.0004,0.000787004978650144,0.0004062596412158791,-4.010041787694263e-05,-0.004678150356554056,-2.032436441368191e-10,3.619788913056254e-10,-7.594280759803951e-11,-1.320129986229213e-14,4.713243684228985e-15,-8.488869329692506e-15,0,0
14.4,1800,101.8075241465795,1000,285.1184993376905,1256861.283699658,0.04999988187852705,24.98659196589977,1399.910810900564,800,283.9790466003396,1137300.634882558,0.04998871105211154,24.98401448133501,1298.103286753985,0.4999988187852704,0.4998871105211153,0.0004,0.0007848262940318781,0.0004072300965863178,-5.630453187421836e-05,-0.00558811902876144,4.433786671143025e-11,1.514308678451926e-10,4.215507942717522e-10,-7.907215192944766e-15,4.527628272299467e-15,-3.384445501630751e-15,0,0
16.8,1800,102.0303072976483,1000,285.1181248125293,1256821.104399323,0.04999984287103685,24.98657352899875,1399.876226070578,800,283.9760677991671,1136947.320443068,0.0499868903458633,24.98311182903165,1297.84591877293,0.4999984287103685,0.499868903458633,0.0004,0.0007827673501834396,0.0004081212291905931,-7.474143290053803e-05,-0.006490771332117617,-3.215063770767301e-10,1.887201506178826e-10,-3.719833330251276e-10,-9.317253999580055e-15,5.917141776556889e-15,-3.404394821604484e-15,0,0
19.2,1800,102.2346097992306,1000,285.1177019548587,1256775.756618382,0.0499997994907351,24.98655304312944,1399.837178968278,800,283.9732507696333,1136611.297657988,0.04998508415460617,24.98221603111839,1297.602569169047,0.4999979949073509,0.4998508415460616,0.0004,0.0007808205533523778,0.0004089384391969224,-9.522730221078746e-05,-0.007386569245376506,-3.666400516522117e-10,7.503331289626658e-11,-5.315996531862766e-10,-1.028201775023913e-14,5.534635250104003e-15,-4.750540238962486e-15,0,0
21.6,1800,102.4216920009401,1000,285.1172348064511,1256725.672590162,0.04999975210324416,24.98653067958669,1399.794043128777,800,283.9705853236787,1136291.476949235,0.04998329156335235,24.98132665575797,1297.372351127837,0.4999975210324415,0.4998329156335235,0.0004,0.000778978809022692,0.0004096867680037603,-0.000117590844961768,-0.008275944605802721,-1.082867129298393e-10,-1.00953911896795e-10,-2.150954969692975e-10,-1.068074665169783e-14,9.327608130327292e-15,-1.360023205165817e-15,0,0
24,1800,102.5927305615057,1000,285.1167271332433,1256671.255050779,0.04999970104923785,24.98650659797596,1399.747166611095,800,283.9680619367865,1135986.839759647,0.04998151171680939,24.98044329925892,1297.154436049589,0.4999970104923785,0.4998151171680938,0.0004,0.0007772354883967128,0.0004103709222460229,-0.000141672455683306,-0.009159301104848083,-5.093170329928398e-11,3.469722287263721e-10,5.638867150992155e-11,-9.185035544645448e-15,3.851086116668512e-15,-5.341213582532589e-15,0,0
26.4,1800,102.7488239385611,1000,285.1161824433684,1256612.879166821,0.049999646646071,24.98648094697731,1399.696873657886,800,283.9656717049655,1135696.433943391,0.0499797438154987,24.97956558424904,1296.948049719325,0.49999646646071,0.499797438154987,0.0004,0.000775584397754601,0.0004109952957542445,-0.0001673234543417834,-0.01003701611472962,2.148681232938543e-11,3.064997144974768e-10,9.00399754755199e-11,-1.071926293387537e-14,9.669348655094723e-15,-1.054711873393899e-15,0,0
28.8,1800,102.8909977541307,1000,285.1156040048099,1256550.894423273,0.0499995891893761,24.98645386509351,1399.643466321624,800,283.9634063026197,1135419.369252146,0.04997798711195636,24.97869315788657,1296.752468567493,0.499995891893761,0.4997798711195636,0.0004,0.0007740197485399476,0.0004115639910165227,-0.0001944053381421895,-0.0109094424771996,1.733724275254644e-10,-2.000888343900442e-10,-3.274180926382542e-11,-1.135045833364212e-14,5.708974959439672e-15,-5.646524914304507e-15,0,0
31.2,1800,103.020209413241,1000,285.1149948605964,1256485.626248024,0.0499995289544366,24.98642548129389,1399.58722586479,800,283.9612579463006,1135154.81345115,0.04997624090746387,24.97782569032118,1296.567016451549,0.499995289544366,0.4997624090746386,0.0004,0.0007725361316123908,0.000412080837652964,-0.0002227891377550861,-0.01177691004258818,-1.118678483180702e-10,-1.509761204943061e-10,-3.910827217623591e-11,-8.175399376572634e-15,6.515621375768887e-15,-1.667069260413712e-15,0,0
33.6,1800,103.1373528871954,1000,285.1143578445785,1256417.377698837,0.0499994661976137,24.98639591568286,1399.528414214534,800,283.9592193570571,1134901.988286911,0.04997450454865573,24.97696287309601,1296.391061327339,0.499994661976137,0.4997450454865573,0.0004,0.0007711284906187102,0.0004125494115487818,-0.0002523547487882638,-0.0126397272677643,1.637090463191271e-11,-1.855369191616774e-10,-4.038156475871801e-10,-7.968506497008088e-15,7.284103875626613e-15,-6.886852199627924e-16,0,0
36,1800,103.2432627136361,1000,285.113695594609,1256346.430872932,0.04999940115753839,24.98636528005848,1399.467275178558,800,283.9572837289761,1134660.166117192,0.04997277742468387,24.97610441781217,1296.224012464922,0.4999940115753839,0.4997277742468387,0.0004,0.0007697920997193778,0.0004129730508545444,-0.0002829903731687011,-0.01349818255159718,-3.341256160638295e-10,3.865352482534945e-10,4.274625098332763e-11,-1.183585564626388e-14,6.539907504432563e-15,-5.299580219109146e-15,0,0
38.4,1800,103.3387181114945,1000,285.1130105661379,1256273.048360602,0.0499993340563407,24.98633367848857,1399.404035699577,800,283.9554446967443,1134428.666437229,0.04997105896429619,24.97525005475221,1296.065317588083,0.499993340563407,0.4997105896429619,0.0004,0.00076852254070466,0.0004133548724459779,-0.0003145919430806998,-0.0143525456115583,-3.078639565501362e-10,8.640199666842818e-11,-2.191882231272757e-10,-7.6235133657232e-15,8.167078124898808e-15,5.429684479807406e-16,0,0
40.8,1800,103.4244464190156,1000,285.1123050435584,1256197.474458429,0.04999926510067588,24.98630120779142,1399.338906902812,800,283.9536963085628,1134206.852978884,0.04996934863339628,24.97439953173045,1295.914460483796,0.4999926510067588,0.4996934863339628,0.0004,0.0007673156838703689,0.0004136977856760623,-0.0003470626402233279,-0.01520306863332266,4.672529030358419e-11,1.982698449864984e-10,0,-6.040578193894364e-15,5.205905151406398e-15,-8.396061623727746e-16,0,0
43.2,1800,103.501126880645,1000,285.1115811527419,1256119.936509941,0.04999919448285813,24.98626795806716,1399.272085253516,800,283.9520329962239,1133994.130507463,0.04996764593235101,24.97355261282365,1295.770958372871,0.4999919448285813,0.4996764593235101,0.0004,0.0007661676669829703,0.0004140045075225798,-0.0003803123644878781,-0.01604998754012499,6.969003152335063e-11,1.791704562492669e-10,4.856701707467437e-10,-5.331509973088844e-15,4.440892098500626e-15,-8.951173136040325e-16,0,0
45.6,1800,103.5693933357327,1000,285.1108408699101,1256040.645854222,0.04999912238166315,24.98623401307359,1399.203753376675,800,283.9504495539277,1133789.942552424,0.04996595039408133,24.97270907747166,1295.634360040943,0.4999912238166315,0.4996595039408133,0.0004,0.0007650748803275419,0.0004142775733429307,-0.0004142573580594444,-0.01689352289211143,-6.991740519879386e-11,5.911715561524034e-11,-3.183231456205249e-11,-5.127734174770193e-15,1.613292832658431e-15,-3.524958103184872e-15,0,0
48,1800,103.6298378768672,1000,285.1100860337741,1255959.799124064,0.04999904896342602,24.98619945074068,1399.134081178521,800,283.9489411093025,1133593.768306738,0.04996426158145725,24.9718687192487,1295.504243301654,0.4999904896342601,0.4996426158145725,0.0004,0.0007640339464132284,0.0004145193515074688,-0.0004488196909697706,-0.01773388111507401,3.365130396559834e-11,1.182343112304807e-10,1.527951098978519e-10,-2.255411569312971e-15,1.221245327087672e-15,-1.037364638634131e-15,0,0
50.4,1800,103.6830128823437,1000,285.109318352232,1255877.5789625,0.04999897438264739,24.98616434345448,1399.063226465845,800,283.9475031073964,1133405.120911154,0.04996257908585431,24.97103134518334,1295.380213583501,0.4999897438264739,0.4996257908585431,0.0004,0.0007630417086680063,0.000414732051529375,-0.0004839269771643728,-0.0185712551804329,8.617462299298495e-11,-9.367795428261161e-11,2.28283170145005e-10,1.782103110914424e-15,3.882311139236094e-15,5.658667978636345e-15,0,0
52.8,1800,103.7294341767736,1000,285.1085394128668,1255794.155145077,0.04999889878294268,24.98612875850188,1398.991335916277,800,283.9461312856157,1133223.544773354,0.04996090252490148,24.97019677469612,1295.261901739504,0.4999889878294267,0.4996090252490147,0.0004,0.0007620952139160308,0.0004149177367070943,-0.0005195119297631834,-0.01940582566765059,2.182787284255028e-11,1.091393642127514e-11,2.65572452917695e-10,2.757126124630638e-16,2.133709875451473e-15,2.397387843799947e-15,0,0
55.2,1800,103.7695832745137,1000,285.1077506903739,1255709.685374546,0.04999882229771442,24.98609275838552,1398.918545765159,800,283.9448216559688,1133048.61366691,0.04995923154088335,24.96936483884616,1295.148962490646,0.4999882229771442,0.4995923154088335,0.0004,0.0007611916999251661,0.0004150783330980548,-0.0005555120461266938,-0.0202377615176097,2.569322532508522e-11,-1.236912794411182e-10,1.373336999677122e-10,-3.044439700339296e-15,-1.755540157688529e-15,-4.808653475407709e-15,0,0
57.6,1800,103.8039095807969,1000,285.1069535538601,1255624.316061202,0.04999874505081228,24.98605640113302,1398.844982480657,800,283.9435704876315,1132879.928865223,0.04995756579917226,24.96853537959162,1295.04107289986,0.4999874505081227,0.4995756579917225,0.0004,0.0007603285831988778,0.0004152156383231877,-0.000591869298631309,-0.0210672207721494,-8.594724931754172e-11,-2.710294211283326e-10,-3.565219230949879e-10,5.664956351236761e-16,5.113964807179627e-15,5.672545766444159e-15,0,0
60,1800,103.8328326096,1000,285.106149274204,1255538.183110282,0.04999866715719908,24.98601974060898,1398.770763444515,800,283.9423742893485,1132717.117258675,0.04995590498664625,24.96770824904347,1294.937930834915,0.4999866715719908,0.4995590498664625,0.0004,0.0007595034466793222,0.0004153313304384001,-0.000628529822670032,-0.02189435132029871,1.045918907038867e-11,-3.656168701127172e-10,-3.528839442878962e-10,-4.506377909718751e-15,-4.510281037539698e-17,-4.558853294867049e-15,0,0
62.4,1800,103.856743896406,1000,285.1053390304038,1255451.412600481,0.04999858872352506,24.98598282678394,1398.695997539339,800,283.9412297942667,1132559.829731365,0.04995424881032566,24.96688330882225,1294.839253642933,0.4999858872352506,0.4995424881032566,0.0004,0.0007587140291434626,0.0004154269755856239,-0.0006654436477120385,-0.02271929154152019,3.094555722782388e-10,-6.748450687155128e-10,-3.54702933691442e-10,7.980812191665798e-16,1.283695372222837e-16,9.26342336171615e-16,0,0
64.8,1800,103.8760088349161,1000,285.1045239156706,1255364.121436144,0.04999850984867923,24.98594570599272,1398.620785712469,800,283.9401339453496,1132407.739600718,0.04995259699606207,24.96606042943959,1294.744776877553,0.4999850984867923,0.4995259699606207,0.0004,0.0007579582150204223,0.0004155040353396643,-0.0007025644389280217,-0.02354217092417699,8.526512829121202e-11,-2.419255906715989e-10,-3.747118171304464e-10,-2.758752427889366e-15,7.008282842946301e-16,-2.057382042508493e-15,0,0
67.2,1800,103.8909684620235,1000,285.1037049433612,1255276.417981348,0.04999843062432612,24.98590842118579,1398.545221524745,800,283.9390838812008,1132260.541100465,0.04995094928726438,24.96523948969705,1294.654253062721,0.4999843062432612,0.4995094928726438,0.0004,0.0007572340245017712,0.0004155638738480939,-0.0007398492458534633,-0.02436311066671948,2.987690095324069e-10,-4.05634636990726e-10,-9.276845958083868e-11,-5.64706701539075e-15,2.425143419415576e-15,-3.223116218364908e-15,0,0
69.59999999999999,1800,103.9019410269627,1000,285.1028830521859,1255188.402617033,0.04999835113537685,24.98587101215001,1398.469391632679,800,283.9380769235934,1132117.948046941,0.04994930544377866,24.96442037615751,1294.567450605716,0.4999835113537685,0.4994930544377866,0.0004,0.0007565396048457296,0.0004156077641078509,-0.0007772582816407692,-0.02518222420626515,1.866737875388935e-10,-4.401954356580973e-10,-2.437445800751448e-10,-2.650657471292561e-15,1.738192922928761e-15,-9.124645483638005e-16,0,0
72,1800,103.9092234932834,1000,285.1020591111995,1255100.168274746,0.04999827146044081,24.98583351572008,1398.393376250253,800,283.9371105655308,1131979.692561303,0.0499476652408148,24.96360298263877,1294.484152756969,0.4999827146044081,0.499476652408148,0.0004,0.000755873222055754,0.0004156368939731337,-0.0008147547115662235,-0.02599961772499881,2.021351974690333e-10,9.094947017729282e-13,-1.637090463191271e-11,-5.81381730951902e-15,1.214306433183765e-15,-4.600486658290492e-15,0,0
74.40000000000001,1800,103.9130929362818,1000,285.1012339244419,1255011.800933032,0.04999819167224558,24.98579596597537,1398.317249578453,800,283.9361824601289,1131845.523880765,0.04994602846794848,24.96278720974246,1294.404156642171,0.4999819167224557,0.4994602846794848,0.0004,0.0007552332531373703,0.0004156523717451273,-0.0008523044562807058,-0.02681539062130867,8.026290743146092e-11,2.582964953035116e-10,5.820766091346741e-10,-5.107676434579211e-15,3.098216128094577e-15,-2.012279232133096e-15,0,0
76.8,1800,103.9138078599212,1000,285.1004082353161,1254923.380085556,0.04999811183803284,24.9857583944253,1398.241080210507,800,283.9352904101376,1131715.207237302,0.04994439492817956,24.96197296440959,1294.327272350586,0.4999811183803284,0.4994439492817956,0.0004,0.0007546181788046888,0.0004156552314396849,-0.000889876006343826,-0.02762963595418455,1.798525772755966e-10,-1.182343112304807e-11,1.764419721439481e-10,-4.619134935657243e-15,4.721917301608869e-15,1.006139616066548e-16,0,0
79.2,1800,103.9116094251954,1000,285.0995827306684,1254834.979177569,0.04999803201992788,24.98572083018241,1398.164931509614,800,283.9344323581597,1131588.52281181,0.04994276443705395,24.96116015950606,1294.253322084418,0.4999803201992788,0.4994276443705395,0.0004,0.0007540265766753473,0.0004156464377007814,-0.0009274402492422951,-0.02844244085770598,-1.004991645459086e-10,1.418811734765768e-10,5.093170329928398e-11,-5.49224294515982e-15,3.840677775812651e-15,-1.654926196081874e-15,0,0
81.59999999999999,1800,103.906722588963,1000,285.0987580445742,1254746.66601071,0.0499979522752818,24.98568330012267,1398.088861959219,800,283.9336063775791,1131465.264763796,0.04994113682184883,24.96034871343818,1294.182139370256,0.4999795227528179,0.4994113682184882,0.0004,0.0007534571149620441,0.0004156268903558521,-0.0009649703089777972,-0.02925388692559139,-5.002220859751105e-12,-3.092281986027956e-11,-2.546585164964199e-11,-2.399881508796664e-15,2.997602166487923e-15,6.002143226879753e-16,0,0
84,1800,103.8993571715839,1000,285.0979347618845,1254658.503122472,0.04999787265699263,24.98564582903594,1398.01292549152,800,283.9328106640541,1131345.240321463,0.04993951192080892,24.95953854979194,1294.113568319936,0.4999787265699263,0.4993951192080892,0.0004,0.0007529085465594853,0.0004155974286863356,-0.001002441395709042,-0.03006405057183059,1.409716787748039e-10,-1.091393642127514e-11,1.400621840730309e-10,-1.301042606982605e-15,4.548444954011188e-15,3.247402347028583e-15,0,0
86.40000000000001,1800,103.8897088542481,1000,285.0971134215421,1254570.548140609,0.04999779321380518,24.98560843976635,1397.937171794251,800,283.9320435275669,1131228.268931553,0.04993788958243253,24.95872959699614,1294.047462940003,0.4999779321380518,0.4993788958243253,0.0004,0.0007523797035200204,0.0004155588354169922,-0.00103983066529878,-0.03087300336763121,1.364242052659392e-12,-2.128217602148652e-10,-1.982698449864984e-10,-8.321685354695241e-15,2.42861286636753e-17,-8.298917109073045e-15,0,0
88.8,1800,103.8779601110361,1000,285.0962945196764,1254482.854114418,0.04999771399059141,24.98557115334363,1397.86164659732,800,283.9313033849878,1131114.181464361,0.04993626966480445,24.95792178800731,1293.983686486284,0.4999771399059141,0.4993626966480444,0.0004,0.0007518694918902747,0.0004155118404441446,-0.001077117088012614,-0.0316808123564627,2.364686224609613e-11,-2.364686224609613e-11,-2.219167072325945e-10,-6.025345153370942e-15,6.689093723366568e-15,6.522560269672795e-16,0,0
91.2,1800,103.8642810796694,1000,285.0954785124987,1254395.469824193,0.04999763502861197,24.98553398910571,1397.786391940712,800,283.9305887531298,1131002.819470753,0.04993465203497199,24.95711506001519,1293.922110861043,0.4999763502861196,0.4993465203497198,0.0004,0.0007513768868883416,0.0004154571243186774,-0.001114281325932609,-0.03248754034858337,8.094502845779061e-11,6.730260793119669e-11,3.910827217623591e-10,1.490344306298574e-15,2.491062911502695e-15,3.975986206938842e-15,0,0
93.59999999999999,1800,103.8488303741271,1000,285.0946658190015,1254308.440069969,0.04999755636576065,24.98549696481312,1397.711446424325,800,283.9298982422608,1130894.034488614,0.04993303656836301,24.95630935416793,1293.862616050198,0.4999755636576065,0.4993303656836301,0.0004,0.0007509009284015865,0.0004153953214965085,-0.00115130561852439,-0.03329324619584284,-1.646185410209e-10,-2.019078237935901e-10,-3.54702933691442e-10,1.942022931356036e-15,2.109423746787797e-15,4.045375145977914e-15,0,0
96,1800,103.8317558434401,1000,285.0938568234785,1254221.805941036,0.04999747803679241,24.98546009675584,1397.636845441373,800,283.9292305500446,1130787.687395119,0.04993142314824218,24.95550461531532,1293.805089597933,0.499974780367924,0.4993142314824218,0.0004,0.000750440716783467,0.0004153270233737603,-0.001188173675803483,-0.03409798504845085,-6.366462912410498e-12,-1.873559085652232e-10,-4.147295840084553e-10,4.22817163225897e-15,2.80331313717852e-15,7.029099524658022e-15,0,0
98.40000000000001,1800,103.8131952828755,1000,285.0930518778864,1254135.60506868,0.04999740007353713,24.98542339985343,1397.562621396839,800,283.928584455859,1130683.647799035,0.0499298116652009,24.95470079176796,1293.749426113963,0.4999740007353712,0.499298116652009,0.0004,0.0007499954089117054,0.0004152527811315022,-0.001224870578216297,-0.03490180859581216,-3.501554601825774e-11,1.036823960021138e-10,-1.546140993013978e-10,3.969697834338426e-15,2.123301534595612e-15,6.085409953726639e-15,0,0
100.8,1800,103.7932770961943,1000,285.0922513040463,1254049.871861264,0.04999732250509849,24.98538688774819,1397.488803911287,800,283.9279588155039,1130581.79347512,0.04992820201668256,24.95389783507308,1293.695526815093,0.4999732250509848,0.4992820201668255,0.0004,0.0007495642145207421,0.0004151731083847771,-0.001261382683459544,-0.03570476529068856,1.214175426866859e-10,-4.729372449219227e-11,8.549250196665525e-11,6.489600523629235e-15,1.311450947838466e-15,7.799316747991725e-15,0,0
103.2,1800,103.7721209150009,1000,285.0914553956967,1253964.637724193,0.04999724535804006,24.9853505728923,1397.415420010876,800,283.9273525562485,1130482.009834577,0.04992659410653812,24.95309569980469,1293.643299095875,0.4999724535804005,0.4992659410653812,0.0004,0.0007491463927670029,0.0004150884836600035,-0.001297697539346387,-0.03650690055908257,6.45741238258779e-11,5.275069270282984e-11,1.2732925824821e-10,-7.819699748834452e-15,9.922618282587337e-16,-6.820932707540805e-15,0,0
105.6,1800,103.7498381774897,1000,285.0906644204165,1253879.931265342,0.04999716865655921,24.98531446662933,1397.342494305316,800,283.9267646722024,1130384.189430199,0.04992498784461086,24.9522943433674,1293.592656127826,0.4999716865655921,0.4992498784461086,0.0004,0.0007487412490226088,0.0004149993527099586,-0.001333803802321398,-0.03730825699636853,-1.386979420203716e-10,2.091837814077735e-10,-1.509761204943061e-10,-2.8646789801412e-15,-1.894318035766673e-15,-4.760081218080359e-15,0,0
108,1800,103.7265326691811,1000,285.0898786214181,1253795.778486895,0.04999709242264916,24.98527857927009,1397.270049153806,800,283.9261942199892,1130288.231493917,0.04992338314634824,24.9514937258132,1293.543516484625,0.4999709242264916,0.4992338314634824,0.0004,0.0007483481318770027,0.0004149061306767244,-0.001369691161553277,-0.03810887455056644,-3.319655661471188e-11,3.401510184630752e-10,3.183231456205249e-10,-2.028325424285882e-15,9.020562075079397e-17,-1.942890293094024e-15,0,0
110.4,1800,103.7023010275618,1000,285.089098219222,1253712.202964391,0.04999701667625065,24.98524292016375,1397.198104819955,800,283.9256403147056,1130194.04150487,0.0499217799324393,24.95069380967021,1293.495803792394,0.4999701667625065,0.499217799324393,0.0004,0.0007479664303391492,0.0004148092041102472,-0.001405350267898342,-0.0389087906935579,1.400621840730309e-10,2.892193151637912e-10,6.71207089908421e-10,-3.966011546951975e-15,-7.840950111415168e-16,-4.746203430272544e-15,0,0
112.8,1800,103.6772332154947,1000,285.0883234132251,1253629.22601456,0.04999694143539384,24.98520749776424,1397.126679616933,800,283.9251021261303,1130101.530784219,0.04992017812847487,24.94989455978212,1293.449446401439,0.4999694143539383,0.4992017812847487,0.0004,0.0007475955712115082,0.0004147089328619786,-0.001440772667411494,-0.03970804058164745,7.139533408917487e-11,3.019522409886122e-10,3.819877747446299e-10,-3.996369207781569e-15,2.199629367538591e-15,-1.783295733304158e-15,0,0
115.2,1800,103.651412961163,1000,285.08755438316,1253546.866851239,0.04999686671633023,24.98517231969208,1397.055790042491,800,283.9245788752003,1130010.616118417,0.04991857766463122,24.94909594315887,1293.404377081328,0.4999686671633023,0.4991857766463121,0.0004,0.0007472350166506257,0.0004146056518446521,-0.00147595073957163,-0.04050665720490443,-2.496562956366688e-10,2.65572452917695e-10,2.546585164964199e-10,-5.390002680294437e-15,2.8796409701215e-15,-2.504940699310509e-15,0,0
117.6,1800,103.6249181702058,1000,285.0867912904584,1253465.142731467,0.04999679253365626,24.98513739279228,1396.985450905106,800,283.9240698307049,1129921.219405918,0.04991697847537367,24.9482979288366,1293.360532734901,0.4999679253365625,0.4991697847537367,0.0004,0.000746884261879204,0.0004144996726808231,-0.001510877639368857,-0.04130467152716832,2.646629582159221e-10,4.165485734120011e-10,6.875779945403337e-10,7.739035107201531e-16,-6.869504964868156e-16,9.020562075079397e-17,0,0
120,1800,103.5978213111978,1000,285.0860342795304,1253384.069091804,0.04999671890042856,24.98510272318833,1396.915675442192,800,283.9235743061972,1129833.267327185,0.04991538049917976,24.94750048774694,1293.317854130995,0.4999671890042856,0.4991538049917975,0.0004,0.0007465428330479571,0.0004143912852447911,-0.001545547243317458,-0.04210211261683483,2.382876118645072e-10,2.710294211283326e-10,7.47604644857347e-10,-3.463158579353198e-15,-1.040834085586084e-15,-4.489464355827977e-15,0,0
122.4,1800,103.5701897690653,1000,285.0852834789301,1253303.659673571,0.04999664582827001,24.98506831633188,1396.846475428163,800,283.9230916571562,1129746.691041212,0.04991378367828444,24.94670359259662,1293.276285659097,0.4999664582827,0.4991378367828443,0.0004,0.0007462102852727785,0.0004142807590762613,-0.001579954099767633,-0.04289900776715427,1.455191522836685e-10,-2.546585164964199e-11,1.309672370553017e-10,1.648637823481458e-15,4.232725281383409e-16,2.081668171172169e-15,0,0
124.8,1800,103.542086182277,1000,285.0845390024746,1253223.92664197,0.04999657332747043,24.98503417704988,1396.77786127762,800,283.9226212782819,1129661.425896595,0.04991218795843781,24.94590721775303,1293.235775095343,0.4999657332747043,0.4991218795843781,0.0004,0.0007458862007627467,0.0004141683447291079,-0.0016140933817681,-0.04369538261074268,3.61524143954739e-10,6.893969839438796e-10,1.056832843460143e-09,2.059984127722458e-17,-2.012279232133096e-16,-1.804112415015879e-16,0,0
127.2,1800,103.5135687805432,1000,285.0838009503567,1253144.880705627,0.0499965014070877,24.98500030959201,1396.709842148582,800,283.9221626007821,1129577.411141643,0.04991059328866174,24.9451113391293,1293.196273368039,0.499965014070877,0.4991059328866174,0.0004,0.0007455701869443128,0.0004140542751221728,-0.001647960839633811,-0.0444912612344659,3.119566827081144e-10,1.364242052659392e-10,2.200977178290486e-10,3.455135483276806e-15,-1.873501354054952e-16,3.275157922644212e-15,0,0
129.6,1800,103.4846916654005,1000,285.083069410075,1253066.531215636,0.04999643007503159,24.9849667176699,1396.642426028174,800,283.9217150901193,1129494.589683405,0.04990899962104765,24.94431593408881,1293.157734362774,0.4999643007503159,0.4990899962104765,0.0004,0.0007452618749021894,0.0004139387666616021,-0.001681552761745309,-0.04528666627496492,1.51885615196079e-10,3.310560714453459e-10,4.911271389573812e-10,-1.125835535908948e-15,-4.100886297209172e-15,-5.218048215738236e-15,0,0
132,1800,103.4555050531437,1000,285.0823444572323,1252988.88625106,0.04999635933813606,24.98493340449103,1396.575619806711,800,283.9212782440563,1129412.907879074,0.04990740691058177,24.94352098136247,1293.120114753567,0.4999635933813606,0.4990740691058177,0.0004,0.0007449609180285352,0.0004138220202125749,-0.001714865940616761,-0.0460816190013027,2.801243681460619e-10,3.310560714453459e-10,3.856257535517216e-10,3.207070026212122e-16,5.211109321834329e-15,5.544176229221875e-15,0,0
134.4,1800,103.4260555733072,1000,285.0816261565221,1252911.952724537,0.04999628920224856,24.98490037280056,1396.50942936872,800,283.9208515902561,1129332.315279379,0.04990581511492938,24.94272646094704,1293.083373795413,0.4999628920224856,0.4990581511492938,0.0004,0.0007446669903633047,0.0004137042222932287,-0.001747897631091178,-0.04687613941673519,6.548361852765083e-11,3.346940502524376e-10,1.746229827404022e-10,2.425793940719068e-15,5.898059818321144e-16,3.018418848199644e-15,0,0
136.8,1800,103.3963865036237,1000,285.0809145625026,1252835.736464958,0.04999621967230005,24.9848676249141,1396.443859664596,800,283.9204346843923,1129252.764426723,0.0499042241942659,24.94193235402514,1293.047473160972,0.4999621967230005,0.4990422419426589,0.0004,0.0007443797852877797,0.0004135855460144949,-0.001780645517552415,-0.0476702463386296,4.956746124662459e-10,2.310116542503238e-10,7.34871719032526e-10,3.480939494981961e-15,6.453171330633722e-16,4.135580766728708e-15,0,0
139.2,1800,103.3665379544339,1000,285.0802097202019,1252760.242282179,0.04999615075235963,24.98483516274337,1396.378914766501,800,283.9200271086613,1129174.210696282,0.04990263411114324,24.94113864290225,1293.012376812067,0.4999615075235962,0.4990263411114324,0.0004,0.000744099014496538,0.0004134661518177354,-0.00181310768828169,-0.04846395746151799,3.03771230392158e-10,4.82032191939652e-10,5.620677256956697e-10,4.789571517171964e-15,-2.622901895676932e-15,2.17881268582687e-15,0,0
141.6,1800,103.3365471087866,1000,285.079511665909,1252685.474051723,0.04999608244570625,24.98480298782975,1396.314597941471,800,283.9196284698498,1129096.612089366,0.04990104483031652,24.94034531092481,1292.978050832684,0.4999608244570625,0.4990104483031652,0.0004,0.0007438244066614734,0.0004133461884351463,-0.001845282601902198,-0.04925728943895891,4.720277502201498e-10,5.129550117999315e-10,9.931682143360376e-10,1.398620802506301e-16,-5.037636974236648e-15,-4.884981308350689e-15,0,0
144,1800,103.3064484323438,1000,285.0788204278648,1252611.434788492,0.04999601475489111,24.98477110137351,1396.250911715282,800,283.919238397644,1129019.929053,0.0498994563185929,24.93955234240871,1292.944463282938,0.4999601475489111,0.4989945631859289,0.0004,0.0007435557062635053,0.0004132257937293752,-0.001877169058140282,-0.05005025795505702,-8.276401786133647e-11,3.765308065339923e-10,3.03771230392158e-10,1.821893330644642e-15,4.926614671774132e-16,2.331468351712829e-15,0,0
146.4,1800,103.2762738177646,1000,285.078136026733,1252538.1266973,0.04999594768178035,24.98473950425381,1396.187857915965,800,283.9188565434612,1128944.124354979,0.04989786854472641,24.93875972258976,1292.9115840982,0.4999594768178034,0.4989786854472641,0.0004,0.0007432926727856011,0.0004131050952710584,-0.001908766177841414,-0.05084287777401286,2.446540747769177e-10,5.784386303275824e-10,8.294591680169106e-10,1.109572503321665e-15,-4.010680676458378e-15,-2.8796409701215e-15,0,0
148.8,1800,103.2460527760079,1000,285.0774584762289,1252465.551240081,0.04999588122761175,24.98470819705535,1396.125437731848,800,283.9184825789081,1128869.16291903,0.04989628147927987,24.93796743755837,1292.87938495584,0.4999588122761174,0.4989628147927987,0.0004,0.0007430350796467209,0.0004129842111040316,-0.001940073376299978,-0.05163516280540037,3.519744495861232e-10,3.092281986027956e-10,4.383764462545514e-10,1.119764003743029e-15,-5.349887199912473e-15,-4.218847493575595e-15,0,0
151.2,1800,103.2158126116244,1000,285.0767877836947,1252393.709197231,0.04999581539304695,24.98467718009268,1396.063651764737,800,283.9181161943643,1128795.01167402,0.04989469509449837,24.93717547419979,1292.847839153113,0.4999581539304694,0.4989469509449837,0.0004,0.0007427827132249039,0.0004128632504464977,-0.001971090338965809,-0.05242712616397682,3.401510184630752e-10,2.746673999354243e-10,6.220943760126829e-10,2.741730453781344e-15,-1.249000902703301e-15,1.505739977147869e-15,0,0
153.6,1800,103.1855785357952,1000,285.0761239504655,1252322.600707027,0.0499957501782045,24.98464645342582,1396.00250006378,800,283.9177570980688,1128721.639455632,0.04989310936422669,24.93638382015511,1292.816921527985,0.499957501782045,0.4989310936422668,0.0004,0.0007425353722238797,0.0004127423141431809,-0.002001817005826467,-0.05321878020866322,2.801243681460619e-10,1.364242052659392e-10,1.946318661794066e-10,1.579465724876883e-15,-1.077610223276793e-14,-9.18709552877317e-15,0,0
156,1800,103.1553738300042,1000,285.0754669724065,1252252.225322905,0.04999568558270841,24.98461601688296,1395.941982174952,800,283.9174050147946,1128649.01686531,0.04989152426379107,24.93559246376538,1292.786608344948,0.4999568558270841,0.4989152426379107,0.0004,0.0007422928667595861,0.0004126214953200169,-0.002032253548691187,-0.05401013659838938,3.03771230392158e-10,2.437445800751448e-10,7.876224117353559e-10,2.703566537309854e-15,-9.180156634869263e-15,-6.46011022453763e-15,0,0
158.4,1800,103.1252199764085,1000,285.0748168403381,1252182.58205888,0.0499956216057266,24.98458587007844,1395.882097180373,800,283.9170596847946,1128577.116157582,0.04988993976990466,24.93480139402694,1292.756877203964,0.499956216057266,0.4988993976990466,0.0004,0.0007420550176317137,0.000412500879905634,-0.002062400353210592,-0.05480120633682972,2.046363078989089e-10,2.619344741106033e-10,2.419255906715989e-10,2.078632405089209e-15,-5.252742685257772e-15,-3.157196726277789e-15,0,0
160.8,1800,103.0951367612015,1000,285.0741735403695,1252113.669425403,0.0499955582460011,24.98455601242699,1395.82284372916,800,283.9167208629631,1128505.91115033,0.04988835586059207,24.93401060055584,1292.727706967958,0.499955582460011,0.4988835586059207,0.0004,0.0007418216557436644,0.000412380547044806,-0.002092258004655179,-0.05559199980793395,4.18367562815547e-11,1.600710675120354e-10,2.091837814077735e-10,-1.218643241873707e-15,-5.904998712225051e-15,-7.098488463697095e-15,0,0
163.2,1800,103.0651424067269,1000,285.0735370543313,1252045.485475437,0.04999549550188728,24.984526443162,1395.76422007727,800,283.9163883177648,1128435.377110555,0.04988677251509375,24.93322007354257,1292.699077670544,0.4999549550188728,0.4988677251509375,0.0004,0.0007415926213643488,0.0004122605696269075,-0.002121827269650822,-0.05638252682119926,3.055902197957039e-10,5.147740012034774e-10,5.984475137665868e-10,-2.988494868239044e-15,-1.013078509970455e-14,-1.311450947838466e-14,0,0
165.6,1800,103.0352536715243,1000,285.0729073600987,1251978.027839083,0.0499954333713828,24.98449716134918,1395.706224117345,800,283.916061830423,1128365.490667609,0.04988518971379321,24.93242980371771,1292.67097044582,0.499954333713828,0.498851897137932,0.0004,0.0007413677635665626,0.0004121410146860972,-0.002151109082465297,-0.05717279664606068,8.458300726488233e-11,3.637978807091713e-11,-9.822542779147625e-11,6.678685382510707e-17,-1.004751837285767e-14,-9.971190539914687e-15,0,0
168,1800,103.0054859408826,1000,285.0722844318835,1251911.293754852,0.04999537185215429,24.98446816589902,1395.648853405729,800,283.9157411941829,1128296.229734485,0.0498836074381508,24.93163978232066,1292.643367464847,0.4999537185215429,0.498836074381508,0.0004,0.000741146939718772,0.0004120219437635305,-0.002180104532623517,-0.05796281804311221,5.184119800105691e-11,3.510649548843503e-10,4.110916052013636e-10,-6.722053469410127e-16,-9.721390359374027e-15,-1.038752417414912e-14,0,0
170.4,1800,102.9758533342253,1000,285.0716682405832,1251845.280106938,0.04999531094156882,24.98443945558154,1395.592105194589,800,283.9154262134389,1128227.573414705,0.04988202567062566,24.93085000106278,1292.616251860364,0.4999531094156882,0.4988202567062565,0.0004,0.0007409300148829115,0.0004119034133369014,-0.002208814850110485,-0.05875259930098764,5.911715561524034e-11,4.547473508864641e-10,7.60337570682168e-10,1.530893467549532e-15,-5.669076319492206e-15,-4.121702978920894e-15,0,0
172.8,1800,102.9463687817481,1000,285.0710587540268,1251779.983451488,0.04999525063671607,24.98441102903666,1395.535976454652,800,283.9151167031106,1128159.501935628,0.04988044439461987,24.93006045210095,1292.589607672904,0.4999525063671607,0.4988044439461987,0.0004,0.0007407168613832309,0.0004117854751269924,-0.002237241394983158,-0.05954214826281756,5.547917680814862e-11,1.418811734765768e-10,4.474713932722807e-10,4.66423774603264e-15,-4.496403249731884e-15,1.873501354054952e-16,0,0
175.2,1800,102.9170441026888,1000,285.0704559372255,1251715.400043544,0.04999519093443116,24.98438288478496,1395.480463898298,800,283.9148124880036,1128091.996580162,0.04987886359442109,24.92927112801049,1292.563419795609,0.4999519093443116,0.4987886359442109,0.0004,0.0007405073583648755,0.0004116681764107552,-0.002265385646687434,-0.06033147235327618,-1.591615728102624e-10,2.019078237935901e-10,5.820766091346741e-11,3.686721067319709e-15,-5.946632075648495e-15,-2.248201624865942e-15,0,0
177.6,1800,102.8878900927143,1000,285.0698597526561,1251651.525867102,0.0499951318313201,24.98435502123951,1395.425564005724,800,283.9145134020994,1128025.039610988,0.04987728325513902,24.92848202175515,1292.53767391301,0.499951318313201,0.4987728325513902,0.0004,0.0007403013913040776,0.0004115515603708573,-0.002293249192135249,-0.06112057860862308,-2.337401383556426e-10,3.474269760772586e-10,3.601599019020796e-10,9.727461891539946e-16,-8.56259507742152e-15,-7.577272143066693e-15,0,0
180,1800,102.8589165829478,1000,285.0692701604476,1251588.356655246,0.04999507332377676,24.98432743671392,1395.371273042069,800,283.9142192880697,1127958.614218649,0.04987570336266179,24.92769312666649,1292.512356459122,0.4999507332377676,0.4987570336266179,0.0004,0.0007400988516729722,0.0004114356663317912,-0.002320833717725179,-0.06190947369727695,-2.764863893389702e-10,2.837623469531536e-10,1.818989403545856e-11,6.707308319864325e-15,-7.896461262646426e-15,-1.179611963664229e-15,0,0
182.4,1800,102.830132507286,1000,285.0686871185953,1251525.887913094,0.04999501540800221,24.98430012943137,1395.317587077307,800,283.9139299967273,1127892.704462891,0.04987412390360683,24.9269044364207,1292.487454570021,0.499950154080022,0.4987412390360683,0.0004,0.0007398996365601688,0.0004113205300291438,-0.002348141000279469,-0.06269816394307526,-8.185452315956354e-11,2.619344741106033e-10,2.000888343900442e-10,6.154365211896717e-15,-5.204170427930421e-15,9.853229343548264e-16,0,0
184.8,1800,102.8015459729447,1000,285.0681105831887,1251464.114941935,0.0499949580800253,24.98427309753421,1395.264502007047,800,283.9136453864489,1127827.295211145,0.04987254486526916,24.92611594501411,1292.462956034102,0.499949580800253,0.4987254486526916,0.0004,0.0007397036482728163,0.0004112061838917789,-0.002375172897433941,-0.06348665534966003,-1.818989403545856e-12,3.237801138311625e-10,1.055013854056597e-10,5.669943681230194e-15,-8.93729534823251e-15,-3.233524559220768e-15,0,0
187.2,1800,102.7731643068939,1000,285.0675405085555,1251403.032854814,0.04999490133571577,24.98424633909015,1395.212013565986,800,283.913365322793,1127762.372097599,0.04987096623558727,24.9253276467471,1292.438849259092,0.4999490133571577,0.4987096623558727,0.0004,0.0007395107940727357,0.0004110926572275757,-0.002401931341495356,-0.06427495361667113,4.547473508864641e-12,6.657501216977835e-10,9.167706593871117e-10,-2.082969213779151e-15,-6.841749389252527e-15,-8.923417560424696e-15,0,0
189.6,1800,102.7449941125299,1000,285.0669768474414,1251342.636595775,0.04999484517080043,24.98421985209987,1395.160117344389,800,283.9130896780341,1127697.921473486,0.04986938800310105,24.92453953620428,1292.415123231859,0.4999484517080042,0.4986938800310105,0.0004,0.0007393209858548743,0.0004109799764501194,-0.002428418331774651,-0.06506306415949226,8.185452315956354e-11,2.364686224609613e-10,3.346940502524376e-10,1.383008291222509e-15,-6.092348847630547e-15,-4.690692279041286e-15,0,0
192,1800,102.7170413270205,1000,285.0664195511925,1251282.920959224,0.04999478958087963,24.98419363450467,1395.108808804921,800,283.9128183306927,1127633.930357069,0.04986781015691023,24.92375160823472,1292.391767477901,0.4999478958087963,0.4986781015691023,0.0004,0.0007391341398232052,0.0004108681653080821,-0.002454635926977033,-0.06585099212904666,6.821210263296962e-11,3.292370820418e-10,4.220055416226387e-10,-2.950764632636549e-15,-5.176414852314792e-15,-8.118505867571457e-15,0,0
194.4,1800,102.6893112575297,1000,285.0658685698681,1251223.880602017,0.04999473456143755,24.98416768419131,1395.058083292939,800,283.9125511652352,1127570.386401204,0.04986623268664694,24.9229638579391,1292.368772035409,0.4999473456143755,0.4986623268664693,0.0004,0.0007389501762832751,0.0004107572450301186,-0.002480586240338312,-0.06663874242466861,1.455191522836685e-11,5.456968210637569e-10,3.492459654808044e-10,1.16009632455949e-15,-7.216449660063518e-15,-6.022959908591474e-15,0,0
196.8,1800,102.6618086292649,1000,285.065323852389,1251165.510059485,0.04999468010785555,24.98414199899831,1395.007936050315,800,283.9122880716758,1127507.277851403,0.04986465558244052,24.92217628065306,1292.34612742105,0.4999468010785555,0.4986465558244052,0.0004,0.0007387690193683993,0.0004106472345170596,-0.002506271433336593,-0.06742631971071233,-8.913048077374697e-11,6.311893230304122e-10,3.310560714453459e-10,1.525689297121602e-15,-6.897260540483785e-15,-5.370703881624195e-15,0,0
199.2,1800,102.634537631378,1000,285.0647853466846,1251107.803760886,0.04999462621542537,24.98411657672213,1394.958362228836,800,283.9120289452013,1127444.593505271,0.04986307883488364,24.92138887193112,1292.323824597458,0.4999462621542536,0.4986307883488364,0.0004,0.0007385905967796606,0.0004105381505255118,-0.002531693709521221,-0.06821372843264584,6.184563972055912e-11,3.619788913056254e-10,4.474713932722807e-10,4.552348081832136e-15,-7.105427357601002e-15,-2.511879593214417e-15,0,0
201.6,1800,102.6075019459317,1000,285.0642529997782,1251050.75603882,0.04999457287935705,24.98409141512083,1394.909356898114,800,283.9117736859264,1127382.322686586,0.04986150243501044,24.92060162753646,1292.301854952182,0.4999457287935705,0.4986150243501044,0.0004,0.0007384148396174586,0.0004104300077837269,-0.002556855310814399,-0.06900097282731465,1.182343112304807e-11,3.783497959375381e-10,6.402842700481415e-10,2.542237254044011e-15,-4.718447854656915e-15,-2.151057110211241e-15,0,0
204,1800,102.5807047885189,1000,285.0637267579149,1250994.361142704,0.04999452009479045,24.9840665119195,1394.86091505736,800,283.9115221985588,1127320.45520954,0.04985992637426653,24.91981454342664,1292.280210268841,0.4999452009479045,0.4985992637426653,0.0004,0.0007382416821507304,0.0004103228191540756,-0.00258175851214304,-0.06978805693712786,6.366462912410498e-11,3.910827217623591e-10,4.765752237290144e-10,9.84455572616838e-16,-7.105427357601002e-15,-6.106226635438361e-15,0,0
206.4,1800,102.5541489439445,1000,285.0632065666718,1250938.613250532,0.04999446785680497,24.98404186481485,1394.813031645474,800,283.9112743921025,1127258.981347132,0.04985835064448255,24.91902761574121,1292.25888270153,0.4999446785680497,0.4985835064448255,0.0004,0.0007380710616122377,0.0004102165957757779,-0.002606405616795371,-0.07057498462256362,3.055902197957039e-10,3.255991032347083e-10,6.548361852765083e-10,-5.28656979303932e-16,-5.245803791353865e-15,-5.731526364627371e-15,0,0
208.8,1800,102.5278367906421,1000,285.0626923710298,1250883.506476738,0.04999441616042634,24.98401747147835,1394.765701547703,800,283.9110301796522,1127197.891809052,0.04985677523785549,24.91824084079281,1292.237864757061,0.4999441616042634,0.4985677523785549,0.0004,0.0007379029180564902,0.0004101113471625686,-0.002630798953298097,-0.07136175957096569,3.819877747446299e-11,3.747118171304464e-10,2.037268131971359e-10,2.094678597241995e-16,-6.022959908591474e-15,-5.787037515858628e-15,0,0
211.2,1800,102.5017703347546,1000,285.0621841154787,1250829.03488331,0.049994365000636,24.98399332956063,1394.7189196053,800,283.9107894781104,1127137.177711656,0.04985520014692368,24.91745421505535,1292.217149270545,0.4999436500063599,0.4985520014692368,0.0004,0.0007377371941643632,0.0004100070813390184,-0.002654940871018141,-0.07214838530842016,-1.51885615196079e-10,6.093614501878619e-10,2.510205376893282e-10,-6.89986262569775e-16,-7.66053886991358e-15,-8.31279489688086e-15,0,0
213.6,1800,102.4759512366545,1000,285.0616817440988,1250775.192488405,0.04999431437237838,24.98396943669491,1394.672680622926,800,283.9105522079643,1127076.830554031,0.04985362536454662,24.91666773515452,1292.196729386271,0.4999431437237837,0.4985362536454662,0.0004,0.000737573835090172,0.000409903804946618,-0.002678833736737829,-0.07293486520925541,1.77351466845721e-10,2.055458026006818e-10,1.709850039333105e-10,-1.916435760085378e-15,-1.085243006571091e-14,-1.275368699538149e-14,0,0
216,1800,102.4503808329457,1000,285.061185200623,1250721.973273255,0.0499942642705667,24.98394579049973,1394.626979374502,800,283.9103182931005,1127016.84219823,0.04985205088388832,24.91588139785991,1292.176598541557,0.499942642705667,0.4985205088388832,0.0004,0.0007374127883324527,0.0004098015233317828,-0.002702479931919299,-0.07372120250386516,2.728484105318785e-11,3.947207005694509e-10,2.146407496184111e-10,-4.271756559592887e-16,-6.605826996519681e-15,-6.994405055138486e-15,0,0
218.4,1800,102.4250601639019,1000,285.0606944285219,1250669.371191053,0.04999421469009055,24.98392238858245,1394.581810610923,800,283.9100876605745,1126957.204844698,0.04985047669839679,24.9150952000753,1292.156750447021,0.4999421469009055,0.4985047669839679,0.0004,0.0007372540035761703,0.0004097002406556075,-0.002725881849194423,-0.07450740028847491,4.456524038687348e-11,4.529283614829183e-10,5.20230969414115e-10,-6.756747938929664e-16,-3.858025010572419e-15,-4.496403249731884e-15,0,0
220.8,1800,102.3999899938715,1000,285.0602093710623,1250617.380173296,0.04999416562582119,24.98389922854182,1394.537169065476,800,283.9098602404382,1126897.911013876,0.04984890280178862,24.91430913883136,1292.137179071605,0.4999416562582119,0.4984890280178861,0.0004,0.0007370974325728384,0.000409599959975486,-0.002749041889831716,-0.07529346153241079,3.319655661471188e-10,4.05634636990726e-10,9.858922567218542e-10,5.091413401991929e-16,-5.023759186428833e-15,-4.510281037539698e-15,0,0
223.2,1800,102.3751708303405,1000,285.0597299713637,1250565.994135736,0.04999411707261667,24.98387630797026,1394.493049458992,800,283.9096359655775,1126838.953528831,0.04984732918803431,24.91352321127879,1292.117878628652,0.4999411707261667,0.4984732918803431,0.0004,0.0007369430290292129,0.000409500683321362,-0.002771962461391553,-0.07607938908498468,2.02817318495363e-10,6.129994289949536e-10,8.36735125631094e-10,3.1862533445004e-15,-4.968248035197576e-15,-1.720845688168993e-15,0,0
225.6,1800,102.3506029461082,1000,285.0592561724626,1250515.206985417,0.04999406902532755,24.98385362445671,1394.449446505777,800,283.9094147715243,1126780.32549518,0.04984575585134151,24.9127374146803,1292.098843559669,0.4999406902532755,0.4984575585134151,0.0004,0.0007367907484773514,0.0004094024117844328,-0.002794645974940835,-0.07686518568346656,9.276845958083868e-11,5.402398528531194e-10,4.147295840084553e-10,-1.482754891091176e-15,-7.119305145408816e-15,-8.576472865229334e-15,0,0
228,1800,102.3262863950551,1000,285.0587879173581,1250465.012625362,0.04999402147880123,24.98383117558848,1394.406354917786,800,283.9091965963228,1126722.020286803,0.04984418278614304,24.91195174640504,1292.08006852273,0.4999402147880123,0.4984418278614304,0.0004,0.0007366405481818438,0.0004093051455802206,-0.002817094843162948,-0.07765085395872973,1.282387529499829e-10,5.529727786779404e-10,9.276845958083868e-10,-3.469446951953614e-17,-2.844946500601964e-15,-2.844946500601964e-15,0,0
230.4,1800,102.3022210284446,1000,285.0583251490575,1250415.404959586,0.04999397442788587,24.98380895895323,1394.363769408778,800,283.9089813803869,1126664.031530782,0.04984260998708414,24.91116620392251,1292.061548380334,0.4999397442788587,0.4984260998708414,0.0004,0.0007364923870426701,0.0004092088841137783,-0.002839311478417983,-0.07843639644125844,-6.730260793119669e-11,4.492903826758265e-10,4.001776687800884e-10,-2.136745641534432e-15,-1.124100812432971e-14,-1.332267629550188e-14,0,0
232.8,1800,102.2784065129149,1000,285.0578678106284,1250366.377898639,0.04999392786743519,24.98378697214114,1394.321684699145,800,283.9087690663492,1126606.353091019,0.04984103744900893,24.9103807847962,1292.043278186231,0.4999392786743518,0.4984103744900892,0.0004,0.0007363462254898441,0.0004091136260516596,-0.002861298290504521,-0.07922181556757124,2.228262019343674e-10,6.893969839438796e-10,9.349605534225702e-10,-2.211772431870429e-16,-6.800116025829084e-15,-6.966649479522857e-15,0,0
235.2,1800,102.2548423423855,1000,285.0574158452308,1250317.925362996,0.04999388179231138,24.98376521274631,1394.280095518781,800,283.9085595989555,1126548.979057166,0.04983946516695091,24.90959548667908,1292.025253176395,0.4999388179231138,0.4983946516695091,0.0004,0.000736202025411163,0.0004090193693695419,-0.002883057685341583,-0.08000711368469382,1.682565198279917e-10,4.711182555183768e-10,6.621121428906918e-10,3.120333852413282e-15,-4.704570066849101e-15,-1.554312234475219e-15,0,0
237.6,1800,102.2315278490835,1000,285.0569691961467,1250270.041286158,0.04999383619738763,24.98374367836791,1394.238996609831,800,283.9083529249686,1126491.903734329,0.04983789313612448,24.90881030730959,1292.007468760748,0.4999383619738763,0.4983789313612448,0.0004,0.0007360597500859839,0.0004089261113963339,-0.002904592063735834,-0.08079229305418423,4.18367562815547e-11,5.602487362921238e-10,8.585629984736443e-10,-6.223320470066795e-16,-4.177214130152151e-15,-4.746203430272544e-15,0,0
240,1800,102.2084622211876,1000,285.0565278068301,1250222.719620153,0.04999379107755285,24.98372236661247,1394.198382731252,800,283.908148993017,1126435.121626779,0.04983632135191116,24.90802524450517,1291.989920510064,0.4999379107755285,0.4983632135191116,0.0004,0.0007359193640805133,0.0004088338488847503,-0.002925903819178899,-0.08157735585860237,-2.946762833744287e-10,5.002220859751105e-10,2.291926648467779e-10,-2.258609965721803e-15,-1.373900992973631e-15,-3.58046925441613e-15,0,0
242.4,1800,102.1856445142594,1000,285.0560916209365,1250175.954338686,0.04999374642771431,24.98370127509503,1394.158248661602,800,283.9079477534939,1126378.627427499,0.04983474980985089,24.9072402961581,1291.972604147343,0.4999374642771431,0.4983474980985089,0.0004,0.0007357808331787437,0.0004087425780570374,-0.002946995336621683,-0.0823623042056667,1.364242052659392e-11,5.311449058353901e-10,5.638867150992155e-10,-9.580010396081917e-16,-1.387778780781446e-15,-2.275957200481571e-15,0,0
244.8,1800,102.1630736639258,1000,285.0556605823607,1250129.739440947,0.04999370224280088,24.98368040144069,1394.118589202287,800,283.9077491584488,1126322.416006166,0.04983317850563195,24.90645546023077,1291.955515538361,0.4999370224280087,0.4983317850563195,0.0004,0.0007356441243068857,0.0004086522946557033,-0.002967868990960909,-0.08314714013300417,9.367795428261161e-11,3.965396899729967e-10,7.421476766467094e-10,1.074661193367632e-15,-5.564992910933597e-15,-4.440892098500626e-15,0,0
247.2,1800,102.1407485014379,1000,285.055234635277,1250084.068956172,0.04999365851776678,24.98365974328642,1394.079399181502,800,283.9075531614521,1126266.482395134,0.04983160743507922,24.90567073475007,1291.938650680064,0.4999365851776678,0.4983160743507922,0.0004,0.0007355092054405158,0.0004085629940057515,-0.002988527145227238,-0.08393186561369603,-1.919033820740879e-10,3.292370820418e-10,1.564330887049437e-10,2.52662474276022e-15,1.110223024625157e-15,3.691491556878645e-15,0,0
249.6,1800,102.1186677535886,1000,285.0548137241348,1250038.936943033,0.04999361524759122,24.98363929828082,1394.040673453596,800,283.9073597175881,1126210.821788445,0.0498300365941532,24.90488611780705,1291.922005700007,0.4999361524759122,0.498300365941532,0.0004,0.0007353760456000582,0.0004084746710143545,-0.003008972150830402,-0.08471648255672193,-1.728039933368564e-11,5.657057045027614e-10,5.675246939063072e-10,-1.176576197581269e-15,-2.55351295663786e-15,-3.677613769070831e-15,0,0
252,1800,102.0968300209956,1000,285.0543977935803,1249994.337481332,0.04999357242727126,24.98361906408081,1394.002406891982,800,283.9071687836266,1126155.429560028,0.04982846597896548,24.9041016075641,1291.905576870986,0.4999357242727126,0.4982846597896548,0.0004,0.0007352446149678908,0.0004083873200839826,-0.003029206350834812,-0.08550099279967327,2.728484105318785e-10,5.256879376247525e-10,8.185452315956354e-10,-2.408663546393797e-15,-9.020562075079397e-16,-3.247402347028583e-15,0,0
254.4,1800,102.0752338581033,1000,285.0539867887101,1249950.264699034,0.04999353005184478,24.98359903836239,1393.964594412379,800,283.9069803173622,1126100.301193569,0.04982689558571977,24.90331720222715,1291.889360554275,0.4999353005184478,0.4982689558571977,0.0004,0.0007351148844342023,0.0004083009354324131,-0.003049232069262331,-0.08628539813661718,-7.73070496506989e-11,4.074536263942719e-10,3.492459654808044e-10,1.360023205165817e-15,-6.75848266240564e-15,-5.342948306008566e-15,0,0
256.8,1800,102.0538777255861,1000,285.0535806549105,1249906.712755158,0.04999348811637581,24.98357921881376,1393.92723095803,800,283.9067942779966,1126045.432322897,0.0498253254107459,24.90253290006174,1291.873353232444,0.4999348811637581,0.498253254107459,0.0004,0.0007349868258595525,0.0004082155109023442,-0.003069051617885066,-0.08706970030202754,-1.327862264588475e-10,7.166818249970675e-10,6.075424607843161e-10,-3.554014721407484e-15,1.013078509970455e-15,-2.470246229790973e-15,0,0
259.2,1800,102.0327600109197,1000,285.0531793379172,1249863.675846104,0.04999344661596011,24.98355960313798,1393.890311505186,800,283.9066106259625,1125990.818713619,0.0498237554504842,24.90174869938562,1291.857551494266,0.4999344661596011,0.4982375545048419,0.0004,0.0007348604119541305,0.0004081310400436787,-0.003088667293670966,-0.08785390097814982,-2.66481947619468e-10,6.693881005048752e-10,1.855369191616774e-10,-2.720046410331634e-15,-8.285039321265231e-15,-1.092181900474998e-14,0,0
261.6,1800,102.0118790530162,1000,285.0527827838882,1249821.148213575,0.04999340554573173,24.98354018905595,1393.853831069832,800,283.9064293227173,1125936.456240539,0.04982218570146685,24.90096459855993,1291.841952016816,0.4999340554573173,0.4982218570146685,0.0004,0.0007347356161345269,0.0004080475162120647,-0.003108081375696514,-0.08863800180383663,-1.2732925824821e-10,7.439666660502553e-10,4.001776687800884e-10,-4.303415263029464e-15,-2.081668171172169e-15,-6.328271240363392e-15,0,0
264,1800,101.9912331080618,1000,285.0523909392894,1249779.124132086,0.04999336490085245,24.98352097430159,1393.817784697,800,283.9062503310131,1125882.340917062,0.04982061616034231,24.90018059600076,1291.826551588938,0.4999336490085244,0.4982061616034231,0.0004,0.0007346124127115072,0.0004079649324322472,-0.003127296130060131,-0.08942200436301206,7.185008144006133e-11,4.474713932722807e-10,2.983142621815205e-10,-4.358926414260722e-15,-2.67841304690819e-15,-6.966649479522857e-15,0,0
266.4,1800,101.9708203913274,1000,285.0520037510205,1249737.59792266,0.04999332467652345,24.98350195662718,1393.782167472501,800,283.9060736145505,1125828.468857878,0.04981904682384405,24.89939669016439,1291.811347081174,0.4999332467652345,0.4981904682384405,0.0004,0.0007344907766493924,0.0004078832815653095,-0.00314631380447139,-0.09020591019938351,4.547473508864641e-11,4.547473508864641e-10,5.129550117999315e-10,-3.605189063948799e-15,-6.772360450213455e-15,-1.033895191682177e-14,0,0
268.8,1800,101.9506390809179,1000,285.0516211664211,1249696.563953487,0.04999328486798577,24.98348313380366,1393.746974523453,800,283.9058991379388,1125774.836274873,0.0498174776887873,24.8986128795457,1291.796335442535,0.4999328486798577,0.498174776887873,0.0004,0.0007343706835402808,0.0004078025563236715,-0.003165136627984566,-0.09098972081807233,-1.928128767758608e-10,4.5656634029001e-10,5.165929906070232e-10,-2.722648495545599e-15,3.538835890992686e-15,8.604228440844963e-16,0,0
271.2,1800,101.9306872913296,1000,285.0512431331832,1249656.016630319,0.04999324547051219,24.98346450361684,1393.712201010032,800,283.9057268669094,1125721.439499679,0.04981590875208765,24.89782916268704,1291.781513718702,0.4999324547051219,0.4981590875208765,0.0004,0.0007342521097496173,0.0004077227491653184,-0.003183766814810696,-0.09177343767673563,-1.39152689371258e-10,3.983586793765426e-10,5.129550117999315e-10,-7.799750428860719e-15,2.095545958979983e-15,-5.648259637780484e-15,0,0
273.6,1800,101.9109631209958,1000,285.050869599493,1249615.950411859,0.04999320647942038,24.98344606387345,1393.677842138706,800,283.9055567679153,1125668.274941296,0.04981434001072585,24.89704553816149,1291.76687901771,0.4999320647942038,0.4981434001072585,0.0004,0.000734135032141683,0.0004076438524839832,-0.003202206558196252,-0.09255706220228177,-1.764419721439481e-10,5.220499588176608e-10,5.966285243630409e-10,-1.00149923076831e-14,1.387778780781446e-15,-8.56259507742152e-15,0,0
276,1800,101.8914646306334,1000,285.0505005139569,1249576.359801892,0.04999316789006607,24.98342781239808,1393.643893155376,800,283.9053888083047,1125615.339104338,0.04981277146176286,24.89626200458007,1291.752428524743,0.4999316789006606,0.4981277146176286,0.0004,0.000734019428197942,0.0004075658585225337,-0.003220458033563744,-0.09334059578369747,-1.90084392670542e-10,3.383320290595293e-10,1.709850039333105e-10,-6.209009001389987e-15,-6.106226635438361e-15,-1.225408663430017e-14,0,0
278.4,1800,101.8721898380991,1000,285.0501358255822,1249537.239346895,0.04999312969784103,24.98340974703218,1393.610349343472,800,283.9052229563576,1125562.62859301,0.04981120310234327,24.89547856059335,1291.738159505373,0.4999312969784102,0.4981120310234327,0.0004,0.000733905276042984,0.0004074887593523963,-0.003238523399467397,-0.09412403977042416,-2.673914423212409e-10,5.238689482212067e-10,2.764863893389702e-10,-8.57603918436034e-15,-1.429412144204889e-15,-9.936496070395151e-15,0,0
280.8,1800,101.8531367558487,1000,285.0497754838862,1249498.583648079,0.04999309189818342,24.98339186563886,1393.577206034034,800,283.9050591809686,1125510.140077292,0.04980963492966702,24.89469520487794,1291.724069278185,0.4999309189818342,0.4980963492966702,0.0004,0.0007337925542254797,0.0004074125470233948,-0.003256404792782774,-0.09490739548582994,1.091393642127514e-11,5.584297468885779e-10,8.221832104027271e-10,-7.235965299168257e-15,-4.662936703425657e-15,-1.18099974244501e-14,0,0
283.2,1800,101.8343033662145,1000,285.0494194388142,1249460.387352409,0.04999305448657008,24.98337416609935,1393.544458598247,800,283.9048974518468,1125457.870314249,0.04980806694100702,24.89391193614508,1291.710155232033,0.4999305448657008,0.4980806694100702,0.0004,0.0007336812418562621,0.000407337213464858,-0.00327410433230213,-0.09569066421868655,-7.639755494892597e-11,4.729372449219227e-10,4.147295840084553e-10,-7.373008453770424e-15,6.938893903907228e-17,-7.230327447871332e-15,0,0
285.6,1800,101.8156876278367,1000,285.0490676407543,1249422.645154244,0.04999301745851793,24.98335664631358,1393.512102448618,800,283.9047377394551,1125405.816141486,0.04980649913370394,24.89312875313793,1291.696414820781,0.4999301745851793,0.4980649913370394,0.0004,0.000733571318566248,0.0004072627505113469,-0.003291624118066494,-0.09647384722583752,-1.173248165287077e-10,4.711182555183768e-10,3.747118171304464e-10,-1.189413151303498e-14,-9.103828801926284e-15,-2.09277040141842e-14,0,0
288,1800,101.7972874974719,1000,285.0487200405992,1249385.3518019,0.0499929808095894,24.9833393042029,1393.480133044765,800,283.9045800148239,1125353.974457498,0.04980493150514965,24.89234565462387,1291.682845547293,0.499929808095894,0.4980493150514965,0.0004,0.000733462764378346,0.0004071891499898874,-0.003308966228750876,-0.0972569457399004,-3.446984919719398e-10,5.893525667488575e-10,2.91038304567337e-11,-6.482661629725328e-15,-2.206568261442499e-15,-8.604228440844963e-15,0,0
290.4,1800,101.7791009078114,1000,285.0483765896722,1249348.5020898,0.04999294453538614,24.98332213770682,1393.448545886561,800,283.9044242497305,1125302.342240385,0.04980336405280279,24.89156263940182,1291.66944497875,0.4999294453538614,0.4980336405280279,0.0004,0.0007333555598299972,0.0004071164036312457,-0.003326132724822628,-0.09803996096195533,-4.474713932722807e-10,3.528839442878962e-10,-8.003553375601768e-11,-9.036174586363188e-15,-6.578071420904053e-15,-1.557087792036782e-14,0,0
292.8,1800,101.7611257850538,1000,285.0480372397762,1249312.090863621,0.04999290863155294,24.98330514478521,1393.417336518577,800,283.904270416544,1125250.91653182,0.04980179677417544,24.89077970629598,1291.656210733524,0.4999290863155293,0.4980179677417544,0.0004,0.0007332496858681898,0.0004070445031402151,-0.003343125646441791,-0.09882289406779421,-1.164153218269348e-10,4.547473508864641e-10,5.857145879417658e-10,-1.034892657680864e-14,4.163336342344337e-16,-9.867107131356079e-15,0,0
295.2,1800,101.7433600541697,1000,285.0477019432032,1249276.113021505,0.04999287309377899,24.98328832341863,1393.386500531049,800,283.9041184881779,1125199.694431576,0.04980022966682855,24.88999685415359,1291.64314047688,0.4999287309377899,0.4980022966682854,0.0004,0.0007331451238150385,0.0004069734402166787,-0.003359947013017006,-0.09960574621018381,-2.901288098655641e-10,4.69299266114831e-10,1.964508555829525e-10,-9.257785510419225e-15,-8.881784197001252e-16,-1.00752739484733e-14,0,0
297.6,1800,101.7258016222274,1000,285.04737065268,1249240.56350802,0.04999283791779284,24.98327167160605,1393.356033554784,800,283.9039684382238,1125148.673111926,0.04979866272838389,24.88921408185068,1291.630231932556,0.4999283791779284,0.4979866272838389,0.0004,0.0007330418554604512,0.0004069032064889097,-0.003376598825596488,-0.1003885185130891,-2.301021595485508e-10,6.96672941558063e-10,4.874891601502895e-10,-1.075918867887715e-14,-5.23192600354605e-15,-1.594557819117881e-14,0,0
300,1800,101.7084484044046,1000,285.0470433214413,1249205.437321995,0.04999280309936882,24.98325518736791,1393.325931267864,800,283.9038202407264,1125097.849793781,0.04979709595650411,24.88843138828262,1291.617482863459,0.4999280309936882,0.4979709595650411,0.0004,0.0007329398629076731,0.0004068337936176185,-0.003393083063741642,-0.1011712120811517,-2.219167072325945e-10,6.639311322942376e-10,4.583853296935558e-10,-6.752844811108716e-15,-1.1518563880486e-15,-7.799316747991725e-15,0,0
302.4,1800,101.6912983122061,1000,285.0467199031873,1249170.729512246,0.04999276863432352,24.98323886874439,1393.296189391793,800,283.9036738702771,1125047.221756421,0.04979552934890099,24.8876487723679,1291.604891079587,0.4999276863432351,0.4979552934890099,0.0004,0.0007328391286366932,0.0004067651932488243,-0.00340940168725723,-0.1019538279958674,-3.783497959375381e-10,5.893525667488575e-10,-3.637978807091713e-12,-1.086500681091174e-14,-3.996802888650564e-15,-1.480759959093803e-14,0,0
304.8,1800,101.6743492505639,1000,285.0464003520724,1249136.435176055,0.04999273451851464,24.98322271379491,1393.266803690384,800,283.9035293020332,1124996.786339764,0.04979396290333717,24.88686623304914,1291.59245443982,0.4999273451851464,0.4979396290333717,0.0004,0.0007327396355185628,0.0004066973970022554,-0.003425556636742044,-0.102736367314634,-1.882654032669961e-10,2.255546860396862e-10,-1.782609615474939e-10,-7.94850296692573e-15,-5.301314942585122e-15,-1.318389841742373e-14,0,0
307.2,1800,101.6575991354339,1000,285.0460846227508,1249102.549464197,0.04999270074784493,24.9832067206,1393.237769973988,800,283.9033865115642,1124946.540927827,0.0497923966176124,24.88608376928643,1291.580170838554,0.4999270074784493,0.497923966176124,0.0004,0.0007326413667084307,0.0004066303965417355,-0.003441549831649127,-0.1035188310773449,-8.549250196665525e-11,3.03771230392158e-10,4.729372449219227e-10,-5.948366799124472e-15,-7.008282842946301e-15,-1.290634266126744e-14,0,0
309.6,1800,101.6410458825937,1000,285.0457726703389,1249069.067576927,0.04999266731825908,24.9831908872598,1393.209084095993,800,283.9032454749404,1124896.482958147,0.04979083048957138,24.88530138006114,1291.568038213399,0.4999266731825908,0.4979083048957138,0.0004,0.0007325443057071934,0.000406564183530375,-0.00345738317184896,-0.1043012203026308,4.18367562815547e-11,6.83940015733242e-10,9.749783203005791e-10,-1.068329452680317e-14,4.996003610813204e-16,-1.013078509970455e-14,0,0
312,1800,101.6246874096989,1000,285.0454644504163,1249035.984764051,0.04999263422574365,24.98317521189406,1393.180741952932,800,283.9031061687099,1124846.609919515,0.0497892645171019,24.88451906437497,1291.556054543233,0.4999263422574364,0.497892645171019,0.0004,0.0007324484363458668,0.0004064987496387957,-0.003473058537583285,-0.105083535988804,-1.973603502847254e-10,8.731149137020111e-10,4.620233085006475e-10,-7.055554057666669e-15,-7.605027718682322e-15,-1.458555498601299e-14,0,0
314.4,1800,101.6085216467554,1000,285.045159919052,1249003.296327648,0.04999260146632939,24.98315969264321,1393.152739486774,800,283.9029685698048,1124796.919341787,0.04978769869812628,24.88373682124596,1291.544217840019,0.4999260146632939,0.4978769869812628,0.0004,0.0007323537427201481,0.0004064340865870217,-0.003488577788438363,-0.1058657791178135,-3.128661774098873e-10,5.475158104673028e-10,2.510205376893282e-10,-1.060740037472918e-14,-3.858025010572419e-15,-1.439126595670359e-14,0,0
316.8,1800,101.5925465265118,1000,285.04485903277,1248970.997618595,0.04999256903608836,24.98314432766699,1393.125072681946,800,283.9028326556177,1124747.40880415,0.04978613303060823,24.88295464971171,1291.532526155435,0.4999256903608835,0.4978613303060823,0.0004,0.0007322602092434772,0.0004063701861060472,-0.003503942764659485,-0.1066479506520572,-1.864464138634503e-10,8.767528925091028e-10,9.385985322296619e-10,-6.987032480365585e-15,1.679212324745549e-15,-5.218048215738236e-15,0,0
319.2,1800,101.5767599905971,1000,285.0445617485642,1248939.084037978,0.04999253693113499,24.983129115145,1393.097737566492,800,283.9026984039426,1124698.075928728,0.0497845675125476,24.88217254882689,1291.520977575895,0.4999253693113498,0.497845675125476,0.0004,0.0007321678206071574,0.0004063070399623884,-0.003519155286642928,-0.1074300515368805,-6.002665031701326e-11,4.729372449219227e-10,4.292814992368221e-10,-2.84147705365001e-15,-3.594347042223944e-15,-6.356026815979021e-15,0,0
321.6,1800,101.561159993576,1000,285.0442680239036,1248907.551037697,0.04999250514762664,24.98311405327697,1393.070730212637,800,283.9025657929374,1124648.918376605,0.04978300214197703,24.88139051766165,1291.509570219061,0.4999250514762664,0.4978300214197703,0.0004,0.0007320765617524902,0.0004062446399743039,-0.003534217154676611,-0.1082120827021242,-1.382431946694851e-10,6.912159733474255e-10,3.383320290595293e-10,-7.262419832176903e-15,-3.733124920302089e-15,-1.090794121694216e-14,0,0
324,1800,101.5457444946433,1000,285.043977816705,1248876.394117574,0.0499924736817613,24.98309914028158,1393.044046734306,800,283.9024348011881,1124599.933854745,0.04978143691696764,24.88060855530434,1291.498302239663,0.499924736817613,0.4978143691696764,0.0004,0.0007319864179173055,0.000406182977978573,-0.003549130150066304,-0.1089940450594327,-3.183231456205249e-10,8.803908713161945e-10,8.11269273981452e-10,-9.612536461256482e-15,-5.634381849972669e-15,-1.518229986174902e-14,0,0
326.4,1800,101.5305114685241,1000,285.0436910853588,1248845.608828016,0.0499924425297797,24.98308437439755,1393.01768328935,800,283.9023054076108,1124551.120105411,0.04977987183562027,24.87982666085736,1291.487171820826,0.499924425297797,0.4977987183562027,0.0004,0.0007318973745666098,0.0004061220458740963,-0.003563896034101788,-0.1097759395064095,-5.184119800105691e-11,6.275513442233205e-10,5.966285243630409e-10,-4.841613221451269e-15,-1.290634266126744e-15,-6.050715484207103e-15,0,0
328.8,1800,101.5154589015083,1000,285.0434077887115,1248815.190768386,0.04999241168796385,24.98306975388293,1392.991636078059,800,283.9021775914787,1124502.474909231,0.04977830689606803,24.87904483343834,1291.47617717655,0.4999241168796384,0.4977830689606803,0.0004,0.0007318094174124035,0.0004060618356060331,-0.003578516548717658,-0.1105577669254352,-5.093170329928398e-11,7.366907084360719e-10,7.09405867382884e-10,-7.252011491321042e-15,1.165734175856414e-15,-6.022959908591474e-15,0,0
331.2,1800,101.5005847885707,1000,285.043127886056,1248785.135585685,0.04999238115263615,24.98305527701467,1392.965901342206,800,283.9020513324458,1124453.996087469,0.04977674209647811,24.87826307218102,1291.465316553635,0.4999238115263615,0.497767420964781,0.0004,0.0007317225324290793,0.0004060023391542827,-0.003592993416972945,-0.1113395281827465,-9.00399754755199e-11,4.911271389573812e-10,4.18367562815547e-10,-7.96194707386455e-15,-2.442490654175344e-15,-1.033895191682177e-14,0,0
333.6,1800,101.4858871422502,1000,285.0428513371493,1248755.438976562,0.04999235092016091,24.98304094208936,1392.940475366635,800,283.9019266104611,1124405.681493101,0.04977517743504445,24.8774813762318,1291.454588224384,0.4999235092016091,0.4977517743504445,0.0004,0.0007316367057950756,0.000405943548569001,-0.003607328342283722,-0.1121212241319682,-3.219611244276166e-10,8.549250196665525e-10,7.8580342233181e-10,-5.356392412947386e-15,-5.828670879282072e-15,-1.110223024625157e-14,0,0
336,1800,101.4713639871918,1000,285.0425781021943,1248726.096685315,0.04999232098694272,24.98302674742243,1392.915354477586,800,283.9018034058136,1124357.529015445,0.04977361290999151,24.87669974475148,1291.443990490394,0.4999232098694272,0.4977361290999151,0.0004,0.0007315519239231543,0.0004058854559487672,-0.003621523009218919,-0.1129028556122869,-1.618900569155812e-10,8.62200977280736e-10,7.166818249970675e-10,-8.290677172562155e-15,-2.164934898019055e-15,-1.040834085586084e-14,0,0
338.4,1800,101.4570133603752,1000,285.0423081418338,1248697.104503511,0.04999229134942618,24.98301269134803,1392.890535042248,800,283.9016816991233,1124309.536579382,0.0497720485195737,24.87591817691499,1291.433521681873,0.4999229134942618,0.497720485195737,0.0004,0.0007314681734549831,0.0004058280534415007,-0.003635579083617557,-0.1136844234487775,-1.600710675120354e-10,8.840288501232862e-10,9.749783203005791e-10,-3.883612181843077e-15,-7.494005416219807e-16,-4.565792188770956e-15,0,0
340.8,1800,101.442833316567,1000,285.0420414171639,1248668.458270916,0.04999226200409655,24.98299877221938,1392.866013469763,800,283.9015614712912,1124261.702139751,0.04977048426207049,24.87513667190917,1291.423180153196,0.4999226200409655,0.4977048426207049,0.0004,0.0007313854412255714,0.0004057713332662679,-0.003649498212269009,-0.1144659284545995,-2.037268131971359e-10,7.203198038041592e-10,2.983142621815205e-10,-5.166006511458932e-15,4.579669976578771e-16,-4.649058915617843e-15,0,0
343.2,1800,101.4288219236253,1000,285.0417778897136,1248640.153873832,0.04999223294747851,24.98298498840812,1392.841786209563,800,283.9014427035326,1124214.023685282,0.04976892013578996,24.87435522893432,1291.412964285938,0.4999223294747851,0.4976892013578996,0.0004,0.0007313037142875,0.000405715287694501,-0.003663282023524062,-0.1152473714294509,-2.419255906715989e-10,8.276401786133647e-10,8.330971468240023e-10,-5.140419340188274e-15,-9.159339953157541e-16,-5.953570969552402e-15,0,0
345.6,1800,101.4149772646397,1000,285.0415175214494,1248612.187245208,0.04999220417613612,24.98297133830437,1392.817849751613,800,283.9013253773567,1124166.499235899,0.04976735613906641,24.87357384720314,1291.402872486973,0.4999220417613612,0.4976735613906641,0.0004,0.0007312229798957832,0.0004056599090585587,-0.003676932127277155,-0.1160287531606272,3.456079866737127e-11,6.584741640836e-10,7.130438461899757e-10,-2.543971977519988e-15,1.415534356397075e-15,-1.068589661201713e-15,0,0
348,1800,101.4012974403618,1000,285.0412602747738,1248584.5543647,0.0499921756866729,24.9829578203167,1392.794200626347,800,283.9012094745362,1124119.126840136,0.04976579227025813,24.8727925259397,1291.392903185985,0.499921756866729,0.4976579227025813,0.0004,0.0007311432254878782,0.000405605189761447,-0.003690450114948618,-0.1168100744240697,4.18367562815547e-11,6.584741640836e-10,9.531504474580288e-10,-8.367438686374129e-15,-1.65145674912992e-15,-9.936496070395151e-15,0,0
350.4,1800,101.3877805651066,1000,285.0410061125132,1248557.251257331,0.04999214747573078,24.98294443287167,1392.770835403566,800,283.901094977144,1124071.904578346,0.04976422852775025,24.87201126438071,1291.38305483846,0.4999214747573078,0.4976422852775025,0.0004,0.000731064438707679,0.0004055511222604264,-0.003703837559978496,-0.1175913359830574,-1.546140993013978e-10,7.47604644857347e-10,6.148184183984995e-10,-8.448537008876045e-15,1.249000902703301e-16,-8.229528170033973e-15,0,0
352.8,1800,101.3744247711975,1000,285.0407549979238,1248530.273993988,0.04999211953999041,24.98293117441397,1392.747750692903,800,283.9009818675054,1124024.830558102,0.04976266490995072,24.8712300617737,1291.373325921705,0.499921195399904,0.4976266490995072,0.0004,0.0007309866073736412,0.0004054976990847899,-0.003717096017673782,-0.1183725385900729,-2.619344741106033e-10,8.803908713161945e-10,4.074536263942719e-10,-8.195267381383431e-15,-4.635181127810029e-15,-1.273980920757367e-14,0,0
355.2,1800,101.3612282076615,1000,285.0405068946829,1248503.618690724,0.04999209187617067,24.98291804340619,1392.724943143054,800,283.9008701282046,1123977.902914786,0.04976110141529094,24.87044891737725,1291.363714935392,0.4999209187617066,0.4976110141529093,0.0004,0.0007309097194831393,0.000405444912830646,-0.003730227025457111,-0.119153682986525,2.419255906715989e-10,5.729816621169448e-10,6.002665031701326e-10,-5.462210544981971e-15,-4.718447854656915e-15,-1.011690731189674e-14,0,0
357.6,1800,101.3481890383107,1000,285.0402617668825,1248477.281507901,0.0499920644810278,24.98290503832843,1392.702409441212,800,283.9007597421008,1123931.119813109,0.04975953804222691,24.86966783046158,1291.354220402901,0.499920644810278,0.4975953804222691,0.0004,0.0007308337632232087,0.0004053927561532427,-0.003743232103222027,-0.1199347699021871,2.237356966361403e-10,5.729816621169448e-10,8.149072527885437e-10,-6.25064236481343e-15,-7.771561172376096e-15,-1.394717674685353e-14,0,0
360,1800,101.3353054459465,1000,285.0400195790331,1248451.258650604,0.04999203735135593,24.9828921576785,1392.680146313317,800,283.9006506922824,1123884.479442429,0.04975797478923545,24.86888680030675,1291.344840867371,0.4999203735135593,0.4975797478923545,0.0004,0.0007307587269389642,0.0004053412217837858,-0.003756112753151797,-0.1207158000570168,2.255546860396862e-10,5.347828846424818e-10,7.785274647176266e-10,-7.367804283342494e-15,-2.400857290751901e-15,-9.658940314238862e-15,0,0
362.4,1800,101.3225756294564,1000,285.0397802960536,1248425.546367642,0.04999201048398613,24.98287939997153,1392.658150523184,800,283.90054296209,1123837.980019146,0.04975641165481604,24.86810582620352,1291.335574893727,0.4999201048398613,0.4975641165481604,0.0004,0.0007306845991498175,0.0004052903025178257,-0.003768870460120866,-0.1214967741602493,1.091393642127514e-11,5.184119800105691e-10,7.821654435247183e-10,-3.421308375495258e-15,-1.582067810090848e-15,-4.940492459581947e-15,0,0
364.8,1800,101.309997803291,1000,285.0395438832667,1248400.140951027,0.04999198387578594,24.98286676373973,1392.636418872136,800,283.9004365351192,1123791.61978697,0.04975484863749111,24.86732490745352,1291.326421068845,0.4999198387578594,0.4975484863749111,0.0004,0.0007306113685507589,0.0004052399912131641,-0.003781506691918679,-0.1222776929102523,-5.275069270282984e-11,7.239577826112509e-10,9.276845958083868e-10,-2.276824562219559e-15,-3.469446951953614e-15,-5.689893001203927e-15,0,0
367.2,1800,101.2975702007618,1000,285.0393103064011,1248375.038736134,0.04999195752365955,24.98285424753249,1392.614948198991,800,283.900331395181,1123745.397012652,0.04975328573580255,24.86654404336754,1291.31737799823,0.4999195752365955,0.4975328573580254,0.0004,0.000730539023985837,0.0004051902808030473,-0.003794022899160865,-0.1230585569962273,1.982698449864984e-10,5.184119800105691e-10,9.677023626863956e-10,-2.292870754372345e-15,-3.747002708109903e-16,-2.609024107869118e-15,0,0
369.6,1800,101.2852910720972,1000,285.0390795315824,1248350.236100885,0.04999193142454719,24.98284184991602,1392.593735379487,800,283.9002275263184,1123699.309987936,0.04975172294831323,24.86576323326631,1291.30844430739,0.4999193142454718,0.4975172294831323,0.0004,0.0007304675544591172,0.0004051411642883886,-0.003806420515623188,-0.1238393670974567,2.473825588822365e-10,6.220943760126829e-10,1.120497472584248e-09,-2.827165584973201e-15,1.929012505286209e-15,-8.604228440844963e-16,0,0
372,1800,101.2731586848979,1000,285.0388515253323,1248325.729465442,0.04999190557542468,24.98282956947328,1392.57277732594,800,283.900124912797,1123653.357028302,0.04975016027360601,24.86498247647998,1291.299618641042,0.4999190557542467,0.49750160273606,0.0004,0.0007303969491283369,0.0004050926347395916,-0.003818700958365895,-0.1246201238837941,-9.640643838793039e-11,3.983586793765426e-10,3.237801138311625e-10,-5.930152202626715e-15,-7.938094626069869e-15,-1.38222766565832e-14,0,0
374.4,1800,101.2611713245078,1000,285.0386262545626,1248301.515291797,0.04999187997330332,24.98281740480376,1392.552070986903,800,283.900023539097,1123607.536472329,0.04974859771028316,24.8642017723479,1291.290899662395,0.4999187997330332,0.4974859771028315,0.0004,0.0007303271972991588,0.0004050446852980312,-0.003830865627882929,-0.12540082801587,-2.546585164964199e-11,5.948095349594951e-10,3.601599019020796e-10,-3.929148673087468e-15,-1.137978600240785e-15,-5.023759186428833e-15,0,0
376.8,1800,101.2493272936854,1000,285.0384036865742,1248277.590083512,0.0499918546152294,24.98280535452342,1392.531613346956,800,283.8999233899141,1123561.84668171,0.04974703525696636,24.86342112021859,1291.282286053271,0.499918546152294,0.4974703525696636,0.0004,0.0007302582884261664,0.0004049973091747415,-0.003842915908229827,-0.1261814801451813,2.728484105318785e-10,5.329638952389359e-10,1.065927790477872e-09,-4.404029224636119e-15,-2.05391259555654e-15,-6.38378239159465e-15,0,0
379.2,1800,101.2376249133376,1000,285.0381837890503,1248253.950385049,0.04999182949828394,24.98279341726439,1392.511401426069,800,283.899824450144,1123516.286039496,0.04974547291229531,24.86264051944907,1291.273776512732,0.4999182949828394,0.4974547291229531,0.0004,0.0007301902121018538,0.0004049504996533505,-0.003854853167261751,-0.1269620809147014,1.527951098978519e-10,6.348273018375039e-10,8.11269273981452e-10,-4.662936703425657e-15,-3.136380044566067e-15,-7.743805596760467e-15,0,0
381.6,1800,101.2260625224571,1000,285.0379665300537,1248230.5927815,0.04999180461958212,24.98278159167489,1392.49143227937,800,283.8997267048803,1123470.852950039,0.04974391067492758,24.86185996940483,1291.265369756913,0.4999180461958211,0.4974391067492758,0.0004,0.0007301229580553008,0.0004049042500898286,-0.003866678756757835,-0.1277426309589451,3.365130396559834e-10,5.311449058353901e-10,8.985807653516531e-10,-6.879913305724017e-15,-5.773159728050814e-15,-1.25732757538799e-14,0,0
384,1800,101.2146384782541,1000,285.0377518780246,1248207.51389819,0.04999177997627324,24.98276987641908,1392.471702996918,800,283.89963013941,1123425.545838424,0.04974234854353828,24.86107946945959,1291.257064518664,0.4999177997627324,0.4974234854353827,0.0004,0.0007300565161493123,0.0004048585539130163,-0.003878394012563291,-0.1285231309041777,2.637534635141492e-10,7.275957614183426e-10,1.251464709639549e-09,-4.660334618211692e-15,-5.023759186428833e-15,-9.603429163007604e-15,0,0
386.4,1800,101.203351156239,1000,285.0375398017732,1248184.710400253,0.04999175556554025,24.98275827017687,1392.452210703131,800,283.8995347392067,1123380.363149764,0.04974078651681922,24.86029901899506,1291.248859546892,0.4999175556554024,0.4974078651681922,0.0004,0.000729990876375139,0.0004048134046249561,-0.003890000254777704,-0.1293035813687098,6.912159733474255e-11,5.384208634495735e-10,6.366462912410498e-10,-3.214876281854018e-15,-4.385380947269368e-15,-7.521760991835436e-15,0,0
388.8,1800,101.1921989443779,1000,285.0373302704736,1248162.178991472,0.04999173138459873,24.98274677164345,1392.432952556004,800,283.8994404899889,1123335.303355332,0.04973922459348434,24.85951861740331,1291.240753611627,0.4999173138459873,0.4973922459348434,0.0004,0.0007299260288930126,0.0004047687957775115,-0.00390149878819912,-0.130083982960457,1.800799509510398e-10,3.637978807091713e-10,3.383320290595293e-10,-3.163268258443708e-15,-5.412337245047638e-15,-8.493206138382448e-15,0,0
391.2,1800,101.1811802364905,1000,285.037123253648,1248139.916413063,0.04999170743069581,24.98273537952883,1392.413925745796,800,283.8993473777813,1123290.364959199,0.04973766277227508,24.85873826408947,1291.232745509306,0.4999170743069581,0.4973766277227508,0.0004,0.0007298619640744473,0.000404724720945962,-0.003912890902814326,-0.1308643362742998,-1.127773430198431e-10,5.638867150992155e-10,4.765752237290144e-10,-7.781969513231957e-15,-2.081668171172169e-15,-9.797718192317006e-15,0,0
393.6,1800,101.170293465917,1000,285.036918721204,1248117.919447371,0.0499916837011135,24.98272409255933,1392.395127498475,800,283.899255388564,1123245.546460824,0.04973610105192907,24.85795795845683,1291.224834032558,0.499916837011135,0.4973610105192907,0.0004,0.0007297986722604637,0.0004046811738636679,-0.003924177872317358,-0.131644641906945,6.730260793119669e-11,5.566107574850321e-10,6.439222488552332e-10,-1.195571419643215e-14,-5.190292640122607e-15,-1.704192342799615e-14,0,0
396,1800,101.1595370744967,1000,285.0367166433943,1248096.184913629,0.04999166019316501,24.98271290947585,1392.376555071921,800,283.8991645085893,1123200.846388783,0.04973453943120841,24.85717769992026,1291.217017997425,0.4999166019316501,0.4973453943120841,0.0004,0.0007297361439793967,0.0004046381482979868,-0.003935360955793499,-0.1324249004435103,1.818989403545856e-11,3.346940502524376e-10,6.111804395914078e-10,-1.975850039137583e-15,-3.191891195797325e-15,-5.079270337660091e-15,0,0
398.4,1800,101.1489095212394,1000,285.0365169908223,1248074.709668635,0.04999163690419514,24.98270182903415,1392.358205756439,800,283.899074724285,1123156.263290479,0.04973297790889101,24.85639748790213,1291.209296235199,0.4999163690419514,0.4973297790889101,0.0004,0.0007296743698815953,0.0004045956380849575,-0.003946441397499001,-0.133205112461642,2.000888343900442e-11,5.820766091346741e-10,8.585629984736443e-10,-3.15112519411187e-15,1.720845688168993e-15,-1.360023205165817e-15,0,0
400.8,1800,101.1384092826761,1000,285.0363197344385,1248053.490606323,0.0499916138315802,24.9826908500047,1392.340076874537,800,283.8989860222511,1123111.79573168,0.04973141648377026,24.85561732183207,1291.201667591861,0.499916138315802,0.4973141648377026,0.0004,0.0007296133407348861,0.0004045536371307044,-0.003957420426949909,-0.1339852785316964,4.18367562815547e-11,4.365574568510056e-10,5.020410753786564e-10,-5.577135975265435e-16,-4.440892098500626e-15,-4.912736883966318e-15,0,0
403.2,1800,101.1280348445823,1000,285.0361248455441,1248032.524658062,0.04999159097272807,24.98267997117277,1392.32216578112,800,283.898898389354,1123067.442306952,0.04972985515466377,24.85483720115122,1291.194130936537,0.4999159097272807,0.4972985515466377,0.0004,0.0007295530474922979,0.0004045121393783292,-0.003968299258875874,-0.1347653992125544,3.819877747446299e-11,5.966285243630409e-10,6.584741640836e-10,-8.053453737222327e-15,-3.33066907387547e-16,-8.326672684688674e-15,0,0
405.6,1800,101.1177847166778,1000,285.0359322957735,1248011.808790907,0.04999156832507685,24.9826691913378,1392.304469861873,800,283.8988118125411,1123023.201619218,0.04972829392039621,24.85405712530397,1291.186685145195,0.4999156832507685,0.4972829392039621,0.0004,0.0007294934811615585,0.000404471138866711,-0.003979079093848981,-0.1355454750598,1.455191522836685e-10,4.802132025361061e-10,8.803908713161945e-10,-9.468120731881413e-15,-1.110223024625157e-16,-9.46465128492946e-15,0,0
408,1800,101.1076574262022,1000,285.0357420570967,1247991.340007787,0.04999154588609486,24.98265850931339,1392.286986533653,800,283.898726278917,1122979.072288574,0.04972673277980665,24.8532770937416,1291.179329107451,0.4999154588609486,0.4972673277980664,0.0004,0.0007294346328596093,0.0004044306297048088,-0.003989761118258883,-0.1363255066221747,-1.546140993013978e-10,3.41970007866621e-10,-2.182787284255028e-11,-6.859096624012295e-15,-3.635980405647388e-15,-1.043609643147647e-14,0,0
410.4,1800,101.0976515154962,1000,285.0355541018178,1247971.115347258,0.04999152365328066,24.98264792392725,1392.26971324406,800,283.8986417757681,1122935.05295445,0.04972517173175042,24.85249710592304,1291.172061728563,0.4999152365328066,0.4972517173175042,0.0004,0.0007293764938285076,0.0004043906060619847,-0.004000346504398067,-0.1371054944407284,4.911271389573812e-11,3.274180926382542e-10,4.038156475871801e-10,-5.874641051395457e-15,-4.496403249731884e-15,-1.02695629777827e-14,0,0
412.8,1800,101.0877655435868,1000,285.0353684025657,1247951.131882944,0.04999150162416233,24.98263743402098,1392.252647470949,800,283.8985582905382,1122891.142273182,0.04972361077509713,24.85171716131398,1291.164881927362,0.4999150162416233,0.4972361077509713,0.0004,0.0007293190554188949,0.0004043510621743471,-0.004010836410671459,-0.1378854390497928,-6.184563972055912e-11,4.620233085006475e-10,1.964508555829525e-10,-6.16087042493163e-15,-7.216449660063518e-16,-6.744604874597826e-15,0,0
415.2,1800,101.0779980840307,1000,285.0351849323025,1247931.386723633,0.04999147979629767,24.98262703845008,1392.235786722739,800,283.8984758108566,1122847.338921043,0.04972204990873315,24.85093725938798,1291.157788638708,0.4999147979629767,0.4972204990873315,0.0004,0.0007292623091096665,0.0004043119923361228,-0.004021231981568008,-0.1386653409757912,-9.458744898438454e-11,3.092281986027956e-10,1.091393642127514e-11,-9.289444213855802e-15,-6.494804694057166e-15,-1.568190022283034e-14,0,0
417.6,1800,101.0683477203777,1000,285.03500366432,1247911.877013776,0.04999145816727469,24.9826167360842,1392.219128538572,800,283.8983943245937,1122803.641599987,0.04972048913156642,24.85015739962886,1291.150780818194,0.4999145816727469,0.4972048913156641,0.0004,0.000729206246545551,0.0004042733908815107,-0.004031534347451071,-0.1394452007349081,2.364686224609613e-11,4.147295840084553e-10,4.620233085006475e-10,-6.031633525971358e-15,1.665334536937735e-16,-5.745404152435185e-15,0,0
420,1800,101.0588130634337,1000,285.0348245722064,1247892.599929296,0.04999143673470793,24.98260652580541,1392.202670484819,800,283.8983138196191,1122760.049012125,0.04971892844250497,24.84937758152048,1291.143857421385,0.4999143673470792,0.4971892844250496,0.0004,0.0007291508593710805,0.0004042352522537348,-0.004041744626242405,-0.1402250188432923,-2.78305378742516e-10,4.69299266114831e-10,-1.818989403545856e-11,-7.282369152150636e-15,-6.106226635438361e-16,-7.799316747991725e-15,0,0
422.4,1800,101.0493927355233,1000,285.0346476298717,1247873.552680603,0.04999141549624108,24.98259640650945,1392.186410157685,800,283.8982342840152,1122716.559882186,0.04971736784047601,24.84859780455569,1291.137017422162,0.4999141549624108,0.4971736784047601,0.0004,0.0007290961393772977,0.000404197570942093,-0.004051863922200027,-0.141004795808076,-1.000444171950221e-10,5.238689482212067e-10,4.474713932722807e-10,-8.057790545912269e-15,-4.163336342344337e-16,-8.354428260304303e-15,0,0
424.8,1800,101.0400853750568,1000,285.0344728115354,1247854.732511195,0.04999139444954585,24.98258637710516,1392.170345182049,800,283.8981557060097,1122673.17295067,0.04971580732441987,24.84781806823364,1291.130259806992,0.4999139444954585,0.4971580732441987,0.0004,0.0007290420784559336,0.0004041603415002273,-0.004061893326486654,-0.141784532130135,2.037268131971359e-10,4.94765117764473e-10,9.567884262651205e-10,-7.554720737878995e-15,-4.052314039881821e-15,-1.149080830487037e-14,0,0
427.2,1800,101.0308896361328,1000,285.0343000917222,1247836.136697257,0.04999137359232146,24.98257643651432,1392.154473210915,800,283.8980780739753,1122629.886973507,0.04971424689329,24.84703837205958,1291.123583574782,0.4999137359232146,0.4971424689329,0.0004,0.0007289886685982565,0.000404123558544531,-0.00407183391732957,-0.1425642283041917,5.275069270282984e-11,4.729372449219227e-11,1.236912794411182e-10,-6.350822645551091e-15,-5.273559366969494e-16,-6.772360450213455e-15,0,0
429.6,1800,101.0218041846003,1000,285.0341294452863,1247817.762550075,0.04999135292229687,24.98256658367258,1392.138791927693,800,283.8980013765007,1122586.700729771,0.04971268654605912,24.84625871554797,1291.116987743093,0.4999135292229687,0.4971268654605912,0.0004,0.000728935901944742,0.0004040872167384013,-0.004081686759064951,-0.1433438848157991,-2.964952727779746e-10,3.346940502524376e-10,5.820766091346741e-11,-8.117638505833469e-15,-4.107825191113079e-15,-1.212918654402984e-14,0,0
432,1800,101.0128277049002,1000,285.0339608473589,1247799.607410736,0.04999133243722621,24.98255681752742,1392.123299041556,800,283.8979256022579,1122543.613007443,0.04971112628170764,24.84547909821684,1291.110471336656,0.499913324372262,0.4971112628170764,0.0004,0.0007288837706932499,0.000404051310819601,-0.004091452904223303,-0.1441235021469325,-2.546585164964199e-10,5.893525667488575e-10,5.893525667488575e-10,-6.292709409105868e-15,4.440892098500626e-16,-5.745404152435185e-15,0,0
434.4,1800,101.0039588977495,1000,285.0337942733632,1247781.668651378,0.04999131213488984,24.98254713703859,1392.107992288538,800,283.8978507400418,1122500.622607823,0.0497095660992271,24.84469951958947,1291.104033390789,0.4999131213488984,0.4970956609922709,0.0004,0.0007288322671263086,0.000404015835590998,-0.004101133393053402,-0.1449030807742986,1.2732925824821e-11,4.074536263942719e-10,2.037268131971359e-10,-6.024694632067451e-15,-2.775557561562891e-16,-6.217248937900877e-15,0,0
436.8,1800,100.9951964778586,1000,285.0336296990191,1247763.943676079,0.04999129201309508,24.98253754117849,1392.092869432145,800,283.8977767788033,1122457.728348861,0.04970800599762302,24.8439199791958,1291.097672954287,0.4999129201309508,0.4970800599762302,0.0004,0.000728781383634292,0.0004039807859114344,-0.004110729253159917,-0.1456826211679711,8.731149137020111e-11,6.002665031701326e-10,7.09405867382884e-10,-1.000154820074428e-14,-6.605826996519681e-15,-1.654232306691483e-14,0,0
439.2,1800,100.9865391752392,1000,285.0334671003375,1247746.429919762,0.04999127206967539,24.98252802893172,1392.077928262755,800,283.8977037076276,1122414.929062894,0.04970644597591308,24.84314047657148,1291.091389087516,0.4999127206967539,0.4970644597591308,0.0004,0.0007287311127001303,0.0004039461567009566,-0.004120241499922628,-0.1464621237922863,5.093170329928398e-11,5.347828846424818e-10,3.710738383233547e-10,-5.56325818745762e-15,-1.304512053934559e-15,-6.827871601444713e-15,0,0
441.6,1800,100.9779857340175,1000,285.0333064536181,1247729.124848512,0.04999125230249043,24.98251859929523,1392.063166597455,800,283.897631515746,1122372.223597988,0.04970488603312816,24.84236101125842,1291.085180863437,0.4999125230249042,0.4970488603312816,0.0004,0.0007286814469074979,0.0004039119429360698,-0.004129671136414714,-0.1472415891053558,2.728484105318785e-11,4.18367562815547e-10,4.620233085006475e-10,-8.410806773273549e-15,2.386979502944087e-15,-5.939693181744587e-15,0,0
444,1800,100.969534910372,1000,285.0331477354702,1247712.02596136,0.04999123270942784,24.982509251279,1392.048582281889,800,283.897560192582,1122329.610822659,0.04970332616831638,24.84158158280661,1291.079047371517,0.4999123270942784,0.4970332616831638,0.0004,0.000728632378972139,0.0004038781396414879,-0.004139019152646028,-0.1480210175571592,-1.327862264588475e-10,5.748006515204906e-10,6.984919309616089e-10,-1.09877384968371e-14,-2.164934898019055e-15,-1.310063169057685e-14,0,0
446.4,1800,100.9611854795903,1000,285.0329909227396,1247695.130782636,0.04999121328839655,24.98249998390303,1392.03417318361,800,283.8974897275904,1122287.089608925,0.04970176638052873,24.84080219076752,1291.072987704019,0.4999121328839655,0.4970176638052873,0.0004,0.0007285839016321551,0.0004038447419183612,-0.004148286528614875,-0.1488004095962552,-3.456079866737127e-10,4.94765117764473e-10,1.709850039333105e-10,-1.026782825430672e-14,-2.942091015256665e-15,-1.315614284180811e-14,0,0
448.8,1800,100.9529362296057,1000,285.0328359925639,1247678.436867916,0.04999119403733191,24.98249079619969,1392.019937197073,800,283.8974201103922,1122244.658846587,0.04970020666883129,24.84002283469962,1291.067000967467,0.4999119403733191,0.4970020666883128,0.0004,0.0007285360077397381,0.0004038117449184228,-0.004157474231956115,-0.1495797656641464,-2.546585164964199e-11,3.601599019020796e-10,5.893525667488575e-10,-7.347421282499766e-15,5.551115123125783e-16,-6.716849298982197e-15,0,0
451.2,1800,100.9447859627373,1000,285.0326829223528,1247661.941801864,0.04999117495419386,24.98248168721285,1392.005872241912,800,283.8973513307334,1122202.31743889,0.04969864703230124,24.83924351416677,1291.061086279174,0.4999117495419385,0.4969864703230124,0.0004,0.0007284886902333946,0.0004037791438509493,-0.004166583218793818,-0.1503590861969997,-2.928572939708829e-10,2.473825588822365e-10,2.146407496184111e-10,-6.898995263959762e-15,-2.05391259555654e-15,-8.881784197001252e-15,0,0
453.6,1800,100.9367334954122,1000,285.0325316897844,1247645.643197854,0.04999115603696655,24.98247265599776,1391.991976262507,800,283.8972833784831,1122160.064302276,0.04969708747002716,24.83846422873806,1291.055242767095,0.4999115603696655,0.4969708747002716,0.0004,0.000728441942136762,0.0004037469339816489,-0.004175614433883368,-0.1511383716257129,-1.437001628801227e-10,5.020410753786564e-10,1.491571310907602e-10,-9.423885283244005e-15,3.33066907387547e-16,-8.992806499463768e-15,0,0
456,1800,100.9287776558569,1000,285.032382272828,1247629.538700383,0.0499911372836605,24.98246370162199,1391.978247230184,800,283.8972162436867,1122117.898371938,0.04969552798111316,24.83768497799002,1291.049469574327,0.4999113728366049,0.4969552798111316,0.0004,0.0007283957565946184,0.0004037151106234278,-0.004184568809655786,-0.1519176223737482,-2.801243681460619e-10,2.619344741106033e-10,-2.328306436538696e-10,-9.758686914107528e-15,1.082467449009528e-15,-8.576472865229334e-15,0,0
458.4,1800,100.9209172875514,1000,285.0322346496991,1247613.625980261,0.04999111869230838,24.98245482316351,1391.964683138945,800,283.8971499164755,1122075.818592353,0.04969396856467122,24.8369057615029,1291.043765851393,0.4999111869230838,0.4969396856467122,0.0004,0.0007283501268111449,0.0004036836691502058,-0.004193447268132644,-0.1526968388608658,-3.692548489198089e-10,6.111804395914078e-10,2.582964953035116e-10,-9.485467966641181e-15,1.942890293094024e-15,-7.41073868937292e-15,0,0
460.8,1800,100.913151248694,1000,285.032088798863,1247597.90273499,0.04999110026096548,24.98244601971088,1391.951282005906,800,283.8970843870782,1122033.823918601,0.04969240921982231,24.83612657886116,1291.038130757212,0.4999110026096547,0.4969240921982231,0.0004,0.0007283050460576996,0.0004036526049947761,-0.00420225072076974,-0.1534760215026125,-2.728484105318785e-11,3.819877747446299e-10,1.346052158623934e-10,-1.029992063861229e-14,-1.443289932012704e-15,-1.162958618294851e-14,0,0
463.2,1800,100.9054784100404,1000,285.0319446990484,1247582.366690354,0.04999108198771099,24.98243729036383,1391.938041872505,800,283.8970196458596,1121991.913320227,0.04969084994569951,24.835347429655,1291.032563462465,0.4999108198771099,0.4969084994569951,0.0004,0.0007282605076997206,0.0004036219136401614,-0.004210980067817616,-0.1542551707087689,1.928128767758608e-10,3.16504156216979e-10,5.275069270282984e-10,-4.71584576944295e-15,3.302913498259841e-15,-1.304512053934559e-15,0,0
465.6,1800,100.8978976557817,1000,285.0318023292376,1247567.015599188,0.04999106387064687,24.9824286342328,1391.924960803588,800,283.8969556833007,1121950.0857792,0.0496892907414464,24.83456831347957,1291.027063147806,0.4999106387064687,0.496892907414464,0.0004,0.0007282165051824467,0.0004035915906231267,-0.004219636198843801,-0.1550342868842023,-2.564775058999658e-10,4.401954356580973e-10,1.964508555829525e-10,-9.57307150217801e-15,3.885780586188048e-16,-9.048317650695026e-15,0,0
468,1800,100.8904078831945,1000,285.0316616686688,1247551.847241622,0.04999104590789821,24.98242005043907,1391.912036887585,800,283.8968924900047,1121908.340290592,0.04968773160621751,24.83378922993523,1291.02162900439,0.499910459078982,0.4968773160621751,0.0004,0.0007281730320351234,0.0004035616315327779,-0.004228219992576498,-0.1558133704285432,-8.913048077374697e-11,5.638867150992155e-10,7.312337402254343e-10,-5.244936429615876e-15,5.828670879282072e-16,-4.551914400963142e-15,0,0
470.4,1800,100.8830080013886,1000,285.0315226968598,1247536.859427779,0.04999102809761542,24.98241153811574,1391.899268238803,800,283.8968300567367,1121866.675866894,0.04968617253918211,24.83301017862926,1291.016260237415,0.4999102809761542,0.4968617253918211,0.0004,0.0007281300818993186,0.0004035320320055544,-0.004236732315906266,-0.156592421734512,-2.182787284255028e-10,1.564330887049437e-10,-4.365574568510056e-11,-8.181823274444611e-15,1.360023205165817e-15,-6.716849298982197e-15,0,0
472.8,1800,100.8756969341355,1000,285.0313853935226,1247522.049988532,0.04999101043796646,24.98240309640416,1391.88665298944,800,283.8967683743003,1121825.091524674,0.04968461353951283,24.83223115917056,1291.010956055304,0.4999101043796645,0.4968461353951283,0.0004,0.0007280876484424334,0.0004035027877365419,-0.004245174027484921,-0.1573714411932059,-2.601154847070575e-10,3.201421350240707e-10,3.128661774098873e-10,-9.967721092962734e-15,-2.775557561562891e-15,-1.262878690511116e-14,0,0
475.2,1800,100.8684736172945,1000,285.0312497386305,1247507.416782663,0.04999099292714283,24.98239472445673,1391.874189295837,800,283.8967074336384,1121783.586295471,0.04968305460639496,24.83145217117402,1291.005715678543,0.4999099292714282,0.4968305460639496,0.0004,0.000728045725428341,0.000403473894469178,-0.004253545974922446,-0.1581504291897495,-5.456968210637569e-12,2.546585164964199e-10,2.619344741106033e-10,-7.631915932559963e-15,2.831068712794149e-15,-4.690692279041286e-15,0,0
477.6,1800,100.8613369992418,1000,285.0311157123948,1247492.95769444,0.04999097556335761,24.98238642143589,1391.861875336271,800,283.8966472258034,1121742.159222539,0.04968149573902361,24.83067321425913,1291.000538337029,0.4999097556335761,0.496814957390236,0.0004,0.0007280043066962352,0.000403445347996967,-0.004261848995753326,-0.1589293861046421,2.546585164964199e-11,4.474713932722807e-10,2.582964953035116e-10,-1.158621809604909e-14,4.163336342344337e-16,-1.104671909502031e-14,0,0
480,1800,100.8542860409143,1000,285.0309832952628,1247478.670633277,0.04999095834484511,24.98237818651412,1391.849709310818,800,283.8965877419549,1121700.809360655,0.04967993693660356,24.82989428805,1290.995423269903,0.499909583448451,0.4967993693660356,0.0004,0.0007279633861592264,0.0004034171441636572,-0.004270083917532475,-0.1597083123137715,-1.291482476517558e-10,2.364686224609613e-10,3.528839442878962e-10,-5.746271514173174e-15,0,-5.606626274357041e-15,0,0
482.4,1800,100.8473197156754,1000,285.0308524679403,1247464.553536376,0.04999094126986306,24.98237001887479,1391.83768944342,800,283.8965289733852,1121659.535778713,0.04967837819835148,24.82911539217634,1290.990369727745,0.4999094126986306,0.4967837819835147,0.0004,0.0007279229578219565,0.0004033892788627017,-0.004278251556854684,-0.1604872081874262,5.638867150992155e-11,4.69299266114831e-10,5.493347998708487e-10,-1.359849732818219e-14,3.608224830031759e-16,-1.310063169057685e-14,0,0
484.8,1800,100.84043700909,1000,285.0307232113508,1247450.604364127,0.04999092433668887,24.98236191771056,1391.825813978092,800,283.8964709114781,1121618.337555573,0.04967681952349246,24.82833652627184,1290.985376969002,0.4999092433668887,0.4967681952349246,0.0004,0.0007278830157520151,0.00040336174803636,-0.004286352721091902,-0.1612660740919267,3.219611244276166e-10,5.784386303275824e-10,6.912159733474255e-10,-1.510336994359207e-14,2.331468351712829e-15,-1.262878690511116e-14,0,0
487.2,1800,100.8336369184206,1000,285.0305955066287,1247436.821099481,0.04999090754361894,24.98235388222295,1391.814081178313,800,283.8964135477078,1121577.213779618,0.04967526091125962,24.82755768997395,1290.980444259892,0.4999090754361894,0.4967526091125961,0.0004,0.0007278435540791397,0.0004033345476736822,-0.004294388208702316,-0.1620449103898167,-5.456968210637569e-11,6.730260793119669e-10,8.803908713161945e-10,-6.775829897165409e-15,-3.108624468950438e-15,-9.797718192317006e-15,0,0
489.6,1800,100.8269184529861,1000,285.0304693351437,1247423.201750577,0.04999089088897097,24.98234591162345,1391.802489329301,800,283.8963568736596,1121536.163551318,0.04967370236089617,24.82677888292496,1290.975570876315,0.4999089088897097,0.4967370236089617,0.0004,0.0007278045670105184,0.0004033076738119443,-0.004302358808196516,-0.1628237174388083,-1.2732925824821e-10,4.511093720793724e-10,3.456079866737127e-10,-8.520094352260088e-15,-7.494005416219807e-16,-9.131584377541913e-15,0,0
492,1800,100.8202806339164,1000,285.0303446784877,1247409.744349257,0.04999087437108269,24.98233800513297,1391.791036736736,800,283.8963008810213,1121495.185981988,0.04967214387165456,24.82600010477145,1290.970756102819,0.4999087437108269,0.4967214387165456,0.0004,0.0007277660488225538,0.0004032811225356654,-0.004310265298673954,-0.1636024955923254,-1.855369191616774e-10,6.075424607843161e-10,4.43833414465189e-10,-1.105018854197226e-14,2.081668171172169e-15,-8.854028621385623e-15,0,0
494.4,1800,100.8137224939421,1000,285.0302215184749,1247396.446951173,0.04999085798831199,24.98233016198183,1391.779721726841,800,283.8962455615822,1121454.280193915,0.04967058544279628,24.82522135516435,1290.965999232899,0.4999085798831199,0.4967058544279628,0.0004,0.0007277279938631909,0.0004032548899757685,-0.004318108449819391,-0.1643812451994222,-3.456079866737127e-11,4.583853296935558e-10,4.43833414465189e-10,-1.594384346770283e-14,1.77635683940025e-15,-1.40165656858926e-14,0,0
496.8,1800,100.8072430785026,1000,285.0300998371749,1247383.307639313,0.04999084173903975,24.98232238141117,1391.768542649352,800,283.8961909072594,1121413.445322942,0.04966902707359443,24.82444263376001,1290.96129957085,0.4999084173903974,0.4966902707359443,0.0004,0.000727690396566797,0.0004032289723140102,-0.00432588902048181,-0.1651599666037633,1.455191522836685e-11,5.456968210637569e-10,5.857145879417658e-10,-9.212249019174834e-15,-2.498001805406602e-15,-1.157407503171726e-14,0,0
499.2,1800,100.8008414427268,1000,285.0299796168161,1247370.3245136,0.04999082562166125,24.98231466266881,1391.757497868723,800,283.8961369100263,1121372.680511111,0.04966746876332721,24.82366394021724,1290.956656425996,0.4999082562166124,0.496674687633272,0.0004,0.0007276532514079699,0.0004032033657709071,-0.004333607762838199,-0.1659386601465336,2.382876118645072e-10,4.984030965715647e-10,7.60337570682168e-10,-9.649399335120989e-15,-1.360023205165817e-15,-1.093569679255779e-14,0,0
501.6,1800,100.7945166535937,1000,285.0298608398597,1247357.495698869,0.04999080963459273,24.98230700501247,1391.74658577084,800,283.8960835619685,1121331.984912412,0.04966591051128288,24.82288527419959,1290.952069117246,0.4999080963459273,0.4966591051128287,0.0004,0.0007276165529379668,0.000403178066614375,-0.004341265419181894,-0.1667173261641857,-1.036823960021138e-10,5.129550117999315e-10,4.329194780439138e-10,-1.243623259927773e-14,-2.05391259555654e-15,-1.432187701766452e-14,0,0
504,1800,100.7882677891785,1000,285.0297434889759,1247344.819342295,0.04999079377626942,24.98229940770869,1391.735804760859,800,283.8960308552668,1121291.357691007,0.04966435231675834,24.82210663537466,1290.947536971681,0.4999079377626942,0.4966435231675834,0.0004,0.0007275802957734449,0.0004031530711567138,-0.004348862722959979,-0.167495964989115,1.600710675120354e-10,4.18367562815547e-10,6.039044819772243e-10,-1.06433958868557e-14,-1.193489751472043e-15,-1.168509733417977e-14,0,0
506.4,1800,100.7820939384794,1000,285.0296275470406,1247332.293613093,0.04999077804514504,24.98229187003274,1391.72515326296,800,283.8959787821949,1121250.798021081,0.04966279417905885,24.82132802341403,1290.943059324481,0.4999077804514504,0.4966279417905884,0.0004,0.0007275444745958447,0.0004031283757539177,-0.004356400398911831,-0.168274576949738,-5.275069270282984e-11,5.20230969414115e-10,4.911271389573812e-10,-1.360630358382409e-14,-1.609823385706477e-15,-1.512678871051776e-14,0,0
508.8,1800,100.7759942021073,1000,285.029512997157,1247319.916704694,0.04999076243969387,24.98228439126948,1391.714629722228,800,283.8959273351354,1121210.30508848,0.04966123609749946,24.82054943799394,1290.93863552012,0.4999076243969387,0.4966123609749946,0.0004,0.0007275090841609617,0.0004031039768084292,-0.004363879162170292,-0.1690531623698313,6.912159733474255e-11,6.075424607843161e-10,9.276845958083868e-10,-9.750013296727644e-15,-3.413935800722356e-15,-1.304512053934559e-14,0,0
511.2,1800,100.7699676910911,1000,285.0293998226223,1247307.686831377,0.04999074695840774,24.98227697071201,1391.704232601695,800,283.8958765065581,1121169.87808834,0.04965967807140309,24.8197708787943,1290.934264910604,0.4999074695840773,0.4965967807140309,0.0004,0.0007274741192848342,0.0004030798707643643,-0.00437129971964012,-0.1698317215694694,2.055458026006818e-10,3.41970007866621e-10,5.675246939063072e-10,-1.234082280809901e-14,1.498801083243961e-15,-1.074140776324839e-14,0,0
513.6,1800,100.7640135264701,1000,285.0292880069145,1247295.602226667,0.04999073159979475,24.98226960766106,1391.693960380983,800,283.8958262890091,1121129.516223984,0.04965812010009953,24.81899234549828,1290.929946854513,0.4999073159979475,0.4965812010009952,0.0004,0.0007274395748361057,0.0004030560541058803,-0.004378662770584185,-0.1706102548654904,1.418811734765768e-10,1.855369191616774e-10,1.127773430198431e-10,-1.145958328230279e-14,-2.775557561562891e-16,-1.157407503171726e-14,0,0
516,1800,100.7581308401416,1000,285.0291775337192,1247283.661146335,0.04999071636238183,24.98226230142618,1391.683811558956,800,283.8957766751316,1121089.218709167,0.04965656218292734,24.81821383779321,1290.925680718815,0.4999071636238183,0.4965656218292734,0.0004,0.0007274054457505189,0.0004030325233605663,-0.004385969005468837,-0.1713887625705652,7.09405867382884e-11,5.857145879417658e-10,4.474713932722807e-10,-6.036837696399289e-15,-1.332267629550188e-15,-7.244205235679146e-15,0,0
518.4,1800,100.7523187743404,1000,285.0290683869169,1247271.861866918,0.04999070124471338,24.98225505132509,1391.673784652379,800,283.8957276576571,1121048.984767064,0.04965500431923302,24.81743535537014,1290.921465878039,0.4999070124471338,0.4965500431923301,0.0004,0.0007273717270243087,0.0004030092750973617,-0.004393219106553659,-0.1721672449936271,-3.001332515850663e-10,4.620233085006475e-10,4.147295840084553e-10,-9.685828528116502e-15,-4.524158825347513e-15,-1.404432126150823e-14,0,0
520.8,1800,100.7465764815959,1000,285.0289605505808,1247260.202685654,0.04999068624535136,24.98224785668377,1391.663878195832,800,283.8956792294035,1121008.813630289,0.04965344650837098,24.81665689792392,1290.917301714236,0.4999068624535136,0.4965344650837098,0.0004,0.0007273384137138855,0.0004029863059263834,-0.004400413747873699,-0.1729457024398471,2.91038304567337e-11,4.074536263942719e-10,6.83940015733242e-10,-3.839810414074663e-15,-2.886579864025407e-15,-6.605826996519681e-15,0,0
523.2,1800,100.7409031254303,1000,285.0288540090115,1247248.681924103,0.04999067136287823,24.98224071683777,1391.65409074481,800,283.8956313833053,1120968.704543613,0.04965188874970593,24.81587846515419,1290.91318761938,0.4999067136287823,0.4965188874970592,0.0004,0.0007273055009550389,0.0004029636125017214,-0.004407553593875235,-0.1737241352095786,-2.728484105318785e-11,3.383320290595293e-10,5.638867150992155e-10,-1.023053169957322e-14,-6.189493362285248e-15,-1.629252288637417e-14,0,0
525.6,1800,100.7352978780209,1000,285.0287487466461,1247237.29791837,0.04999065659588878,24.98223363112844,1391.644420867457,800,283.8955841123421,1120928.656756877,0.04965033104260674,24.81510005676263,1290.909122989436,0.4999065659588878,0.4965033104260674,0.0004,0.0007272729839154908,0.0004029411915120836,-0.004414639303206513,-0.174502543601136,3.637978807091713e-12,1.01863406598568e-10,-1.055013854056597e-10,-1.057400694781663e-14,-2.747801985947262e-15,-1.321165399303936e-14,0,0
528,1800,100.7297599220353,1000,285.0286447481269,1247226.049026456,0.04999064194299626,24.98222659890578,1391.634867150791,800,283.8955374095917,1120888.669530436,0.04964877338645123,24.8143216724551,1290.905107228756,0.4999064194299626,0.4964877338645123,0.0004,0.0007272408578300492,0.0004029190396881413,-0.004421671525872028,-0.1752809279086698,3.110471880063415e-10,4.292814992368221e-10,5.20230969414115e-10,-9.865372407880102e-15,2.636779683484747e-15,-7.133182933216631e-15,0,0
530.4,1800,100.724288449707,1000,285.0285419982781,1247214.933625931,0.04999062740283041,24.98221961952752,1391.625428198628,800,283.8954912682153,1120848.742133522,0.0496472157806246,24.81354331194096,1290.901139748921,0.4999062740283041,0.496472157806246,0.0004,0.0007272091179913658,0.0004028971537988282,-0.004428650904127807,-0.176059288422806,2.000888343900442e-11,1.855369191616774e-10,-1.455191522836685e-11,-1.049420966792169e-14,-1.082467449009528e-15,-1.146305272925474e-14,0,0
532.8,1800,100.7188826629788,1000,285.0284404821059,1247203.950113662,0.04999061297403736,24.98221269235906,1391.616102631499,800,283.8954456814556,1120808.873844116,0.0496456582245195,24.8127649749331,1290.89721996852,0.4999061297403736,0.496456582245195,0.0004,0.0007271777597481632,0.0004028755306519151,-0.004435578072584434,-0.1768376254306681,-2.546585164964199e-11,5.347828846424818e-10,5.238689482212067e-10,-9.099491993236342e-15,-6.938893903907228e-16,-9.686695889854491e-15,0,0
535.2,1800,100.7135417738987,1000,285.0283401848117,1247193.096907587,0.04999059865528101,24.98220581677413,1391.606889088014,800,283.8954006426483,1120769.06395011,0.04964410071753683,24.81198666114832,1290.893347314116,0.49990598655281,0.4964410071753682,0.0004,0.0007271467785129261,0.0004028541670955946,-0.004442453657521384,-0.1776159392154533,-9.094947017729282e-11,4.18367562815547e-10,3.492459654808044e-10,-1.154458473262565e-14,4.996003610813204e-16,-1.096345236817342e-14,0,0
537.6,1800,100.7082650039199,1000,285.0282410917736,1247182.372444387,0.04999058444524108,24.98219899215387,1391.597786223019,800,283.8953561452078,1120729.311747873,0.04964254325908467,24.81120837030679,1290.889521219099,0.4999058444524108,0.4964254325908467,0.0004,0.0007271161697527895,0.0004028330600156796,-0.004449278277782298,-0.1783942300569841,-7.275957614183426e-12,3.856257535517216e-10,6.257323548197746e-10,-6.620572146065484e-15,3.747002708109903e-15,-2.775557561562891e-15,0,0
540,1800,100.703051583014,1000,285.0281431885226,1247171.775177115,0.04999057034261107,24.98219221788589,1391.588792705442,800,283.8953121826135,1120689.616540786,0.04964098584857699,24.81043010213147,1290.885741122428,0.4999057034261107,0.4964098584857699,0.0004,0.0007270859289794262,0.0004028122063320561,-0.00445605254575554,-0.1791724982323011,-8.731149137020111e-11,1.891748979687691e-10,-1.127773430198431e-10,-1.036410540722343e-14,3.635980405647388e-15,-6.661338147750939e-15,0,0
542.4,1800,100.697900750627,1000,285.0280464607727,1247161.303578458,0.04999055634610117,24.98218549336562,1391.579907221111,800,283.8952687484309,1120649.977641349,0.04963942848543544,24.80965185634896,1290.882006470484,0.4999055634610117,0.4963942848543544,0.0004,0.0007270560517638733,0.0004027916030025081,-0.004462777066031265,-0.179950744014814,-1.800799509510398e-10,8.36735125631094e-11,-8.003553375601768e-11,-1.094003360124773e-14,-1.582067810090848e-15,-1.240674230018612e-14,0,0
544.8,1800,100.6928117553737,1000,285.0279508944084,1247150.956139284,0.04999054245443684,24.98217881799563,1391.571128471577,800,283.8952258363015,1120610.394370308,0.04963787116908861,24.80887363268913,1290.878316716203,0.4999054245443684,0.4963787116908861,0.0004,0.0007270265337296241,0.0004027712470214946,-0.004469452436016041,-0.1807289676746429,1.818989403545856e-11,4.329194780439138e-10,4.69299266114831e-10,-1.130085608425091e-14,-2.164934898019055e-15,-1.335043187111751e-14,0,0
547.2,1800,100.6877838547571,1000,285.0278564754824,1247140.73136844,0.0499905286663588,24.98217219118565,1391.562455173854,800,283.8951834399436,1120570.866056554,0.04963631389897195,24.80809543088509,1290.874671319097,0.499905286663588,0.4963631389897195,0.0004,0.0007269973705527736,0.0004027511354190283,-0.0044760792459968,-0.1815071694786781,-2.746673999354243e-10,3.856257535517216e-10,3.67435859516263e-10,-1.145004230318492e-14,8.881784197001252e-16,-1.043609643147647e-14,0,0
549.6,1800,100.6828163167977,1000,285.0277631902514,1247130.627796625,0.04999051498062616,24.98216561235403,1391.55388606374,800,283.895141553171,1120531.392039202,0.04963475667452945,24.80731725067402,1290.871069746942,0.4999051498062616,0.4963475667452945,0.0004,0.0007269685579755386,0.0004027312652671908,-0.004482658077613166,-0.1822853496897459,1.437001628801227e-10,6.111804395914078e-10,7.748894859105349e-10,-1.260623549992346e-14,5.578870698741412e-15,-6.855627177060342e-15,0,0
552,1800,100.6779084161285,1000,285.0276710250865,1247120.643966724,0.04999050139600835,24.98215908092397,1391.545419887667,800,283.8951001698445,1120491.971662466,0.04963319949520945,24.80653909179512,1290.867511471539,0.4999050139600835,0.4963319949520945,0.0004,0.0007269400917723105,0.000402711633664514,-0.004489189507673075,-0.1830635085686545,1.818989403545856e-12,3.565219230949879e-10,3.783497959375381e-10,-1.040487140890889e-14,2.498001805406602e-16,-1.001976279724204e-14,0,0
554.4,1800,100.6730594367432,1000,285.0275799665396,1247110.778440973,0.04999048791129114,24.98215259632632,1391.537055408626,800,283.8950592839084,1120452.604279482,0.04963164236046778,24.80576095399113,1290.863995971883,0.4999048791129114,0.4963164236046778,0.0004,0.0007269119677750659,0.0004026922377469727,-0.004495674105331915,-0.1838416463726382,-4.401954356580973e-10,3.274180926382542e-10,-9.094947017729282e-11,-7.401197710255047e-15,-1.082467449009528e-15,-8.382183835919932e-15,0,0
556.8,1800,100.6682686711608,1000,285.0274900013229,1247101.029798748,0.04999047452527483,24.98214615799868,1391.528791404417,800,283.8950188893798,1120413.289251145,0.04963008526976687,24.80498283700791,1290.860522733256,0.4999047452527483,0.4963008526976687,0.0004,0.0007268841818660494,0.0004026730746846433,-0.004502112432966499,-0.1846197633558617,-3.637978807091713e-12,2.946762833744287e-10,3.092281986027956e-10,-1.093049262212986e-14,-5.551115123125783e-16,-1.140754157802348e-14,0,0
559.2,1800,100.6635354204147,1000,285.0274011163071,1247091.396636319,0.04999046123677388,24.98213976538541,1391.52062666746,800,283.8949789803469,1120374.025945998,0.0496285282225754,24.80420474059432,1290.857091247045,0.4999046123677388,0.496285282225754,0.0004,0.0007268567299763635,0.000402654141681659,-0.004508505046239009,-0.1853978597694486,-1.546140993013978e-10,4.547473508864641e-10,5.493347998708487e-10,-3.824197902790871e-15,-8.881784197001252e-16,-4.662936703425657e-15,0,0
561.6,1800,100.6588589944377,1000,285.0273132985326,1247081.877568275,0.04999044804461834,24.98213341793804,1391.512560005793,800,283.8949395509762,1120334.813740948,0.04962697121836927,24.80342666450258,1290.853701011355,0.4999044804461834,0.4962697121836926,0.0004,0.0007268296080908403,0.0004026354359777506,-0.004514852493606725,-0.1861759358611899,-2.019078237935901e-10,6.148184183984995e-10,1.964508555829525e-10,-1.314660186269023e-14,1.77635683940025e-15,-1.124100812432971e-14,0,0
564,1800,100.6542387116876,1000,285.0272265351994,1247072.471226056,0.04999043494765242,24.98212711511485,1391.504590242151,800,283.8949005955053,1120295.652020541,0.04962541425663074,24.80264860848792,1290.850351530463,0.4999043494765242,0.4962541425663074,0.0004,0.0007268028122437044,0.0004026169548467506,-0.004521155316794534,-0.1869539918758463,-7.09405867382884e-11,5.820766091346741e-10,5.311449058353901e-10,-5.822599347116153e-15,3.441691376337985e-15,-2.248201624865942e-15,0,0
566.4,1800,100.6496738975823,1000,285.0271408136365,1247063.176255031,0.04999042194473213,24.98212085637957,1391.496716211184,800,283.8948621082299,1120256.540175509,0.04962385733684722,24.80187057230805,1290.847042313601,0.4999042194473213,0.4962385733684722,0.0004,0.000726776338508811,0.000402598695590329,-0.004527414052073908,-0.18773202805572,1.164153218269348e-10,5.275069270282984e-10,9.022187441587448e-10,-7.988401606873197e-15,-3.05311331771918e-16,-8.132383655379272e-15,0,0
568.8,1800,100.6451638861517,1000,285.0270561213355,1247053.991317888,0.04999040903472811,24.98211464120282,1391.488936762492,800,283.8948240835191,1120217.477604469,0.04962230045851285,24.80109255572381,1290.84377287634,0.4999040903472811,0.4962230045851285,0.0004,0.0007267501830107212,0.000402580655544607,-0.004533629228824054,-0.1885100446399619,3.456079866737127e-10,4.43833414465189e-10,8.076312951743603e-10,-1.01273156527526e-14,3.885780586188048e-16,-9.631184738623233e-15,0,0
571.2,1800,100.6407080193355,1000,285.0269724459366,1247044.915093241,0.04999039621652439,24.98210846906152,1391.481250759359,800,283.8947865158087,1120178.463713236,0.04962074362112778,24.80031455849889,1290.840542740024,0.4999039621652439,0.4962074362112777,0.0004,0.0007267243419201914,0.0004025628320773421,-0.004539801370128771,-0.1892880418648772,-3.456079866737127e-11,3.055902197957039e-10,2.946762833744287e-10,-1.205459343456283e-14,-1.471045507628332e-15,-1.346145417358002e-14,0,0
573.6,1800,100.6363056469363,1000,285.0268897752273,1247035.946275416,0.04999038348901835,24.9821023394388,1391.473657078673,800,283.8947493996016,1120139.497914723,0.04961918682419813,24.79953658039983,1290.837351431737,0.4999038348901835,0.4961918682419812,0.0004,0.0007266988114538926,0.0004025452225877452,-0.004545930992851055,-0.1900660199639361,-2.728484105318785e-11,4.656612873077393e-10,6.912159733474255e-10,-1.025395046649891e-14,2.775557561562891e-16,-9.853229343548264e-15,0,0
576,1800,100.6319561279936,1000,285.026808097173,1247027.083577777,0.04999037085112341,24.98209625182532,1391.466154613644,800,283.8947127294834,1120100.579630677,0.04961763006723746,24.79875862119667,1290.83419848565,0.4999037085112341,0.4961763006723746,0.0004,0.0007266735878852014,0.0004025278245119743,-0.004552018606325703,-0.1908439791671057,6.184563972055912e-11,3.383320290595293e-10,4.220055416226387e-10,-1.143096034494917e-14,1.137978600240785e-15,-1.018629625093581e-14,0,0
578.4,1800,100.6276588272754,1000,285.0267273998413,1247018.32572471,0.04999035830176236,24.98209020571614,1391.458742266991,800,283.8946765000824,1120061.708287535,0.04961607334976327,24.79798068066129,1290.831083439715,0.4999035830176236,0.4961607334976327,0.0004,0.0007266486675177221,0.0004025106353091014,-0.004558064715510568,-0.1916219197024844,2.692104317247868e-10,4.474713932722807e-10,7.421476766467094e-10,-7.75855074630627e-15,4.718447854656915e-16,-7.133182933216631e-15,0,0
580.8,1800,100.623413117798,1000,285.026647671457,1247009.671457237,0.04999034583987192,24.98208420061285,1391.451418955834,800,283.8946407060999,1120022.883319343,0.04961451667129944,24.79720275856863,1290.828005838036,0.4999034583987192,0.4961451667129944,0.0004,0.0007266240467042916,0.000402493652471192,-0.004564069818794536,-0.1923998417951367,1.109583536162972e-10,3.67435859516263e-10,5.020410753786564e-10,-8.054321098960315e-15,5.023759186428833e-15,-2.914335439641036e-15,0,0
583.2,1800,100.6192183801948,1000,285.0265689003855,1247001.119531478,0.04999033346440168,24.98207823602307,1391.44418361026,800,283.8946053422981,1119984.104166973,0.04961296003137561,24.79642485469634,1290.824965230066,0.4999033346440168,0.4961296003137561,0.0004,0.0007265997218405245,0.000402476873520779,-0.00457003440858017,-0.193177745667434,9.822542779147625e-11,3.237801138311625e-10,2.110027708113194e-10,-1.061043614081214e-14,6.38378239159465e-16,-9.853229343548264e-15,0,0
585.6,1800,100.6150740022717,1000,285.02649107513,1246992.668718351,0.04999032117431367,24.98207231146024,1391.437035173075,800,283.8945704035043,1119945.370277978,0.04961140342952709,24.79564696882471,1290.821961170803,0.4999032117431367,0.4961140342952709,0.0004,0.0007265756893664238,0.0004024602960090869,-0.004575958971404503,-0.1939556315390583,1.455191522836685e-11,5.056790541857481e-10,5.456968210637569e-10,-7.075937058509396e-15,5.190292640122607e-15,-1.804112415015879e-15,0,0
588,1800,100.6109793798123,1000,285.0264141843426,1246984.317804637,0.04999030896858333,24.9820664264441,1391.429972600756,800,283.8945358846113,1119906.68110716,0.04960984686529522,24.79486910073693,1290.818993220944,0.4999030896858332,0.4960984686529522,0.0004,0.0007265519457675527,0.0004024439175192492,-0.004581843987544687,-0.1947334996268424,-4.18367562815547e-11,3.92901711165905e-10,6.111804395914078e-10,-8.166210763160819e-15,3.747002708109903e-15,-4.357625371653739e-15,0,0
590.4,1800,100.6069339159719,1000,285.0263382168163,1246976.065592251,0.04999029684619889,24.98206058050038,1391.422994862819,800,283.8945017805786,1119868.036116197,0.04960829033822717,24.79409125021892,1290.816060946847,0.4999029684619888,0.4960829033822717,0.0004,0.0007265284875747783,0.0004024277356638877,-0.004587689931266681,-0.1955113501448551,-1.891748979687691e-10,3.819877747446299e-10,2.110027708113194e-10,-3.758278410703753e-15,9.603429163007604e-15,5.967448757360216e-15,0,0
592.8,1800,100.6029370201293,1000,285.026263161457,1246967.910895021,0.04999028480615861,24.9820547731595,1391.416100939069,800,283.8944680864123,1119829.434771982,0.04960673384787441,24.79331341705864,1290.813163918939,0.4999028480615861,0.4960673384787441,0.0004,0.000726505311351515,0.0004024117480805171,-0.00459349727214331,-0.1962891833051259,-9.094947017729282e-12,3.019522409886122e-10,3.092281986027956e-10,-6.990068246448544e-15,2.359223927328458e-15,-4.524158825347513e-15,0,0
595.2,1800,100.5989881091418,1000,285.0261890073119,1246959.852542012,0.04999027284747369,24.98204900395796,1391.409289822419,800,283.8944347971841,1119790.876548367,0.0496051773937944,24.79253560104689,1290.810301713278,0.4999027284747369,0.496051773937944,0.0004,0.0007264824137062205,0.0004023959524365673,-0.004599266473690022,-0.1970669993168777,-3.146851668134332e-10,2.000888343900442e-10,1.418811734765768e-10,-5.737597896793289e-15,1.221245327087672e-15,-4.385380947269368e-15,0,0
597.6,1800,100.5950866067462,1000,285.0261157435586,1246951.889376237,0.04999026096916703,24.98204327243772,1391.402560517762,800,283.8944019080251,1119752.360925496,0.04960362097554983,24.79175780197692,1290.807473911016,0.4999026096916702,0.4960362097554983,0.0004,0.0007264597912881272,0.000402380346426985,-0.004604997993922666,-0.1978447983868499,7.275957614183426e-11,3.128661774098873e-10,4.074536263942719e-10,-8.669280571194093e-15,4.884981308350689e-15,-3.663735981263017e-15,0,0
600,1800,100.5912319435845,1000,285.0260433595037,1246944.02025446,0.04999024917027322,24.98203757814625,1391.395912041898,800,283.8943694141243,1119713.887389723,0.04960206459270856,24.79098001964445,1290.804680098314,0.4999024917027322,0.4960206459270856,0.0004,0.0007264374407865107,0.0004023649277743379,-0.004610692285393014,-0.1986225807193236,-2.91038304567337e-11,3.637978807091713e-10,5.893525667488575e-10,-4.250939877881166e-15,2.220446049250313e-15,-1.887379141862766e-15,0,0
600.0000000012046,1800,100.5912319435824,1000,285.0260433595037,1246944.020254456,0.04999024917027321,24.98203757814625,1391.395912041895,800,283.8943694141241,1119713.887389704,0.04960206459270778,24.79098001964406,1290.804680098312,0.4999024917027321,0.4960206459270778,0.0004,0.0007264374407864998,0.0004023649277743297,-0.004610692285396567,-0.1986225807197144,-6.184563972055912e-11,3.383320290595293e-10,5.311449058353901e-10,-4.954370247389761e-15,1.804112415015879e-15,-2.997602166487923e-15,0,0
600.0000000012046,1800,100.5912319435824,1000,285.0260433595037,1246944.020254456,0.04999024917027321,24.98203757814625,1391.395912041895,800,283.8943694141241,1119713.887389704,0.04960206459270778,24.79098001964406,1290.804680098312,0.4999024917027321,0.4960206459270778,0.0002,0.0007264374407864998,0.0004023649277743297,-0.004610692285396567,-0.1986225807197144,-6.184563972055912e-11,3.383320290595293e-10,5.311449058353901e-10,-4.954370247389761e-15,1.804112415015879e-15,-2.997602166487923e-15,0,0
602.4,1800,100.5958518499083,1000,285.0260645008294,1246922.016767389,0.0499892773624552,24.98155187995866,1391.397853869919,800,283.8943382662334,1119675.556637429,0.0496005083296495,24.79020229393305,1290.802002020011,0.4998927736245519,0.496005083296495,0.0002,0.0007264160161600885,0.0004023834073996331,-0.00509639047298549,-0.199400306430725,-2.273736754432321e-10,1.491571310907602e-10,-5.456968210637569e-11,-6.332608049053334e-15,4.746203430272544e-15,-1.332267629550188e-15,0,0
604.8,1800,100.6001891693745,1000,285.0260846281577,1246899.904797132,0.04998830546294664,24.98106613878177,1391.399702564585,800,283.8943093217658,1119637.459466286,0.04959895226245181,24.78942466080311,1290.799513395211,0.4998830546294664,0.4959895226245181,0.0002,0.0007263961071616849,0.000402400756677498,-0.005582131649873645,-0.2001779395606604,-4.18367562815547e-11,4.110916052013636e-10,1.564330887049437e-10,-6.379445582904708e-15,2.109423746787797e-15,-3.996802888650564e-15,0,0
607.2,1800,100.6042618325489,1000,285.0261038023171,1246877.690852468,0.04998733347724967,24.98058035719528,1391.401463712754,800,283.8942824371665,1119599.580650209,0.04959739637834753,24.78864711421941,1290.797201880205,0.4998733347724967,0.4959739637834752,0.0002,0.0007263776150416415,0.0004024170473301956,-0.006067913236368128,-0.200955486144359,-1.036823960021138e-10,3.819877747446299e-10,2.91038304567337e-10,-4.804316666717767e-15,2.331468351712829e-15,-2.192690473634684e-15,0,0
609.6,1800,100.6080872669752,1000,285.0261220824768,1246855.381264171,0.04998636141071535,24.98009453770808,1391.403142748794,800,283.8942574729554,1119561.905396658,0.04959584066493232,24.78786964831856,1290.795055481819,0.4998636141071535,0.4959584066493232,0.0002,0.0007263604438545481,0.0004024323490679008,-0.00655373272357096,-0.2017329520452122,-3.656168701127172e-10,3.41970007866621e-10,-1.091393642127514e-11,-7.832276494035284e-15,3.774758283725532e-15,-3.774758283725532e-15,0,0
612,1800,100.6116813723013,1000,285.0261395226618,1246832.981812731,0.04998538926822967,24.97960868261099,1391.404744634661,800,283.8942343019274,1119524.420214873,0.04959428511089341,24.78709225775316,1290.79306326236,0.4998538926822967,0.4959428511089341,0.0002,0.0007263445060988797,0.0004024467254892052,-0.007039587820653281,-0.2025103426106156,3.456079866737127e-11,3.892637323588133e-10,4.43833414465189e-10,-8.933825901280557e-15,3.497202527569243e-15,-5.162537064506978e-15,0,0
614.4,1800,100.6150591098417,1000,285.0261561737467,1246810.497941365,0.0499844170543936,24.97912279406119,1391.406274042967,800,283.8942128044241,1119487.112415005,0.0495927297055897,24.78631493749327,1290.791214933126,0.4998441705439359,0.495927297055897,0.0002,0.000726329719465004,0.0004024602364393668,-0.007525476370457085,-0.2032876628704976,-2.219167072325945e-10,3.41970007866621e-10,1.346052158623934e-10,-8.15493506056697e-15,2.858824288409778e-15,-5.023759186428833e-15,0,0
616.8,1800,100.6182344342037,1000,285.0261720832244,1246787.934731487,0.04998344477350215,24.97863687407243,1391.407735335758,800,283.8941928688827,1119449.970166136,0.04959117443910032,24.78553768284944,1290.789500901555,0.4998344477350214,0.4959117443910032,0.0002,0.0007263160072124373,0.0004024729377368148,-0.008011396359215439,-0.2040649175143265,-4.347384674474597e-10,4.220055416226387e-10,7.275957614183426e-12,-1.071191746415678e-14,1.360023205165817e-15,-9.076073226310655e-15,0,0
619.2,1800,100.6212204681763,1000,285.0261872957949,1246765.29696554,0.04998247242959773,24.97815092454001,1391.409132618574,800,283.8941743904304,1119412.98234721,0.04958961930209973,24.78476048941358,1290.787912150397,0.4998247242959772,0.4958961930209972,0.0002,0.0007263032972031797,0.000402484881872705,-0.008497345891633756,-0.2048421109501923,-1.437001628801227e-10,3.201421350240707e-10,1.964508555829525e-10,-9.298117831235686e-15,3.663735981263017e-15,-5.35682609381638e-15,0,0
621.6,1800,100.6240292060368,1000,285.0262018523687,1246742.589020606,0.0499815000263801,24.97766494719857,1391.410469648911,800,283.894157273272,1119376.138799849,0.0495880642860696,24.78398335315916,1290.786440442874,0.4998150002638009,0.495880642860696,0.0002,0.0007262915235429954,0.0004024961168241471,-0.008983323233074714,-0.2056192472046128,-2.892193151637912e-10,1.637090463191271e-10,-1.127773430198431e-10,-6.526029716624748e-15,2.137179322403426e-15,-4.135580766728708e-15,0,0
624,1800,100.6266721067175,1000,285.0262157920566,1246719.81508091,0.04998052756738593,24.97717894370631,1391.411750018932,800,283.8941414259139,1119339.429822437,0.04958650938287466,24.78320627024073,1290.785077912215,0.4998052756738593,0.4958650938287466,0.0002,0.00072628062329772,0.0004025066884268699,-0.009469326725334071,-0.206396330123038,-2.037268131971359e-10,4.038156475871801e-10,4.474713932722807e-10,-5.936223734792634e-15,6.661338147750939e-15,9.71445146547012e-16,0,0
626.4,1800,100.6291597552502,1000,285.0262291510329,1246696.979016727,0.04997955505588658,24.97669291559702,1391.412977051183,800,283.8941267638913,1119302.84645876,0.04958495458500466,24.78242923710829,1290.783817295933,0.4997955505588658,0.4958495458500465,0.0002,0.0007262705383674656,0.0004025166390210006,-0.00995535483462362,-0.2071733632554817,-3.346940502524376e-10,3.819877747446299e-10,6.184563972055912e-11,-6.75327849197771e-15,2.248201624865942e-15,-4.246603069191224e-15,0,0
628.8,1800,100.6315020971626,1000,285.0262419633232,1246674.084468243,0.04997858249495896,24.97620686431331,1391.414153870784,800,283.8941132078803,1119266.380298144,0.04958339988540688,24.78165225042808,1290.782651773622,0.4997858249495896,0.4958339988540688,0.0002,0.0007262612141889731,0.0004025260083886506,-0.0104414061183391,-0.2079503499356896,-2.492015482857823e-10,6.548361852765083e-10,6.584741640836e-10,-5.473052566706826e-15,2.692290834716005e-15,-2.525757381022231e-15,0,0
631.2,1800,100.6337084297968,1000,285.0262542607743,1246651.134842547,0.04997760988748288,24.97572079120539,1391.415283402798,800,283.8941006837677,1119230.023482612,0.04958184527749209,24.78087530708542,1290.781574973001,0.4997760988748288,0.4958184527749209,0.0002,0.0007262525997840057,0.0004025348337191872,-0.01092747922626103,-0.208727293278347,-2.037268131971359e-10,2.91038304567337e-10,3.310560714453459e-10,-5.691627724679904e-15,3.719247132494274e-15,-1.748601263784622e-15,0,0
633.6,1800,100.6357874396394,1000,285.0262660731792,1246628.133326879,0.04997663723615232,24.97523469753635,1391.416368383643,800,283.8940891223517,1119193.768675158,0.04958029075510784,24.78009840417213,1290.780580944003,0.4997663723615232,0.4958029075510784,0.0002,0.0007262446475520246,0.0004025431497585578,-0.0114135728952931,-0.209504196191638,-6.184563972055912e-11,4.874891601502895e-10,4.401954356580973e-10,-5.525094270986131e-15,3.552713678800501e-15,-1.748601263784622e-15,0,0
636,1800,100.6377472127626,1000,285.0262774283111,1246605.08289256,0.04997566454347879,24.97474858448374,1391.417411364213,800,283.8940784592555,1119157.609050517,0.04957873631253082,24.77932153898287,1290.779664151451,0.4997566454347879,0.4957873631253082,0.0002,0.0007262373132116063,0.0004025509888510505,-0.01189968594790614,-0.2102810613809005,-2.837623469531536e-10,5.056790541857481e-10,2.291926648467779e-10,-1.058181320345852e-16,1.332267629550188e-15,1.415534356397075e-15,0,0
638.4,1800,100.6395953588305,1000,285.0262883523407,1246581.98633921,0.04997469181182868,24.97426245315701,1391.418414748255,800,283.8940686339312,1119121.538189702,0.04957718194437851,24.77854470897335,1290.778819389425,0.4997469181182868,0.4957718194437851,0.0002,0.0007262305551153967,0.0004025583814353221,-0.01238581727463739,-0.2110578913904249,-2.619344741106033e-10,4.729372449219227e-10,2.291926648467779e-10,-4.671610320805542e-15,6.411537967210279e-15,1.998401444325282e-15,0,0
640.8,1800,100.6413389842805,1000,285.0262988697452,1246558.846285359,0.04997371904341527,24.97377630459389,1391.419380783923,800,283.8940595898741,1119085.550102504,0.04957562764562783,24.77776791176921,1290.778041799642,0.4997371904341527,0.4957562764562783,0.0002,0.0007262243343971386,0.0004025653559371221,-0.01287196583776051,-0.2118346885945641,-6.348273018375039e-10,7.421476766467094e-10,1.164153218269348e-10,-4.033232081646076e-15,5.717648576819556e-15,1.942890293094024e-15,0,0
643.2,1800,100.6429847157199,1000,285.0263090033869,1246535.665176758,0.0499727462403058,24.97329013976361,1391.42031157109,800,283.8940512744354,1119049.639207654,0.04957407341159868,24.77699114515821,1290.77732685537,0.499727462403058,0.4957407341159867,0.0002,0.0007262186148429609,0.0004025719388628795,-0.01335813066804192,-0.2126114552055576,-2.564775058999658e-10,7.530616130679846e-10,2.801243681460619e-10,-2.42861286636753e-17,6.772360450213455e-15,6.994405055138486e-15,0,0
645.6,1800,100.6445387995541,1000,285.0263187748468,1246512.44532206,0.04997177340445162,24.97280395958106,1391.421209091964,800,283.8940436380198,1119013.800247899,0.04957251923788265,24.77621440705655,1290.77667029241,0.4997177340445162,0.4957251923788265,0.0002,0.0007262133623392765,0.0004025781551982163,-0.01384431085058679,-0.213388193307221,-8.36735125631094e-11,5.748006515204906e-10,4.94765117764473e-10,-2.751271432899216e-15,7.299716386910404e-15,4.773959005888173e-15,0,0
648,1800,100.6460070143244,1000,285.0263282041326,1246489.188861501,0.0499708005376618,24.97231776489442,1391.422075184185,800,283.8940366347919,1118978.028364543,0.04957096512040554,24.77543769553838,1290.776068169861,0.499708005376618,0.4957096512040554,0.0002,0.0007262085453588842,0.0004025840280572975,-0.01433050553722381,-0.2141649048253882,-4.074536263942719e-10,7.09405867382884e-10,3.128661774098873e-10,-6.938893903907228e-17,8.382183835919932e-15,8.493206138382448e-15,0,0
650.4,1800,100.6473948040884,1000,285.026337310123,1246465.897814675,0.04996982764164333,24.97183155650403,1391.422911581749,800,283.8940302216011,1118942.318983729,0.04956941105533202,24.77466100879078,1290.77551677766,0.4996982764164333,0.4956941105533202,0.0002,0.0007262041342212833,0.0004025895792163537,-0.01481671392761541,-0.2149415915729946,-1.564330887049437e-10,5.238689482212067e-10,1.455191522836685e-10,-1.668803983889688e-15,4.829470157119431e-15,3.413935800722356e-15,0,0
652.8,1800,100.6487072330808,1000,285.026346110418,1246442.574064236,0.04996885471798748,24.97134533515597,1391.423719901234,800,283.8940243583487,1118906.667855206,0.0495678570390981,24.77388434512908,1290.775012668153,0.4996885471798748,0.495678570390981,0.0002,0.0007262001013452227,0.0004025948289323232,-0.0153029352756775,-0.2157182552346946,-4.765752237290144e-10,5.929905455559492e-10,1.2732925824821e-10,-1.882174971434836e-15,4.218847493575595e-15,2.498001805406602e-15,0,0
655.2,1800,100.6499490509093,1000,285.0263546215568,1246419.219379349,0.04996788176818964,24.97085910155133,1391.424501661658,800,283.8940190074612,1118871.070996521,0.04956630306836438,24.77310770297477,1290.774552610749,0.4996788176818963,0.4956630306836438,0.0002,0.0007261964208859899,0.0004025997962036372,-0.01578916888031401,-0.2164948973890013,-3.656168701127172e-10,5.675246939063072e-10,-1.818989403545856e-11,-4.315992008230296e-15,5.079270337660091e-15,9.436895709313831e-16,0,0
657.6,1800,100.6511246835203,1000,285.026362858986,1246395.835412455,0.04996690879364649,24.97037285634498,1391.425258281849,800,283.8940141339622,1118835.524700717,0.04956474914002244,24.77233108085854,1290.774133598328,0.4996690879364649,0.4956474914002244,0.0002,0.0007261930687866278,0.000402604498734081,-0.01627541408667099,-0.2172715195052284,-2.091837814077735e-10,4.94765117764473e-10,2.946762833744287e-10,1.252470349655255e-15,5.773159728050814e-15,7.244205235679146e-15,0,0
660,1800,100.652238279418,1000,285.0263708372171,1246372.423715755,0.04996593579566997,24.969886600152,1391.42599109467,800,283.8940097051044,1118800.025497088,0.04956319525116201,24.77155447740472,1290.773752815252,0.4996593579566997,0.4956319525116201,0.0002,0.0007261900225220178,0.0004026089531176722,-0.01676167027964581,-0.218048122959047,-3.819877747446299e-11,5.020410753786564e-10,4.765752237290144e-10,9.749145934989656e-16,2.747801985947262e-15,3.941291737419306e-15,0,0
662.4,1800,100.6532937272491,1000,285.0263785698842,1246348.985747623,0.04996496277549279,24.96940033355035,1391.426701352351,800,283.8940056902244,1118764.570135907,0.04956164139905813,24.77077789132525,1290.773407625102,0.4996496277549279,0.4956164139905813,0.0002,0.0007261872610008141,0.0004026131749089964,-0.01724793688129722,-0.2188247090385254,-3.728928277269006e-10,4.69299266114831e-10,-1.200533006340265e-10,2.765149220707031e-15,3.885780586188048e-15,6.883382752675971e-15,0,0
664.8,1800,100.6542946329305,1000,285.0263860696663,1246325.522864401,0.04996398973426128,24.96891405707751,1391.4273902195,800,283.8940020609273,1118729.155608025,0.0495600875811875,24.77000132142739,1290.773095586569,0.4996398973426128,0.495600875811875,0.0002,0.0007261847646925525,0.0004026171785317219,-0.01773421335413872,-0.2196012789363841,-4.292814992368221e-10,4.256435204297304e-10,1.455191522836685e-11,-2.605554660917164e-15,5.856426454897701e-15,3.469446951953614e-15,0,0
667.2,1800,100.6552443921319,1000,285.0263933485324,1246302.036346317,0.0499630166730576,24.96842777124083,1391.428058795436,800,283.8939987905048,1118693.779083095,0.04955853379517684,24.7692247665893,1290.772814403304,0.499630166730576,0.4955853379517684,0.0002,0.00072618251522643,0.0004026209775685274,-0.01822049919082147,-0.2203778337744673,-6.111804395914078e-10,5.566107574850321e-10,-4.001776687800884e-11,2.740863092043355e-16,9.048317650695026e-15,9.520162436160717e-15,0,0
669.6,1800,100.6561461961478,1000,285.0264004177594,1246278.527399614,0.04996204359290124,24.9679414765183,1391.428708115958,800,283.893995853887,1118658.437904545,0.04955698003879853,24.76844822575802,1290.77256191981,0.4996204359290124,0.4955698003879853,0.0002,0.0007261804953584833,0.0004026245847845912,-0.01870679391334562,-0.2211543746057458,-5.547917680814862e-10,4.038156475871801e-10,9.458744898438454e-11,-3.122502256758253e-17,6.494804694057166e-15,6.661338147750939e-15,0,0
672,1800,100.6570030129253,1000,285.0264072878701,1246254.997149839,0.04996107049474351,24.96745517335597,1391.42933914753,800,283.8939932277946,1118623.129605611,0.04955542630998416,24.76767169795583,1290.772336134605,0.4996107049474351,0.4955542630998416,0.0002,0.0007261786890768398,0.0004026280120517013,-0.01919309707567862,-0.2219309024079408,-3.092281986027956e-10,6.584741640836e-10,6.002665031701326e-10,-3.025357742103552e-15,5.88418203051333e-15,3.05311331771918e-15,0,0
674.4,1800,100.6578176059027,1000,285.0264139686951,1246231.446648537,0.04996009737947326,24.96696886217054,1391.429952793152,800,283.8939908905892,1118587.851893421,0.04955387260681115,24.76689518227391,1290.77213518725,0.4996009737947326,0.4955387260681114,0.0002,0.0007261770814979972,0.0004026312704236106,-0.01967940826110848,-0.2227074180898576,-4.511093720793724e-10,5.275069270282984e-10,3.237801138311625e-10,-8.257283745649602e-16,3.358424649491099e-15,2.692290834716005e-15,0,0
676.8,1800,100.6585926138875,1000,285.0264204696408,1246207.876901855,0.04995912424794081,24.96648254336072,1391.430549916759,800,283.8939888216274,1118552.602580785,0.04955231892744544,24.76611867784537,1290.771957302872,0.4995912424794081,0.4955231892744544,0.0002,0.0007261756584229733,0.0004026343704555502,-0.02016572707093189,-0.2234839225183975,-3.510649548843503e-10,4.583853296935558e-10,-1.127773430198431e-10,-3.12944115066216e-15,1.090794121694216e-14,7.91033905045424e-15,0,0
679.2,1800,100.6593304592877,1000,285.0264267993825,1246184.288837737,0.04995815110093053,24.96599621729423,1391.431131315188,800,283.8939870020025,1118517.379664455,0.04955076527020735,24.76534218387619,1290.7718008559,0.4995815110093053,0.4955076527020734,0.0002,0.0007261744068472017,0.0004026373218371509,-0.02065205313742169,-0.2242604164875814,-8.913048077374697e-11,6.693881005048752e-10,3.601599019020796e-10,-3.486794186713382e-15,9.353628982466944e-15,6.022959908591474e-15,0,0
681.6,1800,100.6600333689835,1000,285.0264329659342,1246160.683313405,0.0499571779391669,24.96550988431076,1391.431697724525,800,283.8939854143754,1118482.18130731,0.04954921163355635,24.76456569963821,1290.771664355542,0.4995717793916689,0.4954921163355634,0.0002,0.0007261733148443345,0.0004026401334759339,-0.0211383861208887,-0.2250369007255593,-5.093170329928398e-10,4.474713932722807e-10,-4.729372449219227e-11,-6.366435156834882e-15,2.220446049250313e-15,-3.969047313034935e-15,0,0
684,1800,100.6607035011423,1000,285.0264389770733,1246137.061160713,0.049956204763353,24.96502354473996,1391.432249859127,800,283.893984041953,1118447.005730297,0.04954765801600079,24.76378922442632,1290.771546357985,0.49956204763353,0.4954765801600079,0.0002,0.0007261723708638783,0.0004026428140045691,-0.02162472569168727,-0.2258133759374488,-3.401510184630752e-10,3.528839442878962e-10,2.546585164964199e-10,-5.592748486549226e-15,8.909539772616881e-15,3.497202527569243e-15,0,0
686.4,1800,100.6613428396111,1000,285.0264448399869,1246113.423148442,0.04995523157413864,24.96453719888647,1391.432788379092,800,283.8939828693391,1118411.851302294,0.04954610441617292,24.76301275759399,1290.771445539481,0.4995523157413864,0.4954610441617292,0.0002,0.0007261715643158477,0.0004026453713584442,-0.02211107154517578,-0.2265898427697763,-1.546140993013978e-10,5.093170329928398e-10,5.966285243630409e-10,-3.611694276983712e-15,4.135580766728708e-15,6.38378239159465e-16,0,0
688.8,1800,100.6619532289844,1000,285.0264505613894,1246089.76999476,0.04995425837213077,24.96405084703488,1391.433313901197,800,283.8939818822531,1118376.716510435,0.04954455083280421,24.76223629854162,1290.771360672212,0.4995425837213076,0.4954455083280421,0.0002,0.0007261708853776981,0.0004026478129159377,-0.02259742339676762,-0.2273663018221512,-3.292370820418e-10,6.548361852765083e-10,3.383320290595293e-10,-3.608224830031759e-16,5.134781488891349e-15,4.912736883966318e-15,0,0
691.2,1800,100.6625364273107,1000,285.0264561476986,1246066.102386185,0.04995328515790964,24.96356448945722,1391.433827014881,800,283.8939810671026,1118341.599914988,0.04954299726468743,24.76145984669855,1290.77129058757,0.4995328515790963,0.4954299726468743,0.0002,0.0007261703247005589,0.0004026501457092426,-0.02308378097442798,-0.2281427536652174,-4.165485734120011e-10,5.056790541857481e-10,-1.309672370553017e-10,-3.37924133120282e-15,7.244205235679146e-15,4.052314039881821e-15,0,0
693.6,1800,100.6630940575837,1000,285.0264616048752,1246042.420960219,0.04995231193201405,24.96307812640612,1391.434328267608,800,283.8939804113786,1118306.500190719,0.04954144371071139,24.76068340153953,1290.771234210025,0.4995231193201405,0.4954144371071139,0.0002,0.0007261698736801972,0.000402652376230335,-0.02357014402553048,-0.2289191988242365,-2.546585164964199e-10,6.475602276623249e-10,4.001776687800884e-10,-4.413136522884997e-15,3.025357742103552e-15,-1.27675647831893e-15,0,0
696,1800,100.663627622356,1000,285.0264669384685,1246018.726310511,0.04995133869494573,24.96259175811681,1391.434818169137,800,283.893979903534,1118271.416114629,0.04953989016985062,24.75990696257984,1290.771190546781,0.4995133869494573,0.4953989016985061,0.0002,0.000726169524374247,0.000402654510489424,-0.02405651231483574,-0.2296956377839301,-4.129105946049094e-10,6.875779945403337e-10,5.20230969414115e-10,-3.063521658575041e-15,2.831068712794149e-15,-5.551115123125783e-17,0,0
698.4,1800,100.6641385655059,1000,285.0264721538265,1245995.019009078,0.04995036544718813,24.96210538481597,1391.435297210664,800,283.8939795324881,1118236.34651302,0.049538336641121,24.75913052935428,1290.771158645158,0.4995036544718813,0.4953833664112099,0.0002,0.0007261692691612643,0.0004026565542620237,-0.02454288561568063,-0.2304720710094905,-4.929461283609271e-10,6.293703336268663e-10,1.382431946694851e-10,-2.432082313319484e-15,3.469446951953614e-15,1.165734175856414e-15,0,0
700.8,1800,100.6646282179738,1000,285.0264772559133,1245971.299586834,0.04994939218918999,24.96161900671396,1391.435765848107,800,283.8939792880635,1118201.290307927,0.04953678312361867,24.75835410143561,1290.771137630133,0.4994939218918998,0.4953678312361867,0.0002,0.0007261691010410631,0.0004026585128718953,-0.02502926371769121,-0.23124849892816,-3.856257535517216e-10,5.384208634495735e-10,3.92901711165905e-10,-5.568462357885551e-15,7.077671781985373e-15,1.720845688168993e-15,0,0
703.2,1800,100.6650978136045,1000,285.0264822493604,1245947.56853927,0.04994841892137002,24.96113262400713,1391.436224506909,800,283.893979160858,1118166.246503601,0.0495352296165087,24.75757767842917,1290.771126693305,0.4994841892137002,0.495352296165087,0.0002,0.0007261690135464378,0.0004026603912544178,-0.02551564642451964,-0.2320249219346024,-3.656168701127172e-10,7.530616130679846e-10,4.038156475871801e-10,-3.507610868425104e-15,5.773159728050814e-15,2.386979502944087e-15,0,0
705.6,1800,100.6655485379522,1000,285.0264871386329,1245923.826343954,0.04994744564413192,24.96064623688471,1391.436673597188,800,283.8939791418522,1118131.214144824,0.04953367611899018,24.75680125995637,1290.771125059236,0.4994744564413192,0.4953367611899018,0.0002,0.0007261690004738847,0.0004026621941518088,-0.02600203354693775,-0.2328013404074021,-2.728484105318785e-10,7.09405867382884e-10,6.730260793119669e-10,-4.145989107584569e-15,4.718447854656915e-15,6.661338147750939e-16,0,0
708,1800,100.6659814827051,1000,285.0264919278749,1245900.073444239,0.04994647235785029,24.96015984552238,1391.437113499581,800,283.8939792227761,1118096.192355764,0.04953212263032872,24.75602484567008,1290.771132016876,0.4994647235785029,0.4953212263032872,0.0002,0.0007261690561350078,0.0004026639259308203,-0.02648842490926739,-0.2335777546936875,-1.637090463191271e-10,4.329194780439138e-10,4.365574568510056e-11,-6.630113125183357e-15,-2.775557561562891e-16,-6.772360450213455e-15,0,0
710.4,1800,100.6663976573875,1000,285.026496620951,1245876.310253378,0.04994549906287449,24.95967345008389,1391.437544569023,800,283.8939793960161,1118061.1803302,0.04953056914984838,24.75524843525079,1290.771146911635,0.4994549906287449,0.4953056914984838,0.0002,0.0007261691752930837,0.00040266559062955,-0.02697482034775334,-0.234354165112979,-3.838067641481757e-10,6.693881005048752e-10,6.548361852765083e-11,-3.403527459866496e-15,3.025357742103552e-15,-3.33066907387547e-16,0,0
712.8,1800,100.6667980356085,1000,285.0265012215983,1245852.537171206,0.04994452575954232,24.95918705072767,1391.437967148799,800,283.8939796542411,1118026.177291773,0.0495290156768982,24.75447202839079,1290.77116911319,0.4994452575954232,0.495290156768982,0.0002,0.0007261693529055228,0.000402667192142434,-0.02746121970398008,-0.2351305719729808,-2.91038304567337e-10,8.221832104027271e-10,2.983142621815205e-10,-1.016894901617604e-14,5.495603971894525e-15,-4.496403249731884e-15,0,0
715.2,1800,100.6671835134141,1000,285.026505733289,1245828.75456915,0.0499435524481678,24.95870064760089,1391.438381557822,800,283.8939799907383,1117991.182529746,0.04952746221088227,24.75369562480839,1290.771198044408,0.4994355244816779,0.4952746221088227,0.0002,0.0007261695843552606,0.0004026687340536564,-0.02794762283075514,-0.2359069755553769,-2.128217602148652e-10,5.165929906070232e-10,3.055902197957039e-10,-6.890321646579878e-15,8.354428260304303e-15,1.554312234475219e-15,0,0
717.6,1800,100.6675549201268,1000,285.0265101592668,1245804.962794146,0.04994257912904406,24.95821424084103,1391.438788094024,800,283.8939803993275,1117956.195389683,0.04952590875125185,24.75291922424423,1290.771233173897,0.4994257912904406,0.4952590875125185,0.0002,0.0007261698653911789,0.0004026702196805072,-0.02843402959062047,-0.2366833761195437,-3.728928277269006e-10,5.929905455559492e-10,2.182787284255028e-10,-2.862293735361732e-15,4.385380947269368e-15,1.665334536937735e-15,0,0
720,1800,100.6679130537434,1000,285.0265145026647,1245781.162181341,0.04994160580245437,24.95772783058086,1391.439187045155,800,283.8939808740737,1117921.215243215,0.0495243552974801,24.75214282644927,1290.771273991411,0.4994160580245436,0.495243552974801,0.0002,0.0007261701919312891,0.0004026716522149736,-0.02892043985078985,-0.2374597739145052,-2.273736754432321e-10,3.601599019020796e-10,1.309672370553017e-10,-6.79664657887713e-15,6.217248937900877e-15,-3.885780586188048e-16,0,0
722.4,1800,100.6682586499455,1000,285.0265187664008,1245757.353042951,0.04994063246866254,24.9572414169441,1391.439578679304,800,283.8939814095382,1117886.241514597,0.04952280184908429,24.75136643119532,1290.771320029358,0.4994063246866254,0.4952280184908429,0.0002,0.0007261705602348647,0.0004026730345997821,-0.02940685348754357,-0.2382361691684487,-1.764419721439481e-10,6.439222488552332e-10,6.984919309616089e-10,-7.320533068622126e-15,5.218048215738236e-15,-1.942890293094024e-15,0,0
724.8,1800,100.6685923903678,1000,285.0265229532082,1245733.535671298,0.04993965912791568,24.95675500004659,1391.43996324745,800,283.8939820007125,1117851.2736735,0.04952124840561981,24.75059003827223,1290.771370857082,0.4993965912791568,0.4952124840561981,0.0002,0.0007261709668566582,0.0004026743695614714,-0.02989327038505607,-0.2390125620915455,-3.201421350240707e-10,5.020410753786564e-10,1.891748979687691e-10,-2.723515857283587e-15,6.300515664747763e-15,3.663735981263017e-15,0,0
727.2,1800,100.6689149298199,1000,285.0265270657245,1245709.710348496,0.04993868578045213,24.95626858000008,1391.440340991855,800,283.8939826427981,1117816.311211966,0.04951969496666076,24.74981364747866,1290.771426062035,0.4993868578045213,0.4951969496666076,0.0002,0.0007261714084962805,0.0004026756597192798,-0.03037969043156252,-0.2397889528851103,-3.274180926382542e-10,5.820766091346741e-10,2.546585164964199e-10,-6.928485563051368e-15,5.551115123125783e-15,-1.27675647831893e-15,0,0
729.6,1800,100.6692268729732,1000,285.0265311064126,1245685.877338161,0.04993771242649472,24.95578215690904,1391.440712138766,800,283.8939833313934,1117781.353664167,0.04951814153181661,24.74903725863003,1290.771485265793,0.4993771242649472,0.4951814153181661,0.0002,0.0007261718821263439,0.000402676907491893,-0.03086611352260604,-0.2405653417337454,-4.43833414465189e-10,8.258211892098188e-10,3.856257535517216e-10,-1.053324094613117e-14,1.057487430955462e-14,1.665334536937735e-16,0,0
732,1800,100.6695287809682,1000,285.0265350775869,1245662.036887761,0.04993673906625258,24.95529573087152,1391.441076900767,800,283.8939840624447,1117746.400600818,0.04951658810072736,24.74826087155618,1290.771548119799,0.4993673906625258,0.4951658810072735,0.0002,0.000726172384958394,0.0004026781151238728,-0.03135253956013173,-0.2413417288075941,-5.238689482212067e-10,7.712515071034431e-10,4.874891601502895e-10,-8.666678485980128e-15,4.801714581503802e-15,-3.774758283725532e-15,0,0
734.4,1800,100.6698211925132,1000,285.0265389814798,1245638.189236165,0.04993576569992754,24.95480930198214,1391.441435482872,800,283.8939848320705,1117711.451611249,0.04951503467304883,24.74748448609439,1290.771614290359,0.4993576569992754,0.4951503467304883,0.0002,0.000726172914322873,0.0004026792847700526,-0.03183896844950596,-0.2421181142693847,-4.129105946049094e-10,6.075424607843161e-10,2.110027708113194e-10,-7.702172233337023e-15,7.938094626069869e-15,3.33066907387547e-16,0,0
736.8,1800,100.6701046054216,1000,285.0265428201822,1245614.334607083,0.04993479232770865,24.95432287032955,1391.441788077168,800,283.8939856367149,1117676.506319016,0.04951348124846532,24.74670810209546,1290.771683471747,0.4993479232770865,0.4951348124846531,0.0002,0.0007261734677739732,0.0004026804184216862,-0.03232540010209917,-0.2428944982683063,-3.856257535517216e-10,8.403731044381857e-10,2.328306436538696e-10,-1.258715354168771e-14,1.29618538124987e-14,4.440892098500626e-16,0,0
739.2,1800,100.6703794817281,1000,285.0265465956602,1245590.473210849,0.04993381894977367,24.95383643599708,1391.442134864205,800,283.893986473104,1117641.564377691,0.04951192782668643,24.74593171942212,1290.771755382477,0.4993381894977367,0.4951192782668643,0.0002,0.0007261740430598129,0.0004026815179269124,-0.0328118344345647,-0.2436708809416501,-1.982698449864984e-10,8.694769348949194e-10,9.167706593871117e-10,-9.492406860545088e-15,1.287858708565182e-14,3.497202527569243e-15,0,0
741.6,1800,100.6706462658319,1000,285.0265503098159,1245566.605250959,0.04993284556629454,24.95334999906536,1391.442476018714,800,283.8939873381016,1117606.625455313,0.04951037440743389,24.74515533794281,1290.771829752882,0.4993284556629454,0.4951037440743389,0.0002,0.000726174638023056,0.0004026825850633277,-0.03329827136628438,-0.2444472624209624,-4.511093720793724e-10,1.076841726899147e-09,4.001776687800884e-10,-3.996802888650564e-15,1.273980920757367e-14,8.826273045769994e-15,0,0
744,1800,100.6709053683453,1000,285.026553964433,1245542.730918288,0.04993187217743258,24.95286355960999,1391.442811704536,800,283.8939882288372,1117571.689248174,0.04950882099045303,24.74437895753718,1290.771906336191,0.4993187217743258,0.4950882099045302,0.0002,0.0007261752506895263,0.0004026836214733812,-0.03378471082165291,-0.2452236428265948,-4.038156475871801e-10,8.87666828930378e-10,4.802132025361061e-10,-1.23789867245705e-14,1.215694211964546e-14,-1.665334536937735e-16,0,0
746.4,1800,100.6711571701755,1000,285.0265575611912,1245518.850392554,0.04993089878333963,24.9523771177022,1391.443142075957,800,283.8939891426752,1117536.755477355,0.04950726757551004,24.74360257809469,1290.771984905782,0.4993089878333963,0.4950726757551004,0.0002,0.0007261758792462533,0.0004026846286807022,-0.03427115272944548,-0.2460000222690795,-5.165929906070232e-10,7.057678885757923e-10,1.964508555829525e-10,-1.064426324859369e-14,6.578071420904053e-15,-3.996802888650564e-15,0,0
748.8,1800,100.6714020384411,1000,285.0265611017201,1245494.963848005,0.04992992538416294,24.951890673411,1391.443467282592,800,283.8939900770854,1117501.823875208,0.04950571416238057,24.74282619950931,1290.772065244151,0.4992992538416294,0.4950571416238057,0.0002,0.0007261765219532044,0.0004026856081537644,-0.03475759702064352,-0.2467764008544648,-4.074536263942719e-10,9.204086381942034e-10,5.165929906070232e-10,-1.277450367709321e-14,6.911138328291599e-15,-5.773159728050814e-15,0,0
751.2,1800,100.671640312213,1000,285.0265645875484,1245471.071448388,0.04992895198004089,24.95140422680128,1391.443787464934,800,283.8939910297588,1117466.894197343,0.04950416075085974,24.74204982168418,1290.772147152721,0.4992895198004089,0.4950416075085974,0.0002,0.0007261771772217707,0.0004026865612488518,-0.03524404363036382,-0.2475527786795944,-3.892637323588133e-10,9.022187441587448e-10,7.494236342608929e-10,-7.452372052796363e-15,1.024180740216707e-14,2.831068712794149e-15,0,0
753.6,1800,100.6718723062688,1000,285.0265680201205,1245447.173348193,0.04992797857110399,24.95091777793423,1391.444102755625,800,283.8939919985764,1117431.966219692,0.04950260734075969,24.74127344453051,1290.772230449356,0.4992797857110399,0.4950260734075969,0.0002,0.0007261778435948508,0.0004026874892250753,-0.035730492497418,-0.248329155833261,-3.255991032347083e-10,1.076841726899147e-09,9.822542779147625e-10,-9.8879238130678e-15,9.18709552877317e-15,-5.551115123125783e-16,0,0
756,1800,100.6720983239434,1000,285.0265714008381,1245423.26969735,0.04992700515747897,24.95043132686925,1391.444413283392,800,283.8939929815078,1117397.039727357,0.04950105393190029,24.74049706796316,1290.772314959449,0.4992700515747897,0.4950105393190029,0.0002,0.0007261785196755881,0.0004026883932957735,-0.03621694356240113,-0.2491055324006126,-1.418811734765768e-10,9.567884262651205e-10,5.820766091346741e-10,-1.09426356864617e-14,8.493206138382448e-15,-2.331468351712829e-15,0,0
758.4,1800,100.6723186458378,1000,285.026574731021,1245399.360637146,0.04992603173928516,24.94994487366231,1391.444719169474,800,283.893993976699,1117362.114524321,0.04949950052411721,24.73972069190446,1290.772400523636,0.4992603173928515,0.4949950052411721,0.0002,0.0007261792041890876,0.0004026892745833511,-0.0367033967693402,-0.2498819084593116,-3.965396899729967e-10,7.457856554538012e-10,3.41970007866621e-10,-9.804657086220914e-15,1.226796442210798e-14,2.498001805406602e-15,0,0
760.8,1800,100.672533532641,1000,285.0265780119184,1245375.446301266,0.04992505831663557,24.94945841836637,1391.445020528624,800,283.8939949824529,1117327.190431022,0.04949794711725995,24.73894431628325,1290.772486995983,0.4992505831663556,0.4949794711725995,0.0002,0.0007261798959678636,0.0004026901341305638,-0.03718985206527847,-0.2506582840805187,-4.984030965715647e-10,8.767528925091028e-10,1.527951098978519e-10,-7.33441085642994e-15,6.772360450213455e-15,-4.440892098500626e-16,0,0
763.2,1800,100.6727432354376,1000,285.0265812447429,1245351.526819458,0.04992408488963981,24.94897196103283,1391.445317472205,800,283.8939959971447,1117292.267275619,0.04949639371118452,24.73816794103147,1290.772574236767,0.499240848896398,0.4949639371118452,0.0002,0.0007261805938941361,0.0004026909729417503,-0.03767630939882238,-0.2514346593323005,-2.65572452917695e-10,8.840288501232862e-10,3.856257535517216e-10,-9.665879208142769e-15,1.093569679255779e-14,1.332267629550188e-15,0,0
765.6,1800,100.6729479868479,1000,285.0265844306406,1245327.602314404,0.0499231114584015,24.94848550171028,1391.445610105466,800,283.8939970192926,1117257.344901474,0.04949484030575957,24.73739156608704,1290.772662118618,0.499231114584015,0.4949484030575957,0.0002,0.0007261812969489437,0.0004026917919473917,-0.0381627687213637,-0.2522110342767299,8.549250196665525e-11,1.153239281848073e-09,1.229636836796999e-09,-7.056855100273651e-15,1.110223024625157e-14,4.274358644806853e-15,0,0
768,1800,100.6731480033554,1000,285.0265875706993,1245303.672902531,0.04992213802301908,24.94799904044486,1391.44589852838,800,283.8939980475412,1117222.423165232,0.04949328690086491,24.73661519139317,1290.772750525025,0.4992213802301908,0.4949328690086491,0.0002,0.0007261820042002,0.0004026925920134218,-0.03864922998679177,-0.2529874089706006,-6.548361852765083e-11,8.62200977280736e-10,5.675246939063072e-10,-8.798517470154366e-15,8.881784197001252e-15,2.220446049250313e-16,0,0
770.4,1800,100.6733434933628,1000,285.0265906659762,1245279.73869691,0.04992116458358802,24.94751257728134,1391.44618283798,800,283.8939990805956,1117187.501929947,0.04949173349638585,24.73583881689561,1290.772839344617,0.4992116458358801,0.4949173349638584,0.0002,0.0007261827147569346,0.0004026933739734513,-0.0391356931503104,-0.2537637834681625,-2.546585164964199e-10,1.138687366619706e-09,8.803908713161945e-10,-9.478529072737274e-15,9.992007221626409e-15,6.661338147750939e-16,0,0
772.8,1800,100.6735346502767,1000,285.0265937174723,1245255.79980479,0.04992019114019896,24.9470261122622,1391.446463126261,800,283.8940001172761,1117152.581070963,0.04949018009221782,24.73506244254497,1290.772928475984,0.4992019114019896,0.4949018009221782,0.0002,0.0007261834278078731,0.0004026941386011067,-0.03962215816944337,-0.2545401578188056,-2.892193151637912e-10,8.11269273981452e-10,2.91038304567337e-10,-1.54529167240014e-14,7.771561172376096e-15,-7.605027718682322e-15,0,0
775.2,1800,100.6737216542747,1000,285.0265967261419,1245231.856328224,0.04991921769293815,24.94653964542789,1391.446739480864,800,283.8940011565066,1117117.660474433,0.04948862668826549,24.73428606829615,1290.773017826589,0.4991921769293814,0.4948862668826549,0.0002,0.0007261841426127157,0.0004026948866170987,-0.04010862500375367,-0.2553165320676207,-3.437889972701669e-10,7.166818249970675e-10,1.455191522836685e-10,-1.479372180313021e-14,1.104671909502031e-14,-3.719247132494274e-15,0,0
777.6,1800,100.6739046790117,1000,285.0265996929124,1245207.908366479,0.04991824424188943,24.94605317681772,1391.447011986937,800,283.8940021972575,1117082.74003163,0.04948707328443771,24.73350969410609,1290.773107307926,0.4991824424188943,0.494870732844377,0.0002,0.0007261848584634045,0.0004026956187160467,-0.04059509361392344,-0.2560929062576847,-3.510649548843503e-10,7.385096978396177e-10,3.92901711165905e-10,-9.048317650695026e-15,1.437738816889578e-14,5.384581669432009e-15,0,0
780,1800,100.6740838857104,1000,285.0266026186648,1245183.956013962,0.04991727078713254,24.94556670646908,1391.447280725467,800,283.8940032385957,1117047.819643861,0.04948551988065172,24.73273331993567,1290.773196839757,0.4991727078713254,0.4948551988065172,0.0002,0.0007261855747180561,0.0004026963355428415,-0.04108156396257101,-0.2568692804280985,-4.620233085006475e-10,7.130438461899757e-10,1.455191522836685e-11,-1.2191636589165e-14,9.547918011776346e-15,-2.55351295663786e-15,0,0
782.4,1800,100.6742594248017,1000,285.0266055042414,1245159.999360734,0.0499162973287436,24.94508023441764,1391.447545773759,800,283.8940042796706,1117012.899221289,0.04948396647683231,24.73195694574934,1290.773286348957,0.499162973287436,0.494839664768323,0.0002,0.0007261862907916566,0.0004026970376992067,-0.04156803601400938,-0.2576456546144321,-5.875335773453116e-10,7.60337570682168e-10,1.600710675120354e-10,-9.166278847061449e-15,1.054711873393899e-14,1.498801083243961e-15,0,0
784.8,1800,100.6744314413463,1000,285.0266083504613,1245136.03849455,0.04991532386679674,24.94459376069816,1391.447807207096,800,283.8940053196707,1116977.978678094,0.04948241307290757,24.73118057151309,1290.77337576575,0.4991532386679673,0.4948241307290757,0.0002,0.0007261870061259978,0.0004026977257653852,-0.04205450973348945,-0.2584220288506849,-6.220943760126829e-10,1.011358108371496e-09,3.92901711165905e-10,-9.443834603217738e-15,1.032507412901396e-14,9.992007221626409e-16,0,0
787.2,1800,100.6746000704036,1000,285.0266111581067,1245112.073499096,0.04991435040136265,24.94410728534379,1391.448065097291,800,283.8940063578602,1116943.057936667,0.0494808596688124,24.73040419719618,1290.773465026887,0.4991435040136264,0.4948085966881239,0.0002,0.0007261877202150953,0.0004026984002816143,-0.04254098508786086,-0.2591984031675914,-5.038600647822022e-10,9.968061931431293e-10,7.34871719032526e-10,-9.180156634869263e-15,1.043609643147647e-14,1.27675647831893e-15,0,0
789.6,1800,100.6747654378128,1000,285.0266139279248,1245088.104454408,0.04991337693250897,24.94362080838622,1391.448319512971,800,283.8940073935739,1116908.136926645,0.04947930626448789,24.72962782277075,1290.773554075158,0.4991337693250897,0.4947930626448789,0.0002,0.0007261884326012641,0.000402699061751251,-0.04302746204542274,-0.259974777593019,-3.092281986027956e-10,1.069565769284964e-09,7.639755494892597e-10,-7.618905506490137e-15,9.880984919163893e-15,2.331468351712829e-15,0,0
792,1800,100.6749276653093,1000,285.0266166606456,1245064.131438579,0.04991240346030165,24.9431343298564,1391.448570521203,800,283.8940084261757,1116873.215580862,0.04947775285987777,24.72885144821021,1290.773642855894,0.4991240346030164,0.4947775285987777,0.0002,0.0007261891428471535,0.0004026997106612371,-0.04351394057524871,-0.2607511521535635,-4.474713932722807e-10,8.949427865445614e-10,6.83940015733242e-10,-9.048317650695026e-15,1.110223024625157e-14,2.164934898019055e-15,0,0
794.4,1800,100.6750868662186,1000,285.0266193569661,1245040.1545263,0.04991142998480377,24.9426478497839,1391.448818186009,800,283.8940094550924,1116838.293838836,0.04947619945493138,24.7280750734906,1290.773731319791,0.4991142998480377,0.4947619945493138,0.0002,0.0007261898505583249,0.0004027003474648745,-0.04400042064775178,-0.2615275268731736,-2.91038304567337e-10,7.821654435247183e-10,4.874891601502895e-10,-8.847089727481716e-15,1.509903313490213e-14,6.272760089132134e-15,0,0
796.8,1800,100.6752431464095,1000,285.0266220175557,1245016.173789208,0.04991045650607588,24.94216136819708,1391.449062568862,800,283.8940104798078,1116803.371645957,0.04947464604960294,24.72729869859029,1290.773819422452,0.4991045650607588,0.4947464604960293,0.0002,0.0007261905553796168,0.0004027009725856378,-0.04448690223456353,-0.2623039017734818,-4.201865522190928e-10,8.11269273981452e-10,6.184563972055912e-10,-1.015854067532018e-14,1.137978600240785e-14,1.221245327087672e-15,0,0
799.2,1800,100.6753966083068,1000,285.026624643068,1244992.189297262,0.04990948302417709,24.94167488512367,1391.449303729774,800,283.894011499828,1116768.448950232,0.04947309264384895,24.72652232348871,1290.773907121467,0.4990948302417709,0.4947309264384895,0.0002,0.0007261912569717351,0.000402701586433227,-0.04497338530797279,-0.2630802768750584,-7.457856554538012e-11,9.458744898438454e-10,1.105945557355881e-09,-9.478529072737274e-15,1.443289932012704e-14,5.051514762044462e-15,0,0
801.6,1800,100.675547347402,1000,285.0266272341289,1244968.20111758,0.04990850953916402,24.94118840059025,1391.449541726303,800,283.8940125147122,1116733.525705062,0.04947153923763033,24.72574594816741,1290.773994378901,0.4990850953916402,0.4947153923763032,0.0002,0.0007261919550312086,0.0004027021893896081,-0.04545986984140171,-0.2638566521963632,-4.5656634029001e-10,7.785274647176266e-10,8.003553375601768e-11,-1.121325254871408e-14,1.265654248072678e-14,1.554312234475219e-15,0,0
804,1800,100.6756954532543,1000,285.0266297913427,1244944.209314723,0.04990753605109133,24.94070191462237,1391.449776613878,800,283.8940135240634,1116698.601868585,0.04946998583091205,24.72496957260982,1290.774081160623,0.4990753605109133,0.4946998583091204,0.0002,0.0007261926492849871,0.0004027027818130173,-0.04594635580927786,-0.2646330277539555,-2.928572939708829e-10,9.422365110367537e-10,6.330083124339581e-10,-1.092875789865388e-14,1.63202784619898e-14,5.440092820663267e-15,0,0
806.4,1800,100.6758410122679,1000,285.0266323152971,1244920.213951794,0.04990656256001223,24.94021542724504,1391.450008446546,800,283.8940145275053,1116663.677401084,0.04946843242366083,24.7241931968002,1290.774167434279,0.4990656256001223,0.4946843242366082,0.0002,0.0007261933394742281,0.0004027033640490717,-0.0464328431866079,-0.2654094035635701,-2.601154847070575e-10,7.057678885757923e-10,1.964508555829525e-10,-6.175615574477433e-15,1.038058528024521e-14,4.218847493575595e-15,0,0
808.8,1800,100.6759841050482,1000,285.0266348065593,1244896.21508937,0.0499055890659779,24.93972893848223,1391.450237276346,800,283.8940155247056,1116628.75226753,0.04946687901584738,24.72341682072472,1290.774253171298,0.499055890659779,0.4946687901584738,0.0002,0.0007261940253703851,0.0004027039364201928,-0.04691933194941456,-0.2661857796390521,-6.857590051367879e-10,1.044099917635322e-09,3.492459654808044e-10,-9.790779298413099e-15,1.243449787580175e-14,2.609024107869118e-15,0,0
811.2,1800,100.6761248064902,1000,285.026637265672,1244872.212785654,0.04990461556903753,24.93924244835701,1391.450463153164,800,283.8940165153733,1116593.826437228,0.04946532560744597,24.72264044437121,1290.774338346674,0.4990461556903753,0.4946532560744596,0.0002,0.000726194706773389,0.0004027044992259607,-0.04740582207463717,-0.2669621559925588,-7.512426236644387e-10,8.221832104027271e-10,-1.746229827404022e-10,-1.120631365481017e-14,8.992806499463768e-15,-2.05391259555654e-15,0,0
813.6,1800,100.6762631894458,1000,285.0266396931678,1244848.20709773,0.04990364206923933,24.93875595689198,1391.450686125912,800,283.8940174992301,1116558.899880885,0.04946377219843209,24.7218640677281,1290.774422936466,0.4990364206923933,0.4946377219843208,0.0002,0.0007261953834917294,0.000402705052757783,-0.04789231353966983,-0.2677385326356685,-2.564775058999658e-10,7.530616130679846e-10,4.874891601502895e-10,-9.561795799584161e-15,1.115774139748282e-14,1.720845688168993e-15,0,0
816,1800,100.6763993224779,1000,285.0266420895628,1244824.198080739,0.04990266856662987,24.93826946410897,1391.450906241979,800,283.89401847603,1116523.972572546,0.04946221878878403,24.72108769078512,1290.774506919501,0.4990266856662987,0.4946221878878402,0.0002,0.0007261960553560093,0.0004027055972899115,-0.0483788063226811,-0.2685149095786521,-5.056790541857481e-10,8.549250196665525e-10,5.675246939063072e-10,-1.045691311318819e-14,1.437738816889578e-14,4.052314039881821e-15,0,0
818.4,1800,100.6765332705988,1000,285.0266444553561,1244800.18578825,0.04990169506125441,24.93778297002919,1391.451123547231,800,283.8940194455496,1116489.044488744,0.04946066537848214,24.72031131353297,1290.774590276632,0.499016950612544,0.4946066537848214,0.0002,0.0007261967222130588,0.0004027061330823953,-0.04886530040245773,-0.2692912868307964,-4.729372449219227e-10,1.06228981167078e-09,3.346940502524376e-10,-1.441902153231922e-14,1.204591981718295e-14,-2.331468351712829e-15,0,0
820.8,1800,100.6766650958625,1000,285.0266467910348,1244776.170272383,0.04990072155315698,24.9372964746733,1391.451338086375,800,283.8940204075876,1116454.115608227,0.04945911196750865,24.71953493596327,1290.774672990512,0.4990072155315698,0.4945911196750865,0.0002,0.0007261973839240999,0.00040270666038345,-0.04935179575834781,-0.2700676644004965,-3.765308065339923e-10,1.116859493777156e-09,4.94765117764473e-10,-8.271161533457416e-15,1.149080830487037e-14,3.33066907387547e-15,0,0
823.2,1800,100.6767948572617,1000,285.0266490970717,1244752.151583784,0.04989974804238032,24.93680997806134,1391.451549902872,800,283.8940213619635,1116419.185912012,0.04945755855584769,24.71875855806852,1290.77475504561,0.4989974804238032,0.4945755855584769,0.0002,0.0007261980403648795,0.0004027071794290468,-0.04983829237031046,-0.2708440422952556,-3.16504156216979e-10,1.124135451391339e-09,5.675246939063072e-10,-7.174816296640074e-15,1.254552017826427e-14,5.495603971894525e-15,0,0
825.6,1800,100.6769226111705,1000,285.0266513739276,1244728.129771815,0.04989877452896615,24.93632348021285,1391.451759039041,800,283.8940223085135,1116384.255382964,0.0494560051434849,24.71798217984192,1290.774836427871,0.4989877452896614,0.494560051434849,0.0002,0.0007261986914229673,0.0004027076904446821,-0.05032479021879865,-0.2716204205218489,-2.892193151637912e-10,8.221832104027271e-10,5.165929906070232e-10,-1.115080250357892e-14,1.154631945610163e-14,5.551115123125783e-16,0,0
828,1800,100.6770484123499,1000,285.0266536220552,1244704.104884952,0.04989780101295541,24.93583698114704,1391.451965536431,800,283.8940232470843,1116349.324004878,0.04945445173040679,24.7172058012771,1290.774917124081,0.4989780101295541,0.4945445173040679,0.0002,0.0007261993369926513,0.0004027081936493996,-0.05081128928460643,-0.2723967990866747,-3.492459654808044e-10,1.105945557355881e-09,9.677023626863956e-10,-9.325873406851315e-15,1.282307593442056e-14,3.663735981263017e-15,0,0
830.4,1800,100.6771723135307,1000,285.0266558418965,1244680.076970572,0.04989682749438813,24.93535048088266,1391.4521694357,800,283.8940241775348,1116314.39176297,0.04945289831660096,24.71642942236819,1290.774997122169,0.4989682749438812,0.4945289831660095,0.0002,0.000726199976977352,0.0004027086892541228,-0.05129778954898256,-0.2731731779955773,-2.219167072325945e-10,9.058567229658365e-10,6.621121428906918e-10,-1.194877530252825e-14,1.160183060733289e-14,-1.665334536937735e-16,0,0
832.8,1800,100.6772943660003,1000,285.0266580338863,1244656.046075181,0.04989585397330356,24.93486397943814,1391.452370776699,800,283.8940250997329,1116279.458643377,0.04945134490205583,24.71565304310974,1290.775076410699,0.4989585397330356,0.4945134490205583,0.0002,0.0007262006112855887,0.0004027091774640012,-0.05178429099350623,-0.2739495572540278,-6.075424607843161e-10,1.127773430198431e-09,5.093170329928398e-10,-1.321859288694327e-14,1.23789867245705e-14,-7.216449660063518e-16,0,0
835.2,1800,100.677414619754,1000,285.0266601984509,1244632.012244528,0.04989488044974037,24.93437747683159,1391.452569598695,800,283.8940260135531,1116244.524632883,0.04944979148676037,24.71487666349653,1290.775154978941,0.4989488044974037,0.4944979148676037,0.0002,0.0007262012398315309,0.0004027096584790161,-0.0522707936000586,-0.2747259368672452,-5.165929906070232e-10,8.512870408594608e-10,3.201421350240707e-10,-9.908740494779522e-15,1.371125435412068e-14,3.885780586188048e-15,0,0
837.6,1800,100.6775331118624,1000,285.0266623359714,1244607.975519329,0.0498939069237329,24.93389097307912,1391.452765936576,800,283.8940269189703,1116209.589729025,0.04944823807071255,24.71410028352758,1290.775232824714,0.498939069237329,0.4944823807071255,0.0002,0.0007262018625977125,0.0004027101324474497,-0.0527572973525281,-0.2755023168361888,-4.456524038687348e-10,8.512870408594608e-10,6.184563972055912e-10,-1.210143096841421e-14,1.409983241273949e-14,2.164934898019055e-15,0,0
840,1800,100.677649874357,1000,285.0266644468078,1244583.935938228,0.04989293339531387,24.93340446819604,1391.452959823472,800,283.8940278159973,1116174.65393312,0.04944668465391349,24.71332390320345,1290.775309949115,0.4989293339531387,0.4944668465391349,0.0002,0.0007262024795929209,0.0004027105994974281,-0.05324380223560254,-0.2762786971603184,-1.564330887049437e-10,9.495124686509371e-10,7.712515071034431e-10,-7.716050021144838e-15,1.193489751472043e-14,4.274358644806853e-15,0,0
842.4,1800,100.6777649573471,1000,285.0266665313774,1244559.893546019,0.04989195986452105,24.93291796220009,1391.453151297747,800,283.8940287044973,1116139.717230891,0.04944513123635131,24.7125475225185,1290.7753863404,0.4989195986452105,0.4944513123635131,0.0002,0.0007262030907231965,0.0004027110598293884,-0.05373030823155389,-0.2770550778452687,-2.310116542503238e-10,1.160515239462256e-09,6.83940015733242e-10,-6.279698983036042e-15,1.23789867245705e-14,6.272760089132134e-15,0,0
844.8,1800,100.6778784002327,1000,285.0266685900614,1244535.848383289,0.04989098633138872,24.93243145510733,1391.453340394336,800,283.8940295844186,1116104.779616897,0.04944357781802142,24.71177114147059,1290.775461994103,0.4989098633138872,0.4944357781802142,0.0002,0.0007262036959528232,0.0004027115136009306,-0.05421681532431322,-0.2778314588931785,-1.800799509510398e-10,1.055013854056597e-09,8.585629984736443e-10,-1.020017403874363e-14,1.443289932012704e-14,4.440892098500626e-15,0,0
847.2,1800,100.6779902409312,1000,285.0266706232293,1244511.800489856,0.04989001279595053,24.93194494693354,1391.453527147224,800,283.8940304557153,1116069.841086451,0.04944202439891997,24.71099476005788,1290.775536906293,0.4989001279595052,0.4944202439891996,0.0002,0.0007262042952503452,0.0004027119609637248,-0.05470332349810647,-0.2786078403058916,-2.528395270928741e-10,8.403731044381857e-10,5.675246939063072e-10,-1.092181900474998e-14,1.38222766565832e-14,3.05311331771918e-15,0,0
849.6,1800,100.6781005165194,1000,285.026672631248,1244487.749904835,0.04988903925823949,24.9314584376942,1391.453711590091,800,283.8940313183481,1116034.901635465,0.04944047097904358,24.71021837827876,1290.775611073572,0.4988903925823949,0.4944047097904358,0.0002,0.0007262048885885742,0.0004027124020660776,-0.05518983273745093,-0.2793842220850067,-4.129105946049094e-10,8.658389560878277e-10,4.365574568510056e-10,-1.3537782006523e-14,1.321165399303936e-14,-1.665334536937735e-16,0,0
852,1800,100.6782092569981,1000,285.0266746144555,1244463.696664592,0.04988806571828635,24.9309719274037,1391.453893753995,800,283.8940321723293,1115999.961265251,0.04943891755839334,24.70944199613379,1290.775684496997,0.4988806571828635,0.4943891755839334,0.0002,0.0007262054759759757,0.0004027128370279924,-0.05567634302794389,-0.2801606042299838,-3.619788913056254e-10,8.549250196665525e-10,7.130438461899757e-10,-1.375982661144803e-14,1.459943277382081e-14,9.436895709313831e-16,0,0
854.4,1800,100.6783164901797,1000,285.0266765731808,1244439.640804301,0.04988709217612079,24.93048541607599,1391.454073669129,800,283.8940330176862,1115965.019978892,0.0494373641369719,24.70866561362418,1290.77575717895,0.4988709217612078,0.494373641369719,0.0002,0.0007262060574315983,0.0004027132659607186,-0.05616285435565871,-0.2809369867395901,-5.948095349594951e-10,5.857145879417658e-10,-2.91038304567337e-11,-1.074140776324839e-14,1.015854067532018e-14,-3.33066907387547e-16,0,0
856.8,1800,100.6784222522449,1000,285.0266785077775,1244415.5823619,0.04988611863177483,24.92999890372607,1391.454251368041,800,283.8940338543769,1115930.077772002,0.04943581071477563,24.70788923074824,1290.775829115797,0.4988611863177482,0.4943581071477563,0.0002,0.0007262066329263725,0.0004027136890089796,-0.05664936670557807,-0.2817133696155345,-5.056790541857481e-10,1.01863406598568e-09,5.020410753786564e-10,-9.298117831235686e-15,1.298960938811433e-14,3.941291737419306e-15,0,0
859.2,1800,100.6785265738322,1000,285.0266804185791,1244391.521373022,0.0498851450852786,24.92951239036805,1391.454426881296,800,283.8940346824005,1115895.13464459,0.04943425729180451,24.70711284750596,1290.775900307464,0.498851450852786,0.4943425729180451,0.0002,0.0007262072024597091,0.0004027141062953287,-0.05713588006359771,-0.2824897528578099,-4.365574568510056e-11,9.458744898438454e-10,6.548361852765083e-10,-1.310063169057685e-14,8.104628079763643e-15,-4.884981308350689e-15,0,0
861.6,1800,100.6786294846527,1000,285.026682305912,1244367.457872716,0.04988417153666168,24.92902587601581,1391.454600238901,800,283.8940355017604,1115860.190597045,0.04943270386805902,24.70633646389754,1290.775970754248,0.4988417153666168,0.4943270386805902,0.0002,0.0007262077660339873,0.0004027145179386107,-0.05762239441583361,-0.2832661364662279,-1.400621840730309e-10,6.475602276623249e-10,2.546585164964199e-10,-1.590394482775537e-14,1.221245327087672e-14,-3.441691376337985e-15,0,0
864,1800,100.6787310139041,1000,285.026684170099,1244343.391895506,0.04988319798595327,24.92853936068304,1391.454771470483,800,283.8940363124614,1115825.245630018,0.04943115044353963,24.70556007992325,1290.776040456579,0.4988319798595326,0.4943115044353963,0.0002,0.0007262083236526341,0.0004027149240556164,-0.05810890974861138,-0.2840425204405257,-1.946318661794066e-10,6.912159733474255e-10,7.130438461899757e-10,-1.198346977204778e-14,1.337818744673314e-14,1.498801083243961e-15,0,0
866.4,1800,100.6788311841478,1000,285.0266860114369,1244319.323473243,0.0498822244331802,24.92805284438232,1391.454940603331,800,283.8940371145588,1115790.299749422,0.04942959701825137,24.70478369558543,1290.776109419184,0.498822244331802,0.4942959701825137,0.0002,0.0007262088753534681,0.0004027153247365913,-0.05859542604932955,-0.2848189047783443,-3.54702933691442e-10,8.330971468240023e-10,4.511093720793724e-10,-9.63812363252714e-15,1.010302952408892e-14,6.106226635438361e-16,0,0
868.8,1800,100.6789300157875,1000,285.0266878302135,1244295.252636709,0.04988125087836849,24.92756632712585,1391.455107663868,800,283.8940379081224,1115755.352962706,0.0494280435922005,24.70400731088706,1290.77617764808,0.4988125087836849,0.494280435922005,0.0002,0.0007262094211846434,0.00040271572006315,-0.0590819433058023,-0.2855952894767064,-4.001776687800884e-11,6.621121428906918e-10,8.36735125631094e-10,-9.922618282587337e-15,9.048317650695026e-15,-6.661338147750939e-16,0,0
871.2,1800,100.6790275384051,1000,285.0266896267443,1244271.17941977,0.04988027732154676,24.92707980892703,1391.455272681066,800,283.8940386931454,1115720.405269223,0.04942649016538658,24.70323092582792,1290.776245142661,0.4988027732154675,0.4942649016538658,0.0002,0.0007262099611412905,0.0004027161101536203,-0.05956846150461814,-0.2863716745358538,-1.164153218269348e-10,8.62200977280736e-10,4.94765117764473e-10,-1.001976279724204e-14,9.936496070395151e-15,1.110223024625157e-16,0,0
873.6,1800,100.6791237761238,1000,285.0266914013245,1244247.103854004,0.04987930376274163,24.92659328979837,1391.455435682043,800,283.8940394696623,1115685.456672717,0.04942493673781268,24.70245454040948,1290.776311905919,0.4987930376274163,0.4942493673781268,0.0002,0.0007262104952473545,0.0004027164951044951,-0.06005498063327508,-0.287148059954287,-6.002665031701326e-11,6.584741640836e-10,5.675246939063072e-10,-1.060956877907415e-14,1.054711873393899e-14,5.551115123125783e-17,0,0
876,1800,100.6792187524627,1000,285.0266931542441,1244223.025970509,0.04987833020197942,24.92610676975219,1391.455596693465,800,283.8940402377098,1115650.507177146,0.04942338330948223,24.70167815463335,1290.776377941002,0.4987833020197942,0.4942338330948223,0.0002,0.0007262110235280161,0.0004027168750098508,-0.0605415006794594,-0.2879244457304218,-3.510649548843503e-10,5.20230969414115e-10,1.455191522836685e-10,-9.693634783758398e-15,1.071365218763276e-14,1.110223024625157e-15,0,0
878.4,1800,100.6793124904282,1000,285.0266948857898,1244198.945799938,0.04987735663928598,24.92562024880061,1391.455755741596,800,283.8940409973258,1115615.556786598,0.04942182988039866,24.70090176850115,1290.776443251168,0.4987735663928598,0.4942182988039866,0.0002,0.0007262115460093427,0.0004027172499617127,-0.0610280216310386,-0.2887008318626236,-4.074536263942719e-10,8.913048077374697e-10,4.656612873077393e-10,-1.077610223276793e-14,8.326672684688674e-15,-2.331468351712829e-15,0,0
880.8,1800,100.6794050090618,1000,285.0266965962307,1244174.863371229,0.04987638307468577,24.92513372695509,1391.45591285125,800,283.8940417485776,1115580.605508219,0.049420276450568,24.70012538201573,1290.776507842188,0.4987638307468577,0.49420276450568,0.0002,0.0007262120627375024,0.0004027176200362474,-0.06151454347655516,-0.2894772183480399,1.01863406598568e-10,1.014996087178588e-09,8.658389560878277e-10,-1.244143676970566e-14,8.104628079763643e-15,-4.107825191113079e-15,0,0
883.2,1800,100.6794963260256,1000,285.0266982858302,1244150.778712539,0.04987540950820255,24.92464720422679,1391.456068046547,800,283.8940424915401,1115545.653350069,0.04941872301999706,24.69934899518031,1290.776571720521,0.4987540950820255,0.4941872301999706,0.0002,0.0007262125737641709,0.0004027179853041025,-0.06200106620485712,-0.2902536051834623,-1.855369191616774e-10,1.207808963954449e-09,1.004082150757313e-09,-1.042221864366866e-14,7.271960811294775e-15,-3.05311331771918e-15,0,0
885.6,1800,100.6795864644387,1000,285.0266999548679,1244126.691853788,0.04987443593986159,24.92416068062754,1391.456221353178,800,283.8940432262433,1115510.700315321,0.04941716958868848,24.69857260799616,1290.776634888739,0.4987443593986159,0.4941716958868848,0.0002,0.0007262130791099135,0.0004027183458577546,-0.06248758980410329,-0.2910299923676121,2.182787284255028e-11,7.748894859105349e-10,7.785274647176266e-10,-9.409140133698202e-15,1.187938636348917e-14,2.664535259100376e-15,0,0
888,1800,100.6796754441086,1000,285.0267016036087,1244102.602823416,0.04987346236968689,24.92367415616861,1391.45637279548,800,283.8940439527397,1115475.746409693,0.04941561615664714,24.69779622046556,1290.776697351371,0.4987346236968688,0.4941561615664714,0.0002,0.0007262135788109699,0.0004027187017764345,-0.06297411426304222,-0.2918063798982153,1.800799509510398e-10,8.840288501232862e-10,1.280568540096283e-09,-1.69864122767649e-14,1.448841047135829e-14,-2.442490654175344e-15,0,0
890.4,1800,100.6797632844498,1000,285.0267032323143,1244078.511649475,0.04987248879770216,24.9231876308611,1391.456522397523,800,283.8940446710839,1115440.791638947,0.04941406272387786,24.69701983259079,1290.776759113074,0.4987248879770216,0.4941406272387786,0.0002,0.0007262140729045896,0.0004027190531377991,-0.06346063957054326,-0.2925827677729771,-4.729372449219227e-11,9.677023626863956e-10,9.022187441587448e-10,-8.743006318923108e-15,1.010302952408892e-14,1.609823385706477e-15,0,0
892.8,1800,100.6798500045541,1000,285.0267048412438,1244054.418359661,0.04987151522393081,24.92270110471598,1391.456670183064,800,283.8940453813298,1115405.836008838,0.04941250929038553,24.69624344437418,1290.77682017851,0.4987151522393081,0.4941250929038553,0.0002,0.0007262145614280779,0.0004027194000182162,-0.06394716571567116,-0.2933591559895881,-1.091393642127514e-10,1.044099917635322e-09,6.83940015733242e-10,-1.436351038108796e-14,1.282307593442056e-14,-1.332267629550188e-15,0,0
895.2,1800,100.6799356204597,1000,285.0267064306425,1244030.322980267,0.04987054164839501,24.92221457774365,1391.456816174656,800,283.8940460835531,1115370.879527503,0.04941095585617695,24.69546705581895,1290.776880554196,0.4987054164839501,0.4941095585617695,0.0002,0.0007262150444335711,0.0004027197424818387,-0.06443369268799515,-0.2941355445448188,-1.618900569155812e-10,9.495124686509371e-10,7.712515071034431e-10,-1.19071419391048e-14,1.199040866595169e-14,2.775557561562891e-16,0,0
897.6,1800,100.6800201469432,1000,285.0267080007486,1244006.225536929,0.04986956807111641,24.92172804995427,1391.456960394185,800,283.8940467778368,1115335.922203771,0.04940940242125962,24.69469066692862,1290.776940247242,0.4986956807111641,0.4940940242125961,0.0002,0.0007262155219779342,0.0004027200805877728,-0.06492022047737578,-0.2949119334351522,-1.055013854056597e-10,9.895302355289459e-10,8.658389560878277e-10,-1.050548537051554e-14,1.054711873393899e-14,1.665334536937735e-16,0,0
900,1800,100.6801036035972,1000,285.0267095518172,1243982.126056753,0.04986859449211787,24.92124152135856,1391.457102865041,800,283.8940474642249,1115300.964042319,0.04940784898563742,24.69391427770505,1290.776999261444,0.4986859449211787,0.4940784898563742,0.0002,0.000726215994091548,0.0004027204144143888,-0.06540674907308386,-0.295688322658723,6.002665031701326e-11,7.457856554538012e-10,1.025910023599863e-09,-1.319777620523155e-14,5.162537064506978e-15,-7.938094626069869e-15,0,0
902.4,1800,100.680186007148,1000,285.0267110840883,1243958.024565621,0.04986762091142133,24.92075499196678,1391.457243609301,800,283.8940481427795,1115266.005049837,0.04940629554931606,24.69313788815091,1290.777057602153,0.4986762091142133,0.4940629554931606,0.0002,0.0007262164608172224,0.000402720744028592,-0.06589327846486626,-0.2964647122128561,3.001332515850663e-10,6.148184183984995e-10,9.022187441587448e-10,-1.230959778553142e-14,5.273559366969494e-15,-6.883382752675971e-15,0,0
904.8,1800,100.6802673741031,1000,285.0267125978004,1243933.921089087,0.0498666473290483,24.92026846178904,1391.457382648871,800,283.8940488135636,1115231.045232972,0.04940474211230114,24.69236149826887,1290.777115274768,0.4986664732904829,0.4940474211230113,0.0002,0.0007262169221981402,0.0004027210694964124,-0.06637980864261195,-0.2972411020949011,4.129105946049094e-10,9.640643838793039e-10,1.59343471750617e-09,-1.457167719820518e-14,1.27675647831893e-14,-1.665334536937735e-15,0,0
907.2,1800,100.6803477209326,1000,285.02671409319,1243909.815652408,0.04986567374502015,24.91978193083533,1391.457520005471,800,283.8940494766382,1115196.084598286,0.04940318867459811,24.69158510806151,1290.777172284538,0.4986567374502014,0.494031886745981,0.0002,0.0007262173782763074,0.0004027213908837302,-0.06686633959631294,-0.2980174923022574,4.001776687800884e-11,9.204086381942034e-10,1.178705133497715e-09,-1.069977439982495e-14,1.298960938811433e-14,2.442490654175344e-15,0,0
909.6,1800,100.6804270612079,1000,285.026715570481,1243885.708279569,0.04986470015935708,24.91929539911516,1391.457655699673,800,283.8940501320848,1115161.123154474,0.04940163523621433,24.69080871753231,1290.777228638465,0.4986470015935708,0.4940163523621433,0.0002,0.0007262178291077216,0.0004027217082448314,-0.06735287131648704,-0.2987938828314611,6.002665031701326e-11,7.712515071034431e-10,1.047737896442413e-09,-1.333655408330969e-14,9.603429163007604e-15,-3.663735981263017e-15,0,0
912,1800,100.680505407295,1000,285.0267170298907,1243861.598993944,0.04986372657207887,24.91880886663778,1391.45778975142,800,283.8940507799916,1115126.160910867,0.04940008179715769,24.69003232668498,1290.777284344125,0.4986372657207886,0.4940008179715769,0.0002,0.0007262182747529969,0.0004027220216291798,-0.06783940379386522,-0.2995702736787926,6.002665031701326e-11,1.011358108371496e-09,1.055013854056597e-09,-7.216449660063518e-15,1.071365218763276e-14,3.552713678800501e-15,0,0
914.4,1800,100.6805827761859,1000,285.0267184716513,1243837.487820307,0.04986275298320642,24.91832233341299,1391.457922182037,800,283.8940514204087,1115091.197872878,0.04939852835743273,24.68925593552167,1290.777339405851,0.4986275298320642,0.4939852835743273,0.0002,0.0007262187152468087,0.0004027223311047437,-0.06832593701865974,-0.3003466648420989,1.855369191616774e-10,1.022272044792771e-09,1.193257048726082e-09,-1.192101972691262e-14,9.992007221626409e-15,-1.77635683940025e-15,0,0
916.8,1800,100.6806591821833,1000,285.0267198959827,1243813.374782292,0.0498617793927597,24.91783579945015,1391.458053011761,800,283.8940520534051,1115056.234047774,0.04939697491704554,24.68847954404529,1290.777393829577,0.498617793927597,0.4939697491704554,0.0002,0.0007262191506366198,0.0004027226367287331,-0.06881247098149856,-0.3011230563184846,1.764419721439481e-10,6.803020369261503e-10,8.440110832452774e-10,-1.203204202937513e-14,8.992806499463768e-15,-2.942091015256665e-15,0,0
919.2,1800,100.6807346396004,1000,285.0267213031036,1243789.259903237,0.04986080580075842,24.9173492647585,1391.458182260619,800,283.8940526790476,1115021.269442778,0.04939542147600223,24.6877031522587,1290.777447621019,0.4986080580075842,0.4939542147600222,0.0002,0.0007262195809681507,0.0004027229385584014,-0.06929900567314462,-0.3018994481050683,4.474713932722807e-10,9.458744898438454e-10,1.375155989080667e-09,-9.575673587391975e-15,1.376676550535194e-14,4.274358644806853e-15,0,0
921.6,1800,100.6808091623277,1000,285.0267226932281,1243765.143206195,0.04985983220722204,24.91686272934717,1391.458309948332,800,283.8940532974037,1114986.304065036,0.04939386803430883,24.68692676016475,1290.777500786004,0.4985983220722204,0.4939386803430883,0.0002,0.000726220006288031,0.0004027232366493108,-0.0697855410844781,-0.3026758401990186,-1.01863406598568e-10,8.403731044381857e-10,9.604264050722122e-10,-1.208755318060639e-14,9.381384558082573e-15,-2.609024107869118e-15,0,0
924,1800,100.6808827625518,1000,285.0267240665639,1243741.024713297,0.04985885861216926,24.91637619322492,1391.458436093944,800,283.8940539085536,1114951.337923072,0.04939231459197246,24.68615036776684,1290.777553331392,0.4985885861216925,0.4939231459197246,0.0002,0.000726220426651138,0.0004027235310502073,-0.07027207720672735,-0.3034522325969355,-9.458744898438454e-11,1.065927790477872e-09,9.604264050722122e-10,-7.716050021144838e-15,5.051514762044462e-15,-2.498001805406602e-15,0,0
926.4,1800,100.6809554514955,1000,285.0267254233121,1243716.90444617,0.04985788501561832,24.9158896564003,1391.458560715952,800,283.8940545125814,1114916.371025836,0.04939076114900075,24.68537397506852,1290.777605264456,0.4985788501561831,0.4939076114900075,0.0002,0.0007262208421156501,0.0004027238218059819,-0.07075861403135164,-0.3042286252952522,1.127773430198431e-10,1.04046193882823e-09,1.135049387812614e-09,-1.752764600126966e-14,6.994405055138486e-15,-1.043609643147647e-14,0,0
928.8,1800,100.6810272433599,1000,285.0267267636829,1243692.782427303,0.04985691141758821,24.91540311888224,1391.458683833638,800,283.8940551095465,1114881.403379685,0.04938920770539895,24.68459758207232,1290.777656590278,0.4985691141758821,0.4938920770539895,0.0002,0.0007262212527222254,0.0004027241089734398,-0.07124515154941236,-0.3050050182914461,-8.185452315956354e-11,1.175067154690623e-09,1.08411768451333e-09,-6.619704784327496e-15,6.439293542825908e-15,-5.551115123125783e-17,0,0
931.2,1800,100.6810981505869,1000,285.0267280878787,1243668.658678343,0.04985593781809721,24.91491658067927,1391.458805465605,800,283.8940556995203,1114846.434992186,0.04938765426117349,24.68382118878127,1290.777707315018,0.4985593781809721,0.4938765426117349,0.0002,0.0007262216585201477,0.0004027243926023475,-0.07173168975237942,-0.3057814115825011,1.000444171950221e-10,7.676135282963514e-10,6.257323548197746e-10,-1.38222766565832e-14,6.772360450213455e-15,-6.994405055138486e-15,0,0
933.6,1800,100.6811681854003,1000,285.0267293960982,1243644.533220653,0.04985496421716339,24.91443004179988,1391.458925630106,800,283.8940562825733,1114811.465870875,0.04938610081633069,24.68304479519836,1290.777757444706,0.4985496421716338,0.4938610081633069,0.0002,0.0007262220595576455,0.0004027246727416013,-0.07221822863176541,-0.306557805165415,1.964508555829525e-10,8.039933163672686e-10,7.494236342608929e-10,-9.867107131356079e-15,1.154631945610163e-14,1.77635683940025e-15,0,0
936,1800,100.6812373598357,1000,285.0267306885387,1243620.40607533,0.04985399061480455,24.91394350225241,1391.459044345268,800,283.8940568587762,1114776.496023238,0.04938454737087689,24.68226840132655,1290.777806985433,0.4985399061480454,0.4938454737087689,0.0002,0.0007262224558834604,0.0004027249494393427,-0.07270476817923566,-0.3073341990372178,-5.820766091346741e-11,1.051375875249505e-09,9.822542779147625e-10,-1.096345236817342e-14,1.176836406102666e-14,9.436895709313831e-16,0,0
938.4,1800,100.6813056850326,1000,285.0267319653923,1243596.277262917,0.04985301701103803,24.913456962045,1391.459161628714,800,283.8940574282041,1114741.525457294,0.04938299392481877,24.68149200716905,1290.777855943682,0.4985301701103803,0.4938299392481877,0.0002,0.0007262228475494539,0.0004027252227401304,-0.07319130838665089,-0.3081105931947228,-5.820766091346741e-11,8.36735125631094e-10,7.639755494892597e-10,-1.072752997544058e-14,3.05311331771918e-15,-7.605027718682322e-15,0,0
940.8,1800,100.6813731717164,1000,285.0267332268471,1243572.146803593,0.04985204340588086,24.91297042118562,1391.459277497738,800,283.8940579909337,1114706.554181226,0.04938144047816326,24.68071561272912,1290.777904326022,0.4985204340588085,0.4938144047816326,0.0002,0.0007262232346081764,0.0004027254926868654,-0.07367784924602461,-0.3088869876346543,2.000888343900442e-10,7.203198038041592e-10,9.167706593871117e-10,-1.086630785351872e-14,6.328271240363392e-15,-4.496403249731884e-15,0,0
943.2,1800,100.6814398316012,1000,285.0267344730938,1243548.014717787,0.04985106979935029,24.91248387968238,1391.459391969835,800,283.894058547032,1114671.582202115,0.04937988703091633,24.67993921800956,1290.777952138234,0.4985106979935029,0.4937988703091633,0.0002,0.0007262236171058702,0.0004027257593264048,-0.07416439074926728,-0.3096633823542092,8.913048077374697e-11,9.058567229658365e-10,9.822542779147625e-10,-9.200973316580985e-15,6.439293542825908e-15,-2.775557561562891e-15,0,0
945.6,1800,100.6815056757769,1000,285.0267357043184,1243523.881025419,0.04985009619146317,24.91199733754315,1391.459505062149,800,283.89405909657,1114636.60952751,0.04937833358308431,24.67916282301339,1290.777999386372,0.4985009619146317,0.4937833358308431,0.0002,0.0007262239950909734,0.0004027260227031074,-0.074650932888499,-0.310439777350382,1.255102688446641e-10,9.094947017729282e-10,1.025910023599863e-09,-1.199040866595169e-14,5.273559366969494e-15,-6.661338147750939e-15,0,0
948,1800,100.6815707149922,1000,285.0267369207047,1243499.745746158,0.04984912258223607,24.91151079477572,1391.459616791494,800,283.8940596396176,1114601.636164907,0.04937678013467352,24.67838642774359,1290.778046076502,0.4984912258223607,0.4937678013467352,0.0002,0.0007262243686120145,0.0004027262828599687,-0.0751374756559251,-0.3112161726201848,2.055458026006818e-10,5.20230969414115e-10,4.874891601502895e-10,-1.049160758270773e-14,7.549516567451064e-15,-2.942091015256665e-15,0,0
950.4,1800,100.6816349598391,1000,285.0267381224336,1243475.608899424,0.04984814897168541,24.91102425138778,1391.459727174516,800,283.8940601762457,1114566.662121748,0.04937522668569019,24.67761003220311,1290.778092214677,0.4984814897168541,0.4937522668569019,0.0002,0.0007262247377174153,0.0004027265398393565,-0.07562401904386462,-0.3119925681606652,7.275957614183426e-11,4.365574568510056e-10,2.619344741106033e-10,-1.226796442210798e-14,5.218048215738236e-15,-6.883382752675971e-15,0,0
952.8,1800,100.6816984205627,1000,285.0267393096834,1243451.470504258,0.0498471753598273,24.91053770738688,1391.459836227589,800,283.894060706525,1114531.687405659,0.0493736732361408,24.67683363639499,1290.778137807026,0.498471753598273,0.493736732361408,0.0002,0.0007262251024562101,0.0004027267936822509,-0.0761105630447716,-0.3127689639687823,-1.709850039333105e-10,9.349605534225702e-10,5.093170329928398e-10,-9.131584377541913e-15,6.050715484207103e-15,-2.997602166487923e-15,0,0
955.2,1800,100.681761107053,1000,285.026740482629,1243427.330579413,0.04984620174667748,24.91005116278042,1391.459943966779,800,283.8940612305278,1114496.712024293,0.04937211978603172,24.67605724032228,1290.778182859726,0.4984620174667748,0.4937211978603172,0.0002,0.0007262254628778063,0.0004027270444282121,-0.07659710765123151,-0.3135453600414948,1.01863406598568e-10,1.029548002406955e-09,8.949427865445614e-10,-9.58955137519979e-15,5.773159728050814e-15,-3.719247132494274e-15,0,0
957.6,1800,100.6818230295751,1000,285.0267416414451,1243403.18914366,0.0498452281322519,24.90956461757584,1391.460050408156,800,283.8940617483216,1114461.735984784,0.04937056633536902,24.67528084398781,1290.778227378581,0.498452281322519,0.4937056633536902,0.0002,0.0007262258190286466,0.0004027272921183003,-0.07708365285581209,-0.3143217563759606,-4.18367562815547e-11,4.583853296935558e-10,4.074536263942719e-10,-1.293409823688307e-14,8.382183835919932e-15,-4.440892098500626e-15,0,0
960,1800,100.6818841980958,1000,285.0267427863043,1243379.046215419,0.04984425451656609,24.90907807178043,1391.460155567532,800,283.8940622599744,1114426.759294417,0.04936901288415877,24.67450444739448,1290.778271369436,0.4984425451656608,0.4936901288415877,0.0002,0.0007262261709554914,0.000402727536792383,-0.07757019865121606,-0.3150981529692949,3.092281986027956e-11,5.638867150992155e-10,8.221832104027271e-10,-1.364186541508161e-14,8.881784197001252e-16,-1.271205363195804e-14,0,0
962.4,1800,100.6819446223201,1000,285.0267439173766,1243354.901812885,0.04984328089963536,24.90859152540141,1391.460259460518,800,283.8940627655546,1114391.781960401,0.04936745943240708,24.67372805054517,1290.778314838198,0.4984328089963536,0.4936745943240707,0.0002,0.00072622651870558,0.0004027277784892803,-0.07805674503024207,-0.3158745498186057,-5.456968210637569e-12,6.766640581190586e-10,6.621121428906918e-10,-1.354472090042691e-14,6.827871601444713e-15,-6.716849298982197e-15,0,0
964.8,1800,100.6820043119972,1000,285.0267450348297,1243330.755954037,0.04984230728147494,24.90810497844587,1391.460362102561,800,283.8940632651286,1114356.803989864,0.04936590598011991,24.67295165344269,1290.778357790564,0.4984230728147494,0.4936590598011991,0.0002,0.0007262268623245108,0.0004027280172479886,-0.07854329198577403,-0.3166509469210794,8.549250196665525e-11,4.401954356580973e-10,2.764863893389702e-10,-1.35308431126191e-14,4.329869796038111e-15,-9.214851104388799e-15,0,0
967.2,1800,100.6820632760116,1000,285.0267461388271,1243306.608656393,0.04984133366209964,24.90761843092077,1391.460463508644,800,283.8940637587675,1114321.825390315,0.04936435252730362,24.67217525609005,1290.778400232633,0.4984133366209964,0.4936435252730362,0.0002,0.0007262272018610602,0.0004027282531040464,-0.0790298395108735,-0.317427344273721,8.913048077374697e-11,8.440110832452774e-10,9.167706593871117e-10,-1.03667074924374e-14,2.109423746787797e-15,-8.271161533457416e-15,0,0
969.6,1800,100.6821215229604,1000,285.0267472295293,1243282.459937161,0.04984036004152394,24.90713188283291,1391.460563693522,800,283.8940642465426,1114286.846169368,0.0493627990739646,24.67139885849027,1290.778442170561,0.4984036004152393,0.493627990739646,0.0002,0.0007262275373644897,0.0004027284860918416,-0.07951638759873703,-0.3182037418735,3.874447429552674e-10,6.948539521545172e-10,1.069565769284964e-09,-1.212918654402984e-14,1.665334536937735e-15,-1.038058528024521e-14,0,0
972,1800,100.6821790624488,1000,285.0267483070996,1243258.309813781,0.0498393864197626,24.9066453341892,1391.460662672202,800,283.8940647285169,1114251.86633372,0.04936124562010847,24.67062246064602,1290.778483609753,0.498393864197626,0.4936124562010847,0.0002,0.0007262278688780279,0.000402728716249795,-0.08000293624245103,-0.3189801397177554,7.09405867382884e-11,4.256435204297304e-10,4.874891601502895e-10,-1.014466288751237e-14,1.665334536937735e-16,-9.992007221626409e-15,0,0
974.4,1800,100.6822359032999,1000,285.026749371696,1243234.158303264,0.04983841279682996,24.90615878499635,1391.460760459209,800,283.8940652047572,1114216.885890413,0.04935969216574118,24.66984606256009,1290.778524555909,0.4983841279682996,0.4935969216574118,0.0002,0.0007262281964472713,0.0004027289436131996,-0.08048948543529377,-0.3197565378036771,-5.275069270282984e-11,7.239577826112509e-10,6.548361852765083e-10,-1.609823385706477e-14,6.38378239159465e-15,-9.603429163007604e-15,0,0
976.8,1800,100.6822920542963,1000,285.0267504234762,1243210.005422406,0.04983743917274024,24.90567223526105,1391.460857068983,800,283.8940656753284,1114181.904846424,0.04935813871086855,24.66906966423526,1290.778565014687,0.4983743917274024,0.4935813871086854,0.0002,0.0007262285201174964,0.0004027291682171854,-0.08097603517059682,-0.3205329361285081,1.2732925824821e-11,7.166818249970675e-10,7.203198038041592e-10,-1.089406342913435e-14,1.998401444325282e-15,-8.881784197001252e-15,0,0
979.2,1800,100.6823475240847,1000,285.0267514625948,1243185.851187797,0.0498364655475074,24.90518568498984,1391.460952515754,800,283.8940661402961,1114146.923208663,0.04935658525549644,24.66829326567428,1290.778604991669,0.498364655475074,0.4935658525549644,0.0002,0.0007262288399333556,0.0004027293900963386,-0.08146258544180895,-0.321309334689488,4.729372449219227e-10,8.11269273981452e-10,1.266016624867916e-09,-1.04638520070921e-14,-9.992007221626409e-16,-1.137978600240785e-14,0,0
981.6,1800,100.6824023211916,1000,285.0267524892049,1243161.695615821,0.04983549192114534,24.90469913418921,1391.46104681358,800,283.8940665997242,1114111.940983966,0.04935503179963063,24.66751686687988,1290.778644492388,0.4983549192114534,0.4935503179963062,0.0002,0.0007262291559391032,0.0004027296092847664,-0.08194913624243938,-0.3220857334838918,2.364686224609613e-11,5.456968210637569e-10,7.8580342233181e-10,-1.079691891447965e-14,2.275957200481571e-15,-8.43769498715119e-15,0,0
984,1800,100.6824564540241,1000,285.0267535034578,1243137.538722668,0.04983451829366763,24.90421258286556,1391.461139976354,800,283.8940670536768,1114076.958179099,0.04935347834327672,24.66674046785473,1290.77868352233,0.4983451829366763,0.4935347834327672,0.0002,0.0007262294681786424,0.0004027298258160963,-0.08243568756608255,-0.3228621325090373,1.346052158623934e-10,6.83940015733242e-10,8.076312951743603e-10,-1.444677710793485e-14,4.163336342344337e-15,-1.02695629777827e-14,0,0
986.4,1800,100.682509930888,1000,285.0267545055026,1243113.38052433,0.04983354466508787,24.90372603102525,1391.46123201777,800,283.8940675022167,1114041.974800747,0.04935192488644038,24.6659640686015,1290.778722086882,0.4983354466508787,0.4935192488644038,0.0002,0.0007262297766950524,0.0004027300397235522,-0.08292223940639687,-0.323638531762267,5.638867150992155e-11,6.693881005048752e-10,4.802132025361061e-10,-1.117161918529064e-14,2.498001805406602e-15,-8.604228440844963e-15,0,0
988.8,1800,100.6825627600228,1000,285.0267554954868,1243089.221036612,0.04983257103541938,24.90323947867451,1391.461322951402,800,283.8940679454057,1114006.990855513,0.04935037142912723,24.66518766912283,1290.778760191379,0.4983257103541938,0.4935037142912723,0.0002,0.0007262300815310336,0.0004027302510400913,-0.08340879175713667,-0.3244149312409448,1.891748979687691e-10,4.511093720793724e-10,8.585629984736443e-10,-1.150468609267818e-14,6.38378239159465e-15,-4.996003610813204e-15,0,0
991.2,1800,100.6826149494568,1000,285.0267564735564,1243065.060275132,0.04983159740467534,24.90275292581953,1391.461412790611,800,283.8940683833059,1113972.006349919,0.04934881797134264,24.66441126942128,1290.778797841155,0.4983159740467534,0.4934881797134264,0.0002,0.0007262303827292362,0.0004027304597978273,-0.08389534461211312,-0.3251913309424914,3.274180926382542e-10,7.130438461899757e-10,1.266016624867916e-09,-9.728329253277934e-15,1.77635683940025e-15,-7.882583474838611e-15,0,0
993.6,1800,100.6826665073258,1000,285.0267574398553,1243040.898255329,0.04983062377286878,24.90226637246643,1391.461501548687,800,283.894068815977,1113937.021290397,0.04934726451309211,24.66363486949944,1290.778835041361,0.4983062377286878,0.493472645130921,0.0002,0.0007262306803308875,0.0004027306660293034,-0.08438189796521911,-0.3259677308643312,2.582964953035116e-10,7.676135282963514e-10,7.8580342233181e-10,-1.038058528024521e-14,5.440092820663267e-15,-4.884981308350689e-15,0,0
996,1800,100.6827174412599,1000,285.0267583945255,1243016.734992325,0.04982965014001242,24.90177981862119,1391.461589238601,800,283.8940692434815,1113902.035683555,0.04934571105438115,24.66285846935992,1290.778871797341,0.4982965014001242,0.4934571105438114,0.0002,0.0007262309743787282,0.0004027308697650396,-0.08486845181046121,-0.3267441310038492,-1.364242052659392e-10,8.258211892098188e-10,9.094947017729282e-10,-6.744604874597826e-15,3.774758283725532e-15,-2.886579864025407e-15,0,0
998.4,1800,100.6827677587569,1000,285.0267593377061,1242992.570501073,0.04982867650611899,24.90129326428972,1391.461675873162,800,283.8940696658809,1113867.049535909,0.04934415759521528,24.66208206900532,1290.778908114405,0.4982867650611899,0.4934415759521528,0.0002,0.0007262312649152372,0.0004027310710350275,-0.08535500614193126,-0.3275205313584486,-4.911271389573812e-11,8.87666828930378e-10,8.294591680169106e-10,-9.423017921506016e-15,2.55351295663786e-15,-6.827871601444713e-15,0,0
1000.8,1800,100.6828174679347,1000,285.0267602695375,1242968.404796607,0.04982770287120112,24.90080670947798,1391.461761465261,800,283.894070083231,1113832.062853398,0.04934260413559945,24.661305668438,1290.778943997326,0.4982770287120112,0.4934260413559945,0.0002,0.0007262315519786098,0.0004027312698717387,-0.08584156095367135,-0.3282969319257667,1.455191522836685e-11,9.531504474580288e-10,1.193257048726082e-09,-1.260103132949553e-14,1.831867990631508e-15,-1.06581410364015e-14,0,0
1003.2,1800,100.6828665764554,1000,285.0267611901574,1242944.237893655,0.04982672923527125,24.9003201541918,1391.461846027546,800,283.8940704955895,1113797.07564214,0.04934105067553886,24.6605292676604,1290.778979451091,0.4982672923527125,0.4934105067553886,0.0002,0.0007262318356087253,0.0004027314663058214,-0.08632811623984793,-0.3290733327033664,2.364686224609613e-10,6.439222488552332e-10,8.731149137020111e-10,-1.230959778553142e-14,4.940492459581947e-15,-7.271960811294775e-15,0,0
1005.6,1800,100.682915091958,1000,285.0267620997015,1242920.069806779,0.04982575559834171,24.89983359843695,1391.461929572488,800,283.8940709030125,1113762.087908159,0.04933949721503855,24.65975286667491,1290.77901448053,0.4982575559834171,0.4933949721503855,0.0002,0.0007262321158442391,0.0004027316603678318,-0.08681467199469495,-0.3298497336888602,4.18367562815547e-11,9.1313268058002e-10,1.171429175883532e-09,-8.03523914072457e-15,3.108624468950438e-15,-4.884981308350689e-15,0,0
1008,1800,100.6829630220057,1000,285.0267629983049,1242895.900550386,0.04982478196042463,24.89934704221913,1391.462012112494,800,283.8940713055568,1113727.099657379,0.04933794375410351,24.65897646548389,1290.779049090489,0.4982478196042462,0.4933794375410351,0.0002,0.0007262323927239086,0.0004027318520880226,-0.0873012282125174,-0.3306261348798856,7.457856554538012e-11,8.440110832452774e-10,6.766640581190586e-10,-7.840950111415168e-15,2.164934898019055e-15,-5.551115123125783e-15,0,0
1010.4,1800,100.6830103741454,1000,285.0267638861007,1242871.73013873,0.04982380832153206,24.89886048554398,1391.462093659777,800,283.8940717032765,1113692.110895625,0.04933639029273863,24.65820006408964,1290.779083285632,0.4982380832153206,0.4933639029273863,0.0002,0.0007262326662850537,0.0004027320414965816,-0.08778778488767003,-0.3314025362741262,1.964508555829525e-10,6.693881005048752e-10,1.091393642127514e-09,-8.867906409193438e-15,1.998401444325282e-15,-6.716849298982197e-15,0,0
1012.8,1800,100.6830571557539,1000,285.0267647632197,1242847.558585914,0.04982283468167589,24.89837392841708,1391.462174226382,800,283.8940720962256,1113657.121628615,0.04933483683094875,24.65742366249447,1290.779117070628,0.4982283468167589,0.4933483683094875,0.0002,0.0007262329365650275,0.0004027322286230155,-0.08827434201457152,-0.3321789378693012,6.002665031701326e-11,6.766640581190586e-10,7.34871719032526e-10,-1.318389841742373e-14,8.160139230994901e-15,-4.940492459581947e-15,0,0
1015.2,1800,100.6831033743779,1000,285.0267656297935,1242823.385905898,0.04982186104086796,24.89788737084396,1391.462253824363,800,283.894072484457,1113622.131861962,0.04933328336873854,24.65664726070058,1290.779150449986,0.4982186104086795,0.4933328336873853,0.0002,0.0007262332035998843,0.0004027324134975115,-0.08876089958768318,-0.3329553396631937,-8.913048077374697e-11,9.822542779147625e-10,8.949427865445614e-10,-8.187894806610529e-15,4.884981308350689e-15,-3.219646771412954e-15,0,0
1017.6,1800,100.6831490373568,1000,285.0267664859508,1242799.212112501,0.04982088739911986,24.8974008128301,1391.462332465535,800,283.8940728680222,1113587.141601168,0.04933172990611268,24.65587085871017,1290.779183428178,0.4982088739911986,0.4933172990611268,0.0002,0.0007262334674254271,0.0004027325961494271,-0.08924745760155162,-0.3337317416536045,-5.456968210637569e-12,6.330083124339581e-10,6.111804395914078e-10,-1.108835245844375e-14,2.05391259555654e-15,-8.93729534823251e-15,0,0
1020,1800,100.6831941521118,1000,285.0267673318192,1242775.037219405,0.04981991375644321,24.8969142543809,1391.462410161654,800,283.8940732469721,1113552.150851625,0.04933017644307569,24.65509445652539,1290.779216009542,0.4981991375644321,0.4933017644307569,0.0002,0.000726233728076335,0.0004027327766084472,-0.08973401605074827,-0.3345081438383843,-3.819877747446299e-11,6.693881005048752e-10,8.512870408594608e-10,-9.978129433818594e-15,4.718447854656915e-15,-5.162537064506978e-15,0,0
1022.4,1800,100.6832387259881,1000,285.0267681675256,1242750.861240162,0.04981894011284944,24.89642769550174,1391.462486924355,800,283.8940736213566,1113517.159618606,0.049328622979632,24.65431805414833,1290.779248198367,0.4981894011284944,0.49328622979632,0.0002,0.0007262339855869358,0.0004027329549039523,-0.09022057492991209,-0.3352845462154441,1.309672370553017e-10,4.329194780439138e-10,5.529727786779404e-10,-8.326672684688674e-15,3.219646771412954e-15,-5.051514762044462e-15,0,0
1024.8,1800,100.6832827613644,1000,285.0267689931745,1242726.684186008,0.04981796646834801,24.89594113619705,1391.462562763255,800,283.8940739912595,1113482.167911015,0.04932706951578911,24.65354165158253,1290.77928000189,0.4981796646834801,0.4932706951578911,0.0002,0.0007262342400151228,0.0004027331310454574,-0.09070713423460219,-0.3360609487812383,-1.000444171950221e-10,8.258211892098188e-10,4.874891601502895e-10,-1.261490911730334e-14,7.327471962526033e-15,-5.273559366969494e-15,0,0
1027.2,1800,100.6833262609191,1000,285.0267698088709,1242702.506068189,0.04981699282294845,24.89545457647129,1391.462637687965,800,283.8940743567616,1113447.175737403,0.04932551605155418,24.65276524883139,1290.779311427046,0.4981699282294845,0.4932551605155417,0.0002,0.0007262344914163695,0.0004027333050436764,-0.09119369396035637,-0.3368373515323846,5.275069270282984e-11,7.930793799459934e-10,1.055013854056597e-09,-1.182387521225792e-14,1.165734175856414e-15,-1.060262988517024e-14,0,0
1029.6,1800,100.6833692365708,1000,285.0267706147569,1242678.326901876,0.04981601917666351,24.89496801633047,1391.462711711575,800,283.8940747178765,1113412.183099275,0.04932396258692851,24.65198884589551,1290.779342475005,0.4981601917666351,0.4932396258692851,0.0002,0.0007262347398000365,0.0004027334769462831,-0.09168025410117409,-0.3376137544682614,-4.001776687800884e-11,7.566995918750763e-10,7.130438461899757e-10,-1.260103132949553e-14,3.05311331771918e-15,-9.547918011776346e-15,0,0
1032,1800,100.6834116946586,1000,285.0267714109508,1242654.146699729,0.04981504552950394,24.89448145577961,1391.462784844912,800,283.8940750746566,1113377.190002117,0.04932240912191672,24.65121244277708,1290.779373150254,0.4981504552950394,0.4932240912191672,0.0002,0.0007262349852020306,0.0004027336467786345,-0.09216681465204246,-0.3383901575866943,1.891748979687691e-10,6.402842700481415e-10,1.047737896442413e-09,-1.272593141976586e-14,5.162537064506978e-15,-7.494005416219807e-15,0,0
1034.4,1800,100.6834536415899,1000,285.0267721975692,1242629.965474252,0.04981407188148029,24.89399489482364,1391.462857098734,800,283.8940754271523,1113342.196451355,0.04932085565652333,24.65043603947824,1290.779403457144,0.4981407188148028,0.4932085565652332,0.0002,0.0007262352276571546,0.0004027338145663598,-0.09265337560800901,-0.3391665608855305,-1.909938873723149e-10,7.457856554538012e-10,5.384208634495735e-10,-1.079691891447965e-14,2.442490654175344e-15,-8.382183835919932e-15,0,0
1036.8,1800,100.683495083568,1000,285.0267729747275,1242605.783237806,0.04981309823260301,24.89350833346746,1391.462928483602,800,283.8940757754144,1113307.202452356,0.0493193021907529,24.64965963600114,1290.779433400034,0.49813098232603,0.493193021907529,0.0002,0.0007262354672002711,0.000402733980334272,-0.09313993696418876,-0.3399429643626277,-2.692104317247868e-10,6.148184183984995e-10,5.675246939063072e-10,-1.404432126150823e-14,2.109423746787797e-15,-1.187938636348917e-14,0,0
1039.2,1800,100.683536026816,1000,285.0267737425402,1242581.600002601,0.04981212458288236,24.89302177171591,1391.462999010052,800,283.894076119493,1113272.208010428,0.04931774872460988,24.6488832323479,1290.779462983236,0.4981212458288236,0.4931774872460988,0.0002,0.000726235703865892,0.000402734144107264,-0.09362649871573581,-0.3407193680158755,-7.275957614183426e-11,6.511982064694166e-10,3.346940502524376e-10,-1.092181900474998e-14,3.719247132494274e-15,-7.16093850883226e-15,0,0
1041.6,1800,100.6835764774119,1000,285.0267745011197,1242557.415780707,0.04981115093232856,24.89253520957377,1391.463068688392,800,283.8940764594374,1113237.213130822,0.04931619525809868,24.64810682852058,1290.77949221098,0.4981115093232856,0.4931619525809868,0.0002,0.0007262359376878394,0.0004027343059096474,-0.0941130608578824,-0.3414957718431886,-8.36735125631094e-11,7.057678885757923e-10,6.111804395914078e-10,-1.139366379021567e-14,4.662936703425657e-15,-6.605826996519681e-15,0,0
1044,1800,100.6836164414099,1000,285.0267752505775,1242533.230584052,0.04981017728095171,24.89204864704574,1391.463137528885,800,283.8940767952963,1113202.217818727,0.0493146417912237,24.64733042452127,1290.779521087475,0.4981017728095171,0.493146417912237,0.0002,0.0007262361686997974,0.0004027344657656395,-0.09459962338590344,-0.3422721758424991,-1.455191522836685e-11,7.8580342233181e-10,9.968061931431293e-10,-1.212918654402984e-14,8.43769498715119e-15,-3.608224830031759e-15,0,0
1046.4,1800,100.6836559247265,1000,285.026775991024,1242509.044424425,0.04980920362876171,24.89156208413652,1391.463205541626,800,283.8940771271185,1113167.222079275,0.04931308832398921,24.646554020352,1290.779549616899,0.4980920362876171,0.4931308832398921,0.0002,0.0007262363969351936,0.000402734623698906,-0.09508618629513066,-0.3430485800117751,2.728484105318785e-11,7.894414011389017e-10,8.076312951743603e-10,-1.192101972691262e-14,5.773159728050814e-15,-6.106226635438361e-15,0,0
1048.8,1800,100.6836949332903,1000,285.0267767225675,1242484.85731348,0.04980822997576844,24.8910755208507,1391.463272736647,800,283.8940774549518,1113132.225917542,0.0493115348563995,24.64577761601478,1290.779577803357,0.4980822997576844,0.493115348563995,0.0002,0.0007262366224268534,0.0004027347797331613,-0.09557274958094908,-0.3438249843489913,4.729372449219227e-11,5.165929906070232e-10,5.529727786779404e-10,-9.159339953157541e-15,3.497202527569243e-15,-5.662137425588298e-15,0,0
1051.2,1800,100.6837334729087,1000,285.0267774453164,1242460.669262737,0.04980725632198159,24.89058895719284,1391.463339123811,800,283.894077778843,1113097.229338543,0.04930998138845878,24.64500121151162,1290.779605650903,0.4980725632198159,0.4930998138845878,0.0002,0.0007262368452072224,0.0004027349338916347,-0.09605931323880768,-0.3446013888521549,2.200977178290486e-10,6.220943760126829e-10,5.966285243630409e-10,-1.321165399303936e-14,-2.775557561562891e-16,-1.348920974919565e-14,0,0
1053.6,1800,100.6837715486367,1000,285.0267781593712,1242436.480283021,0.04980628266741036,24.89010239316724,1391.463404712424,800,283.8940780988418,1113062.232347506,0.0493084279201715,24.64422480684459,1290.779633163788,0.4980628266741036,0.493084279201715,0.0002,0.0007262370653103007,0.0004027350861945469,-0.09654587726441122,-0.3453777935191766,-2.728484105318785e-11,9.240466170012951e-10,8.949427865445614e-10,-1.432187701766452e-14,5.162537064506978e-15,-9.214851104388799e-15,0,0
1056,1800,100.6838091655188,1000,285.0267788648326,1242412.290385063,0.04980530901206373,24.88961582877813,1391.463469511669,800,283.8940784149963,1113027.234949583,0.04930687445154193,24.64344840201575,1290.77966034615,0.4980530901206373,0.4930687445154193,0.0002,0.0007262372827691997,0.0004027352366620753,-0.09703244165351421,-0.346154198348021,1.527951098978519e-10,8.330971468240023e-10,9.749783203005791e-10,-1.446065489574266e-14,6.272760089132134e-15,-8.215650382226158e-15,0,0
1058.4,1800,100.6838463298695,1000,285.0267795618093,1242388.099580542,0.04980433535595168,24.88912926403016,1391.463533531593,800,283.8940787273503,1112992.237149361,0.04930532098257391,24.64267199702691,1290.779687201723,0.4980433535595167,0.4930532098257391,0.0002,0.0007262374976137853,0.0004027353853194781,-0.09751900640148747,-0.3469306033368582,-2.000888343900442e-11,4.18367562815547e-10,1.527951098978519e-10,-8.465450562766819e-15,8.548717289613705e-15,5.551115123125783e-17,0,0
1060.8,1800,100.6838830471283,1000,285.0267802504036,1242363.907880379,0.0498033616990833,24.88864269892762,1391.46359678156,800,283.8940790359489,1112957.238951671,0.0493037675132716,24.64189559188,1290.779713734431,0.498033616990833,0.493037675132716,0.0002,0.0007262377098754496,0.0004027355321885133,-0.09800557150402511,-0.3477070084837734,3.637978807091713e-11,6.075424607843161e-10,4.001776687800884e-10,-1.312838726619248e-14,5.329070518200751e-15,-7.827072323607354e-15,0,0
1063.2,1800,100.6839193226876,1000,285.0267809307165,1242339.715295363,0.04980238804146778,24.88815613347481,1391.463659270845,800,283.8940793408375,1112922.240361292,0.04930221404363891,24.64111918657691,1290.779739948157,0.4980238804146778,0.4930221404363891,0.0002,0.0007262379195852591,0.0004027356772907505,-0.098492136956839,-0.3484834137868589,1.418811734765768e-10,7.60337570682168e-10,6.548361852765083e-10,-1.167121954637196e-14,3.885780586188048e-15,-7.771561172376096e-15,0,0
1065.6,1800,100.6839551618746,1000,285.0267816028472,1242315.521836159,0.04980141438311409,24.88766956767594,1391.463721008579,800,283.8940796420603,1112887.24138295,0.04930066057367989,24.64034278111953,1290.779765846704,0.4980141438311409,0.4930066057367989,0.0002,0.0007262381267736346,0.0004027358206474982,-0.09897870275571208,-0.3492598192442387,-5.820766091346741e-11,7.530616130679846e-10,6.83940015733242e-10,-8.368306048112117e-15,3.885780586188048e-16,-8.049116928532385e-15,0,0
1068,1800,100.6839905699262,1000,285.0267822668945,1242291.327513303,0.04980044072403116,24.88718300153517,1391.463782003806,800,283.8940799396615,1112852.242021319,0.04929910710339847,24.63956637550973,1290.77979143388,0.4980044072403116,0.4929910710339847,0.0002,0.0007262383314710404,0.0004027359622797048,-0.09946526889648055,-0.3500362248540441,-1.818989403545856e-11,6.548361852765083e-10,8.585629984736443e-10,-1.124100812432971e-14,4.385380947269368e-15,-6.772360450213455e-15,0,0
1070.4,1800,100.6840255521129,1000,285.0267829229557,1242267.132337213,0.04979946706422773,24.88669643505663,1391.463842265494,800,283.8940802336842,1112817.242281025,0.04929755363279849,24.63878996974932,1290.779816713381,0.4979946706422773,0.4929755363279849,0.0002,0.0007262385337070499,0.0004027361022084514,-0.09995183537501262,-0.350812630614449,-3.092281986027956e-11,9.786162991076708e-10,9.385985322296619e-10,-1.174060848541103e-14,3.33066907387547e-15,-8.43769498715119e-15,0,0
1072.8,1800,100.6840601134663,1000,285.0267835711269,1242242.936318185,0.0497984934037126,24.88620986824441,1391.463901802458,800,283.8940805241724,1112782.242166637,0.04929600016188385,24.63801356384014,1290.779841688992,0.497984934037126,0.4929600016188385,0.0002,0.0007262387335119364,0.0004027362404538653,-0.1004384021872333,-0.3515890365236274,8.549250196665525e-11,8.913048077374697e-10,7.34871719032526e-10,-1.068589661201713e-14,4.773959005888173e-15,-5.88418203051333e-15,0,0
1075.2,1800,100.6840942590993,1000,285.0267842115032,1242218.739466394,0.04979751974249425,24.88572330110253,1391.463960623424,800,283.8940808111678,1112747.241682678,0.04929444669065831,24.63723715778399,1290.779866364325,0.4979751974249425,0.4929444669065831,0.0002,0.0007262389309145983,0.0004027363770363972,-0.1009249693291174,-0.3523654425797851,-5.638867150992155e-11,6.402842700481415e-10,8.076312951743603e-10,-1.164346397075633e-14,5.051514762044462e-15,-6.716849298982197e-15,0,0
1077.6,1800,100.6841279940584,1000,285.0267848441788,1242194.541791903,0.04979654608058123,24.88523673363497,1391.464018737076,800,283.8940810947135,1112712.240833621,0.04929289321912567,24.63646075158263,1290.779890743018,0.4979654608058122,0.4929289321912567,0.0002,0.0007262391259441447,0.0004027365119762335,-0.1014115367966788,-0.3531418487811457,-1.091393642127514e-10,8.87666828930378e-10,7.639755494892597e-10,-1.153244166829381e-14,1.77635683940025e-15,-9.825473767932635e-15,0,0
1080,1800,100.6841613232571,1000,285.0267854692468,1242170.34330466,0.04979557241798192,24.88475016584566,1391.464076151909,800,283.8940813748503,1112677.239623884,0.04929133974728962,24.63568434523783,1290.779914828652,0.4979557241798192,0.4929133974728962,0.0002,0.0007262393186292156,0.0004027366452930282,-0.1018981045859846,-0.3539182551259437,2.182787284255028e-10,6.912159733474255e-10,8.949427865445614e-10,-1.530719995201935e-14,2.55351295663786e-15,-1.282307593442056e-14,0,0
1082.4,1800,100.6841942512754,1000,285.0267860867939,1242146.144013982,0.0497945987547042,24.88426359773831,1391.464132875946,800,283.8940816516189,1112642.238057729,0.04928978627515377,24.63490793875128,1290.779938624671,0.497945987547042,0.4928978627515377,0.0002,0.0007262395089973651,0.0004027367770051014,-0.1023846726933364,-0.3546946616124877,1.637090463191271e-10,4.656612873077393e-10,8.658389560878277e-10,-1.318389841742373e-14,4.551914400963142e-15,-8.604228440844963e-15,0,0
1084.8,1800,100.6842267825693,1000,285.0267866969062,1242121.943929093,0.04979362509075588,24.88377702931656,1391.464188917068,800,283.8940819250589,1112607.236139368,0.04928823280272164,24.63413153212467,1290.779962134498,0.4979362509075588,0.4928823280272164,0.0002,0.0007262396970759855,0.0004027369071302774,-0.1028712411150892,-0.3554710682391047,8.913048077374697e-11,4.838511813431978e-10,3.346940502524376e-10,-1.144917494144693e-14,5.495603971894525e-15,-5.995204332975845e-15,0,0
1087.2,1800,100.6842589223281,1000,285.0267872996789,1242097.743060131,0.04979265142614549,24.88329046058442,1391.464244284011,800,283.8940821952112,1112572.233873191,0.04928667932999691,24.63335512535972,1290.779985361683,0.4979265142614548,0.4928667932999691,0.0002,0.0007262398828934656,0.0004027370356893125,-0.1033578098472319,-0.3562474750040501,-2.692104317247868e-10,6.475602276623249e-10,5.893525667488575e-10,-1.261490911730334e-14,4.773959005888173e-15,-7.827072323607354e-15,0,0
1089.6,1800,100.6842906752188,1000,285.0267878951998,1242073.541416529,0.049791677760881,24.88280389154562,1391.464298984867,800,283.8940824621162,1112537.231263403,0.04928512585698315,24.63257871845812,1290.780008309649,0.4979167776088099,0.4928512585698315,0.0002,0.0007262400664771885,0.0004027371627008751,-0.1038443788860235,-0.3570238819056506,-2.000888343900442e-10,7.712515071034431e-10,7.930793799459934e-10,-9.603429163007604e-15,2.275957200481571e-15,-7.327471962526033e-15,0,0
1092,1800,100.6843220458645,1000,285.0267884835564,1242049.339007609,0.04979070409497025,24.88231732220386,1391.464353027633,800,283.8940827258125,1112502.228314164,0.04928357238368385,24.63180231142153,1290.780030981769,0.4979070409497025,0.4928357238368384,0.0002,0.000726240247854148,0.0004027372881834581,-0.104330948227787,-0.3578002889422436,4.18367562815547e-11,7.712515071034431e-10,8.076312951743603e-10,-1.543210004228968e-14,6.827871601444713e-15,-8.659739592076221e-15,0,0
1094.4,1800,100.6843530389222,1000,285.0267890648347,1242025.135842584,0.04978973042842109,24.88183075256279,1391.46440642025,800,283.894082986339,1112467.225029583,0.04928201891010246,24.63102590425156,1290.780053381328,0.4978973042842109,0.4928201891010245,0.0002,0.0007262404270506267,0.0004027374121556886,-0.104817517868856,-0.358576696112209,-1.546140993013978e-10,7.457856554538012e-10,3.565219230949879e-10,-1.111610803405938e-14,3.941291737419306e-15,-7.105427357601002e-15,0,0
1096.8,1800,100.6843836587748,1000,285.026789639119,1242000.931930562,0.0497887567612412,24.88134418262601,1391.464459170449,800,283.8940832437343,1112432.221413722,0.04928046543624238,24.63024949694985,1290.780075511674,0.497887567612412,0.4928046543624238,0.0002,0.0007262406040933947,0.0004027375346350991,-0.1053040878056386,-0.3593531034139232,-1.691660145297647e-10,4.220055416226387e-10,4.802132025361061e-10,-1.025568518997488e-14,2.498001805406602e-15,-7.771561172376096e-15,0,0
1099.2,1800,100.6844139099799,1000,285.0267902064948,1241976.727280546,0.04978778309343809,24.88085761239708,1391.464511286066,800,283.8940834980363,1112397.217470593,0.04927891196210703,24.62947308951798,1290.780097376086,0.4978778309343808,0.4927891196210702,0.0002,0.000726240779008689,0.0004027376556399194,-0.105790658034568,-0.3601295108457876,-5.456968210637569e-11,6.912159733474255e-10,3.856257535517216e-10,-9.853229343548264e-15,5.273559366969494e-15,-4.6074255521944e-15,0,0
1101.6,1800,100.6844437970055,1000,285.0267907670445,1241952.521901436,0.04978680942501937,24.88037104187952,1391.464562774685,800,283.8940837492818,1112362.213204159,0.0492773584876997,24.62869668195754,1290.780118977679,0.4978680942501937,0.492773584876997,0.0002,0.0007262409518214353,0.0004027377751880221,-0.1062772285521234,-0.3609059184062318,-1.709850039333105e-10,6.948539521545172e-10,2.764863893389702e-10,-1.279532035880493e-14,6.050715484207103e-15,-6.716849298982197e-15,0,0
1104,1800,100.6844733241487,1000,285.0267913208503,1241928.315802033,0.04978583575599245,24.87988447107683,1391.464613643855,800,283.8940839975081,1112327.208618338,0.04927580501302372,24.62792027427007,1290.780140319706,0.4978583575599245,0.4927580501302372,0.0002,0.0007262411225576469,0.0004027378932965948,-0.1067637993548161,-0.3616823260936997,-2.601154847070575e-10,5.093170329928398e-10,4.729372449219227e-10,-1.393329895904571e-14,3.386180225106727e-15,-1.060262988517024e-14,0,0
1106.4,1800,100.6845024958147,1000,285.0267918679938,1241904.108991039,0.04978486208636467,24.87939789999245,1391.464663901075,800,283.8940842427514,1112292.203716999,0.04927425153808233,24.62714386645712,1290.780161405261,0.4978486208636467,0.4927425153808233,0.0002,0.0007262412912420841,0.0004027380099832589,-0.1072503704391998,-0.3624587339066458,-4.765752237290144e-10,5.929905455559492e-10,1.01863406598568e-10,-1.187938636348917e-14,3.774758283725532e-15,-8.049116928532385e-15,0,0
1108.8,1800,100.6845313162892,1000,285.0267924085559,1241879.901477059,0.04978388841614326,24.87891132862978,1391.464713553752,800,283.8940844850481,1112257.198503964,0.04927269806287872,24.62636745852021,1290.780182237462,0.4978388841614326,0.4927269806287872,0.0002,0.0007262414578996995,0.0004027381252651566,-0.1077369418018712,-0.3632351418435569,-2.91038304567337e-11,4.911271389573812e-10,4.43833414465189e-10,-9.645062526431047e-15,7.771561172376096e-16,-8.881784197001252e-15,0,0
1111.2,1800,100.6845597895672,1000,285.0267929426118,1241855.693268202,0.04978291474533516,24.87842475699203,1391.464762608816,800,283.8940847244321,1112222.192982808,0.04927114458741595,24.62559105046077,1290.780202819248,0.4978291474533516,0.4927114458741594,0.0002,0.0007262416225539873,0.0004027382391582687,-0.1082235134396221,-0.3640115499030045,2.110027708113194e-10,4.365574568510056e-10,4.001776687800884e-10,-9.298117831235686e-15,6.106226635438361e-16,-8.604228440844963e-15,0,0
1113.6,1800,100.6845879197297,1000,285.026793470236,1241831.48437248,0.04978194107394706,24.87793818508237,1391.464811073115,800,283.8940849609361,1112187.187157058,0.04926959111169692,24.62481464228018,1290.780223153385,0.4978194107394706,0.4926959111169692,0.0002,0.0007262417852270791,0.0004027383516789187,-0.1087100853492764,-0.3647879580835891,-1.873559085652232e-10,5.275069270282984e-10,8.731149137020111e-11,-6.619704784327496e-15,6.661338147750939e-16,-5.995204332975845e-15,0,0
1116,1800,100.6846157111345,1000,285.026793991511,1241807.274798633,0.04978096740198638,24.87745161290426,1391.464858954218,800,283.8940851945965,1112152.181030603,0.04926803763572497,24.62403823398001,1290.780243243083,0.4978096740198638,0.4926803763572496,0.0002,0.0007262419459446664,0.0004027384628445379,-0.1091966575273844,-0.3655643663837651,-4.729372449219227e-11,5.129550117999315e-10,2.182787284255028e-10,-1.128264148775315e-14,-3.885780586188048e-16,-1.165734175856414e-14,0,0
1118.4,1800,100.68464316781,1000,285.0267945065126,1241783.064554834,0.04977999372945994,24.87696504046095,1391.464906259079,800,283.8940854254483,1112117.174607047,0.04926648415950309,24.62326182556168,1290.780263091269,0.4977999372945994,0.4926648415950309,0.0002,0.0007262421047301504,0.00040273857267124,-0.1096832299706989,-0.3663407748020937,-1.2732925824821e-11,6.111804395914078e-10,3.492459654808044e-10,-1.16157083951407e-14,2.55351295663786e-15,-8.992806499463768e-15,0,0
1120.8,1800,100.6846702938651,1000,285.0267950153167,1241758.853649162,0.04977902005637466,24.87647846775562,1391.464952994678,800,283.8940856535243,1112082.167889948,0.0492649306830343,24.62248541702661,1290.780282700813,0.4977902005637465,0.492649306830343,0.0002,0.0007262422616065068,0.0004027386811754604,-0.1101698026760261,-0.3671171833371645,4.18367562815547e-11,5.966285243630409e-10,3.856257535517216e-10,-1.246225345141738e-14,5.551115123125783e-15,-6.827871601444713e-15,0,0
1123.2,1800,100.6846970933193,1000,285.0267955179982,1241734.642089608,0.04977804638273722,24.87599189479144,1391.4649991679,800,283.894085878858,1112047.160882813,0.04926337720632153,24.62170900837618,1290.780302074581,0.4977804638273722,0.4926337720632152,0.0002,0.0007262424165966494,0.0004027387883732772,-0.1106563756402039,-0.3678935919875919,1.091393642127514e-11,4.838511813431978e-10,4.802132025361061e-10,-1.444677710793485e-14,-1.443289932012704e-15,-1.582067810090848e-14,0,0
1125.6,1800,100.68472357012,1000,285.0267960146305,1241710.429884071,0.04977707270855435,24.87550532157155,1391.465044785469,800,283.8940861014818,1112012.153589105,0.04926182372936767,24.62093259961179,1290.780321215349,0.4977707270855435,0.4926182372936767,0.0002,0.0007262425697227954,0.0004027388942804801,-0.111142948860099,-0.3686700007519796,-5.638867150992155e-11,5.493347998708487e-10,4.729372449219227e-10,-1.150468609267818e-14,1.387778780781446e-15,-1.010302952408892e-14,0,0
1128,1800,100.684749728262,1000,285.0267965052869,1241686.217040363,0.04977609903383261,24.87501874809902,1391.46508985415,800,283.8940863214278,1111977.146012236,0.04926027025217562,24.62015619073479,1290.780340125888,0.4977609903383261,0.4926027025217562,0.0002,0.0007262427210071055,0.0004027389989130479,-0.111629522332624,-0.3694464096289813,-3.456079866737127e-11,6.293703336268663e-10,3.41970007866621e-10,-8.81239525796218e-15,2.886579864025407e-15,-5.939693181744587e-15,0,0
1130.4,1800,100.6847755715889,1000,285.0267969900394,1241662.00356621,0.04977512535857851,24.87453217437692,1391.465134380525,800,283.8940865387279,1111942.138155573,0.04925871677474826,24.61937978174652,1290.780358808936,0.4977512535857851,0.4925871677474826,0.0002,0.0007262428704714857,0.0004027391022863558,-0.1121160960547272,-0.370222818617254,-2.528395270928741e-10,8.076312951743603e-10,5.456968210637569e-10,-1.332267629550188e-14,7.16093850883226e-15,-6.106226635438361e-15,0,0
1132.8,1800,100.6848011040076,1000,285.0267974689597,1241637.789469256,0.04977415168279853,24.87404560040828,1391.465178371198,800,283.8940867534134,1111907.130022434,0.04925716329708828,24.61860337264828,1290.78037726719,0.4977415168279853,0.4925716329708827,0.0002,0.0007262430181375202,0.0004027392044160306,-0.1126026700233709,-0.3709992277154868,-1.782609615474939e-10,4.94765117764473e-10,5.311449058353901e-10,-1.268429805634241e-14,5.162537064506978e-15,-7.549516567451064e-15,0,0
1135.2,1800,100.6848263293177,1000,285.0267979421184,1241613.574757059,0.04977317800649908,24.87355902619608,1391.465221832631,800,283.8940869655154,1111872.121616092,0.04925560981919849,24.6178269634414,1290.780395503314,0.4977317800649908,0.4925560981919849,0.0002,0.0007262431640265094,0.0004027393053172709,-0.1130892442355638,-0.3717756369223721,1.109583536162972e-10,3.019522409886122e-10,1.527951098978519e-10,-8.021361352916756e-15,2.720046410331634e-15,-5.273559366969494e-15,0,0
1137.6,1800,100.6848512513923,1000,285.0267984095857,1241589.359437098,0.04977220432968641,24.87307245174329,1391.465264771285,800,283.8940871750639,1111837.112939774,0.0492540563410816,24.61705055412714,1290.780413519892,0.4977220432968641,0.492540563410816,0.0002,0.0007262433081591388,0.0004027394050055691,-0.1135758186883571,-0.3725520462366276,9.094947017729282e-11,6.111804395914078e-10,9.167706593871117e-10,-1.135203042679223e-14,-5.551115123125783e-16,-1.199040866595169e-14,0,0
1140,1800,100.6848758731294,1000,285.0267988714246,1241565.143516185,0.0497712306523663,24.8725858770526,1391.46530719298,800,283.894087382093,1111802.103997049,0.04925250286274063,24.61627414470695,1290.780431319851,0.497712306523663,0.4925250286274063,0.0002,0.0007262434505588044,0.0004027395034925175,-0.1140623933790437,-0.373328455656825,-6.184563972055912e-11,3.274180926382542e-10,2.546585164964199e-10,-1.211530875622202e-14,3.996802888650564e-15,-8.049116928532385e-15,0,0
1142.4,1800,100.6849001973901,1000,285.0267993276981,1241540.927001026,0.04977025697454442,24.87209930212667,1391.465349103451,800,283.8940875866359,1111767.094791462,0.04925094938417852,24.61549773518221,1290.780448906061,0.4977025697454442,0.4925094938417852,0.0002,0.000726243591248487,0.0004027396007895604,-0.1145489683049732,-0.3741048651815646,-1.036823960021138e-10,4.69299266114831e-10,3.637978807091713e-10,-1.396105453466134e-14,7.216449660063518e-15,-6.772360450213455e-15,0,0
1144.8,1800,100.6849242288702,1000,285.0267997784799,1241516.709899486,0.04976928329622742,24.87161272696862,1391.465390509509,800,283.8940877887174,1111732.085325688,0.04924939590539756,24.61472132555398,1290.780466280639,0.4976928329622742,0.4924939590539755,0.0002,0.000726243730245109,0.0004027396969154806,-0.1150355434630299,-0.3748812748097876,4.547473508864641e-11,4.18367562815547e-10,6.912159733474255e-10,-1.543210004228968e-14,3.108624468950438e-15,-1.232347557333924e-14,0,0
1147.2,1800,100.6849479710256,1000,285.0268002238364,1241492.492218642,0.04976830961742123,24.87112615158124,1391.465431417207,800,283.8940879883675,1111697.075602832,0.04924784242640034,24.61394491582352,1290.780483446182,0.4976830961742122,0.4924784242640033,0.0002,0.0007262438675694538,0.0004027397918841024,-0.1155221188504072,-0.3756576845402471,-1.637090463191271e-11,3.528839442878962e-10,3.201421350240707e-10,-1.108835245844375e-14,3.552713678800501e-15,-7.549516567451064e-15,0,0
1149.6,1800,100.6849714273578,1000,285.0268006638325,1241468.27396549,0.04976733593813181,24.8706395759673,1391.465471832524,800,283.8940881856151,1111662.065625961,0.04924628894718944,24.61316850599205,1290.780500405167,0.4976733593813181,0.4924628894718944,0.0002,0.0007262440032413324,0.0004027398857094312,-0.1160086944643481,-0.3764340943717244,2.055458026006818e-10,1.928128767758608e-10,6.184563972055912e-10,-1.343369859796439e-14,7.771561172376096e-15,-5.717648576819556e-15,0,0
1152,1800,100.6849946014793,1000,285.0268010985333,1241444.055146944,0.04976636225836497,24.87015300012954,1391.465511761471,800,283.8940883804885,1111627.055398101,0.04924473546776743,24.61239209606074,1290.780517159992,0.4976636225836497,0.4924473546776743,0.0002,0.000726244137279933,0.0004027399784059171,-0.1164952703021065,-0.3772105043030258,-1.964508555829525e-10,5.493347998708487e-10,1.164153218269348e-10,-1.40165656858926e-14,5.717648576819556e-15,-8.326672684688674e-15,0,0
1154.4,1800,100.6850174967624,1000,285.0268015280022,1241419.835769846,0.04976538857812653,24.86966642407068,1391.465551209862,800,283.8940885730153,1111592.04492224,0.04924318198813677,24.61161568603082,1290.780533713099,0.4976538857812653,0.4924318198813677,0.0002,0.0007262442697047936,0.0004027400699870495,-0.1169818463609715,-0.3779869143329542,-2.746673999354243e-10,4.220055416226387e-10,1.382431946694851e-10,-9.200973316580985e-15,6.328271240363392e-15,-2.831068712794149e-15,0,0
1156.8,1800,100.6850401166023,1000,285.0268019523031,1241395.615840955,0.04976441489742214,24.86917984779337,1391.465590183531,800,283.8940887632245,1111557.034201327,0.04924162850829999,24.61083927590343,1290.780550066928,0.4976441489742214,0.4924162850829998,0.0002,0.0007262444005354264,0.0004027401604664092,-0.1174684226382787,-0.378763324460337,-5.456968210637569e-12,2.401066012680531e-10,2.182787284255028e-10,-1.117161918529064e-14,9.103828801926284e-15,-2.164934898019055e-15,0,0
1159.2,1800,100.6850624644005,1000,285.026802371498,1241371.395366958,0.04976344121625745,24.86869327130027,1391.46562868819,800,283.894088951143,1111522.023238273,0.04924007502825951,24.61006286567974,1290.78056622379,0.4976344121625745,0.4924007502825951,0.0002,0.0007262445297903195,0.0004027402498576021,-0.1179549991313742,-0.3795397346840268,2.091837814077735e-10,4.94765117764473e-10,4.511093720793724e-10,-1.290634266126744e-14,3.552713678800501e-15,-9.325873406851315e-15,0,0
1161.6,1800,100.685084543532,1000,285.0268027856488,1241347.174354467,0.04976246753463807,24.86820669459401,1391.465666729559,800,283.8940891367976,1111487.012035953,0.04923852154801779,24.60928645536091,1290.780582186027,0.4976246753463807,0.4923852154801779,0.0002,0.0007262446574882142,0.0004027403381741278,-0.1184415758376396,-0.3803161450028654,-7.275957614183426e-12,5.820766091346741e-10,5.602487362921238e-10,-1.376676550535194e-14,5.051514762044462e-15,-8.715250743307479e-15,0,0
1164,1800,100.6851063572778,1000,285.026803194817,1241322.952810022,0.04976149385256954,24.86772011767716,1391.465704313238,800,283.8940893202154,1111452.000597202,0.04923696806757717,24.60851004494804,1290.78059795596,0.4976149385256954,0.4923696806757716,0.0002,0.0007262447836476803,0.0004027404254291114,-0.1189281527544885,-0.3810925554157301,-4.18367562815547e-11,4.729372449219227e-10,4.220055416226387e-10,-1.63202784619898e-14,7.993605777301127e-15,-8.326672684688674e-15,0,0
1166.4,1800,100.6851279089117,1000,285.0268035990626,1241298.730740093,0.04976052017005728,24.8672335405523,1391.465741444763,800,283.8940895014232,1111416.988924821,0.04923541458694003,24.60773363444225,1290.780613535851,0.4976052017005728,0.4923541458694003,0.0002,0.0007262449082868079,0.0004027405116356467,-0.1194147298793489,-0.381868965921516,-1.382431946694851e-10,4.911271389573812e-10,5.675246939063072e-10,-9.284240043427872e-15,3.83026943495679e-15,-5.440092820663267e-15,0,0
1168.8,1800,100.6851492010701,1000,285.0268039984414,1241274.508150558,0.04975954648710623,24.86674696322173,1391.465778129235,800,283.8940896804492,1111381.977021889,0.04923386110610892,24.60695722384478,1290.780628928165,0.4975954648710623,0.4923386110610892,0.0002,0.0007262450314253165,0.0004027405968042803,-0.1199013072099184,-0.3826453765189868,-1.527951098978519e-10,3.41970007866621e-10,1.673470251262188e-10,-1.744437927442277e-14,4.329869796038111e-15,-1.321165399303936e-14,0,0
1171.2,1800,100.6851702361328,1000,285.0268043930068,1241250.285047177,0.04975857280372138,24.86626038568776,1391.465814371601,800,283.8940898573233,1111346.964891481,0.04923230762508652,24.60618081315685,1290.780644135468,0.4975857280372138,0.4923230762508652,0.0002,0.0007262451530837479,0.000402740680944531,-0.1203878847438844,-0.3834217872069239,-6.548361852765083e-11,5.893525667488575e-10,5.020410753786564e-10,-8.062994716340199e-15,6.328271240363392e-15,-1.77635683940025e-15,0,0
1173.6,1800,100.6851910180385,1000,285.0268047828221,1241226.061436778,0.04975759911990834,24.86577380795307,1391.465850177633,800,283.8940900320669,1111311.952535946,0.04923075414387469,24.60540440237937,1290.780659159595,0.4975759911990834,0.4923075414387469,0.0002,0.0007262452732767597,0.000402740764072154,-0.1208744624785787,-0.3841981979843965,-2.510205376893282e-10,5.602487362921238e-10,2.91038304567337e-10,-1.657007864253046e-14,5.218048215738236e-15,-1.121325254871408e-14,0,0
1176,1800,100.6852115498878,1000,285.0268051679451,1241201.837325474,0.04975662543567234,24.86528723002009,1391.465885552672,800,283.894090204706,1111276.939957995,0.0492292006624758,24.60462799151345,1290.780674002784,0.4975662543567234,0.492292006624758,0.0002,0.0007262453920222724,0.000402740846199551,-0.1213610404115535,-0.384974608850321,3.819877747446299e-11,3.528839442878962e-10,3.710738383233547e-10,-1.444677710793485e-14,6.772360450213455e-15,-7.771561172376096e-15,0,0
1178.4,1800,100.6852318347001,1000,285.0268055484321,1241177.612719304,0.04975565175101851,24.86480065189122,1391.465920501892,800,283.894090375266,1111241.927160308,0.04922764718089208,24.60385158056014,1290.780688667192,0.4975565175101851,0.4922764718089208,0.0002,0.0007262455093375375,0.0004027409273388002,-0.1218476185404285,-0.3857510198036351,-2.291926648467779e-10,5.275069270282984e-10,2.837623469531536e-10,-1.242062008799394e-14,6.994405055138486e-15,-5.440092820663267e-15,0,0
1180.8,1800,100.6852518754192,1000,285.0268059243392,1241153.387624238,0.04975467806595187,24.8643140735688,1391.46595503042,800,283.8940905437715,1111206.914145537,0.04922609369912571,24.60307516952048,1290.780703155,0.4975467806595186,0.4922609369912571,0.0002,0.0007262456252400025,0.0004027410075016769,-0.1223341968628446,-0.3865274308432873,-3.019522409886122e-10,3.565219230949879e-10,2.692104317247868e-10,-1.464106613724425e-14,3.275157922644212e-15,-1.13242748511766e-14,0,0
1183.2,1800,100.6852716749736,1000,285.0268062957211,1241129.162046175,0.04975370438047737,24.86382749505519,1391.465989143292,800,283.8940907102478,1111171.900916304,0.04922454021717895,24.60229875839555,1290.780717468318,0.4975370438047737,0.4922454021717895,0.0002,0.0007262457397465441,0.0004027410866998944,-0.1228207753764572,-0.3873038419682224,-3.346940502524376e-10,4.365574568510056e-10,8.003553375601768e-11,-1.160183060733289e-14,7.771561172376096e-15,-3.885780586188048e-15,0,0
1185.6,1800,100.6852912363465,1000,285.0268066626329,1241104.935990947,0.04975273069459994,24.86334091635268,1391.466022845558,800,283.8940908747188,1111136.887475204,0.04922298673505399,24.60152234718635,1290.780731609211,0.4975273069459993,0.4922298673505399,0.0002,0.0007262458528736878,0.0004027411649453861,-0.1233073540789711,-0.3880802531774243,-2.110027708113194e-10,2.110027708113194e-10,-7.275957614183426e-12,-1.668110094499298e-14,4.218847493575595e-15,-1.254552017826427e-14,0,0
1188,1800,100.685310562307,1000,285.0268070251279,1241080.709464316,0.04975175700832452,24.86285433746356,1391.466056142136,800,283.8940910372093,1111101.873824805,0.04922143325275295,24.60074593589391,1290.780745579829,0.4975175700832452,0.4922143325275295,0.0002,0.0007262459646386324,0.000402741242249228,-0.1237939329680913,-0.3888566644698592,-1.255102688446641e-10,1.600710675120354e-10,1.455191522836685e-11,-1.644517855226013e-14,5.995204332975845e-15,-1.032507412901396e-14,0,0
1190.4,1800,100.6853296557508,1000,285.0268073832599,1241056.482471981,0.04975078332165581,24.86236775839008,1391.466089037965,800,283.8940911977429,1111066.859967647,0.04921987977027797,24.59996952451924,1290.780759382214,0.4975078332165581,0.4921987977027797,0.0002,0.0007262460750577156,0.0004027413186230033,-0.1242805120415653,-0.3896330758445288,-6.912159733474255e-11,4.474713932722807e-10,1.309672370553017e-10,-1.38222766565832e-14,7.771561172376096e-16,-1.298960938811433e-14,0,0
1192.8,1800,100.6853485194663,1000,285.0268077370817,1241032.255019574,0.04974980963459865,24.86188117913448,1391.466121537855,800,283.8940913563436,1111031.845906245,0.04921832628763122,24.59919311306335,1290.780773018389,0.4974980963459865,0.4921832628763122,0.0002,0.0007262461841471122,0.0004027413940778651,-0.1247670912971692,-0.3904094873004169,-2.219167072325945e-10,3.346940502524376e-10,-1.382431946694851e-10,-1.444677710793485e-14,4.385380947269368e-15,-1.010302952408892e-14,0,0
1195.2,1800,100.6853671561989,1000,285.0268080866446,1241008.027112662,0.0497488359471577,24.86139459969895,1391.466153646574,800,283.8940915130344,1110996.831643087,0.04921677280481474,24.59841670152722,1290.780786490375,0.4974883594715769,0.4921677280481474,0.0002,0.000726246291923002,0.0004027414686247957,-0.1252536707326932,-0.3911858988365466,-1.837179297581315e-10,5.675246939063072e-10,3.710738383233547e-10,-1.260103132949553e-14,4.163336342344337e-15,-8.43769498715119e-15,0,0
1197.6,1800,100.6853855685961,1000,285.0268084319983,1240983.798756491,0.0497478622593374,24.86090802008558,1391.466185368663,800,283.8940916678376,1110961.817180452,0.04921521932183048,24.59764028991177,1290.780799800067,0.497478622593374,0.4921521932183047,0.0002,0.0007262463984005353,0.0004027415422743843,-0.1257402503460625,-0.3919623104520049,-2.892193151637912e-10,5.420588422566652e-10,2.328306436538696e-10,-1.013078509970455e-14,7.271960811294775e-15,-2.886579864025407e-15,0,0
1200,1800,100.6854037593428,1000,285.026808773191,1240959.569956209,0.04974688857114211,24.8604214402964,1391.466216708527,800,283.8940918207732,1110926.802520566,0.04921366583868028,24.59686387821786,1290.780812949184,0.4974688857114211,0.4921366583868028,0.0002,0.0007262465035934729,0.000402741615037371,-0.1262268301352449,-0.3927387221459142,-3.528839442878962e-10,5.675246939063072e-10,2.037268131971359e-10,-1.254552017826427e-14,5.717648576819556e-15,-6.883382752675971e-15,0,0
1200,1800,100.6854037593428,1000,285.026808773191,1240959.569956209,0.04974688857114211,24.8604214402964,1391.466216708527,800,283.8940918207732,1110926.802520566,0.04921366583868028,24.59686387821786,1290.780812949184,0.4974688857114211,0.4921366583868028,0.0002,0.0007262465035934729,0.000402741615037371,-0.1262268301352449,-0.3927387221459142,-3.528839442878962e-10,5.675246939063072e-10,2.037268131971359e-10,-1.254552017826427e-14,5.717648576819556e-15,-6.883382752675971e-15,0,0
