time,Q_total,dp_series,eva1.Qb_flow,eva1.T,eva1.U,eva1.level,eva1.m,eva1.p,eva2.Qb_flow,eva2.T,eva2.U,eva2.level,eva2.m,eva2.p,liquidFraction1,liquidFraction2,m_feed,m_out,m_series,massChange2,r_energy1,r_energy2,r_energyTotal,r_mass1,r_mass2,r_massTotal,r_seriesEnergy,r_seriesMass
0,1800,100,1000,285.1194651444556,1256965.336575714,0.05,24.98664827043165,1400,800,284.0009833160033,1139854.958256216,0.05,24.98960260036377,1300,0.5,0.5,0.0004,0.0007999999999999999,0.0004,0,0,0,0,0,0,0,0,0
2.4,1800,100.3656343948455,1000,285.1194836033834,1256967.18183022,0.04999999654543815,24.98664649205609,1400.001704670365,800,283.9967764188647,1139370.354003183,0.04999806907195498,24.98864790689092,1299.63607027552,0.4999999654543815,0.4999806907195498,0.0004,0.0007970885622041587,0.0004014625375793821,-0.0009546934728490442,-4.188658309089988e-10,-7.717062544543296e-10,-9.578116078046151e-10,3.473849617455205e-15,1.045160052254301e-14,1.392516744275207e-14,0,0
4.8,1800,100.7031003982336,1000,285.1194224808044,1256960.516846391,0.04999998589143159,24.98664134037559,1399.996060045651,800,283.9928092330896,1138911.378711433,0.04999615966224953,24.98770337209931,1299.292959647417,0.4999998589143159,0.4999615966224953,0.0004,0.0007943436771793385,0.0004028124015929343,-0.001899228264459651,-3.107416546299646e-10,-3.974491846747696e-10,-7.082689990056679e-10,1.382915964631259e-15,5.913238648735941e-15,7.296030099523954e-15,0,0
7.2,1800,101.0143028173111,1000,285.11928793934,1256946.000643098,0.04999996859539236,24.98663307655842,1399.983635312055,800,283.9890664779122,1138476.39752644,0.0499942703973285,24.98676834806267,1298.969332494744,0.4999996859539236,0.4999427039732849,0.0004,0.0007917546599579491,0.0004040572112692443,-0.002834252301099127,-1.551221373574663e-10,-5.154561222298071e-10,-6.707523425575346e-10,-5.25552603552245e-15,5.323866347772821e-15,6.765421556309548e-17,0,0
9.6,1800,101.3010195905792,1000,285.1190857246235,1256924.24765201,0.04999994517702941,24.98662194410314,1399.964961221906,800,283.9855338728967,1138063.882724355,0.04999239999376566,24.98584222930901,1298.663941631326,0.4999994517702941,0.4999239999376566,0.0004,0.0007893115330506116,0.000405204078362317,-0.003760371054760014,-1.742250788083766e-10,-1.937223714776337e-10,-1.334683474851772e-10,-2.04422253863995e-15,3.822463179314894e-15,1.779826286352204e-15,0,0
12,1800,101.5649103039698,1000,285.1188211930402,1256895.830683084,0.04999991612085433,24.98660817001377,1399.940532635238,800,283.982198071743,1137672.406611632,0.04999054725227522,24.98492445000722,1298.375622331268,0.4999991612085433,0.4999054725227522,0.0004,0.000787004978650144,0.0004062596412158791,-0.004678150356554056,-2.032436441368191e-10,3.619788913056254e-10,-7.594280759803951e-11,-1.320129986229213e-14,4.713243684228985e-15,-8.488869329692506e-15,0,0
14.4,1800,101.8075241465795,1000,285.1184993376905,1256861.283699658,0.04999988187852705,24.98659196589977,1399.910810900564,800,283.9790466003396,1137300.634882558,0.04998871105211154,24.98401448133501,1298.103286753985,0.4999988187852704,0.4998871105211153,0.0004,0.0007848262940318781,0.0004072300965863178,-0.00558811902876144,4.433786671143025e-11,1.514308678451926e-10,4.215507942717522e-10,-7.907215192944766e-15,4.527628272299467e-15,-3.384445501630751e-15,0,0
16.8,1800,102.0303072976483,1000,285.1181248125293,1256821.104399323,0.04999984287103685,24.98657352899875,1399.876226070578,800,283.9760677991671,1136947.320443068,0.0499868903458633,24.98311182903165,1297.84591877293,0.4999984287103685,0.499868903458633,0.0004,0.0007827673501834396,0.0004081212291905931,-0.006490771332117617,-3.215063770767301e-10,1.887201506178826e-10,-3.719833330251276e-10,-9.317253999580055e-15,5.917141776556889e-15,-3.404394821604484e-15,0,0
19.2,1800,102.2346097992306,1000,285.1177019548587,1256775.756618382,0.0499997994907351,24.98655304312944,1399.837178968278,800,283.9732507696333,1136611.297657988,0.04998508415460617,24.98221603111839,1297.602569169047,0.4999979949073509,0.4998508415460616,0.0004,0.0007808205533523778,0.0004089384391969224,-0.007386569245376506,-3.666400516522117e-10,7.503331289626658e-11,-5.315996531862766e-10,-1.028201775023913e-14,5.534635250104003e-15,-4.750540238962486e-15,0,0
21.6,1800,102.4216920009401,1000,285.1172348064511,1256725.672590162,0.04999975210324416,24.98653067958669,1399.794043128777,800,283.9705853236787,1136291.476949235,0.04998329156335235,24.98132665575797,1297.372351127837,0.4999975210324415,0.4998329156335235,0.0004,0.000778978809022692,0.0004096867680037603,-0.008275944605802721,-1.082867129298393e-10,-1.00953911896795e-10,-2.150954969692975e-10,-1.068074665169783e-14,9.327608130327292e-15,-1.360023205165817e-15,0,0
24,1800,102.5927305615057,1000,285.1167271332433,1256671.255050779,0.04999970104923785,24.98650659797596,1399.747166611095,800,283.9680619367865,1135986.839759647,0.04998151171680939,24.98044329925892,1297.154436049589,0.4999970104923785,0.4998151171680938,0.0004,0.0007772354883967128,0.0004103709222460229,-0.009159301104848083,-5.093170329928398e-11,3.469722287263721e-10,5.638867150992155e-11,-9.185035544645448e-15,3.851086116668512e-15,-5.341213582532589e-15,0,0
26.4,1800,102.7488239385611,1000,285.1161824433684,1256612.879166821,0.049999646646071,24.98648094697731,1399.696873657886,800,283.9656717049655,1135696.433943391,0.0499797438154987,24.97956558424904,1296.948049719325,0.49999646646071,0.499797438154987,0.0004,0.000775584397754601,0.0004109952957542445,-0.01003701611472962,2.148681232938543e-11,3.064997144974768e-10,9.00399754755199e-11,-1.071926293387537e-14,9.669348655094723e-15,-1.054711873393899e-15,0,0
28.8,1800,102.8909977541307,1000,285.1156040048099,1256550.894423273,0.0499995891893761,24.98645386509351,1399.643466321624,800,283.9634063026197,1135419.369252146,0.04997798711195636,24.97869315788657,1296.752468567493,0.499995891893761,0.4997798711195636,0.0004,0.0007740197485399476,0.0004115639910165227,-0.0109094424771996,1.733724275254644e-10,-2.000888343900442e-10,-3.274180926382542e-11,-1.135045833364212e-14,5.708974959439672e-15,-5.646524914304507e-15,0,0
31.2,1800,103.020209413241,1000,285.1149948605964,1256485.626248024,0.0499995289544366,24.98642548129389,1399.58722586479,800,283.9612579463006,1135154.81345115,0.04997624090746387,24.97782569032118,1296.567016451549,0.499995289544366,0.4997624090746386,0.0004,0.0007725361316123908,0.000412080837652964,-0.01177691004258818,-1.118678483180702e-10,-1.509761204943061e-10,-3.910827217623591e-11,-8.175399376572634e-15,6.515621375768887e-15,-1.667069260413712e-15,0,0
33.6,1800,103.1373528871954,1000,285.1143578445785,1256417.377698837,0.0499994661976137,24.98639591568286,1399.528414214534,800,283.9592193570571,1134901.988286911,0.04997450454865573,24.97696287309601,1296.391061327339,0.499994661976137,0.4997450454865573,0.0004,0.0007711284906187102,0.0004125494115487818,-0.0126397272677643,1.637090463191271e-11,-1.855369191616774e-10,-4.038156475871801e-10,-7.968506497008088e-15,7.284103875626613e-15,-6.886852199627924e-16,0,0
36,1800,103.2432627136361,1000,285.113695594609,1256346.430872932,0.04999940115753839,24.98636528005848,1399.467275178558,800,283.9572837289761,1134660.166117192,0.04997277742468387,24.97610441781217,1296.224012464922,0.4999940115753839,0.4997277742468387,0.0004,0.0007697920997193778,0.0004129730508545444,-0.01349818255159718,-3.341256160638295e-10,3.865352482534945e-10,4.274625098332763e-11,-1.183585564626388e-14,6.539907504432563e-15,-5.299580219109146e-15,0,0
38.4,1800,103.3387181114945,1000,285.1130105661379,1256273.048360602,0.0499993340563407,24.98633367848857,1399.404035699577,800,283.9554446967443,1134428.666437229,0.04997105896429619,24.97525005475221,1296.065317588083,0.499993340563407,0.4997105896429619,0.0004,0.00076852254070466,0.0004133548724459779,-0.0143525456115583,-3.078639565501362e-10,8.640199666842818e-11,-2.191882231272757e-10,-7.6235133657232e-15,8.167078124898808e-15,5.429684479807406e-16,0,0
40.8,1800,103.4244464190156,1000,285.1123050435584,1256197.474458429,0.04999926510067588,24.98630120779142,1399.338906902812,800,283.9536963085628,1134206.852978884,0.04996934863339628,24.97439953173045,1295.914460483796,0.4999926510067588,0.4996934863339628,0.0004,0.0007673156838703689,0.0004136977856760623,-0.01520306863332266,4.672529030358419e-11,1.982698449864984e-10,0,-6.040578193894364e-15,5.205905151406398e-15,-8.396061623727746e-16,0,0
43.2,1800,103.501126880645,1000,285.1115811527419,1256119.936509941,0.04999919448285813,24.98626795806716,1399.272085253516,800,283.9520329962239,1133994.130507463,0.04996764593235101,24.97355261282365,1295.770958372871,0.4999919448285813,0.4996764593235101,0.0004,0.0007661676669829703,0.0004140045075225798,-0.01604998754012499,6.969003152335063e-11,1.791704562492669e-10,4.856701707467437e-10,-5.331509973088844e-15,4.440892098500626e-15,-8.951173136040325e-16,0,0
45.6,1800,103.5693933357327,1000,285.1108408699101,1256040.645854222,0.04999912238166315,24.98623401307359,1399.203753376675,800,283.9504495539277,1133789.942552424,0.04996595039408133,24.97270907747166,1295.634360040943,0.4999912238166315,0.4996595039408133,0.0004,0.0007650748803275419,0.0004142775733429307,-0.01689352289211143,-6.991740519879386e-11,5.911715561524034e-11,-3.183231456205249e-11,-5.127734174770193e-15,1.613292832658431e-15,-3.524958103184872e-15,0,0
48,1800,103.6298378768672,1000,285.1100860337741,1255959.799124064,0.04999904896342602,24.98619945074068,1399.134081178521,800,283.9489411093025,1133593.768306738,0.04996426158145725,24.9718687192487,1295.504243301654,0.4999904896342601,0.4996426158145725,0.0004,0.0007640339464132284,0.0004145193515074688,-0.01773388111507401,3.365130396559834e-11,1.182343112304807e-10,1.527951098978519e-10,-2.255411569312971e-15,1.221245327087672e-15,-1.037364638634131e-15,0,0
50.4,1800,103.6830128823437,1000,285.109318352232,1255877.5789625,0.04999897438264739,24.98616434345448,1399.063226465845,800,283.9475031073964,1133405.120911154,0.04996257908585431,24.97103134518334,1295.380213583501,0.4999897438264739,0.4996257908585431,0.0004,0.0007630417086680063,0.000414732051529375,-0.0185712551804329,8.617462299298495e-11,-9.367795428261161e-11,2.28283170145005e-10,1.782103110914424e-15,3.882311139236094e-15,5.658667978636345e-15,0,0
52.8,1800,103.7294341767736,1000,285.1085394128668,1255794.155145077,0.04999889878294268,24.98612875850188,1398.991335916277,800,283.9461312856157,1133223.544773354,0.04996090252490148,24.97019677469612,1295.261901739504,0.4999889878294267,0.4996090252490147,0.0004,0.0007620952139160308,0.0004149177367070943,-0.01940582566765059,2.182787284255028e-11,1.091393642127514e-11,2.65572452917695e-10,2.757126124630638e-16,2.133709875451473e-15,2.397387843799947e-15,0,0
55.2,1800,103.7695832745137,1000,285.1077506903739,1255709.685374546,0.04999882229771442,24.98609275838552,1398.918545765159,800,283.9448216559688,1133048.61366691,0.04995923154088335,24.96936483884616,1295.148962490646,0.4999882229771442,0.4995923154088335,0.0004,0.0007611916999251661,0.0004150783330980548,-0.0202377615176097,2.569322532508522e-11,-1.236912794411182e-10,1.373336999677122e-10,-3.044439700339296e-15,-1.755540157688529e-15,-4.808653475407709e-15,0,0
57.6,1800,103.8039095807969,1000,285.1069535538601,1255624.316061202,0.04999874505081228,24.98605640113302,1398.844982480657,800,283.9435704876315,1132879.928865223,0.04995756579917226,24.96853537959162,1295.04107289986,0.4999874505081227,0.4995756579917225,0.0004,0.0007603285831988778,0.0004152156383231877,-0.0210672207721494,-8.594724931754172e-11,-2.710294211283326e-10,-3.565219230949879e-10,5.664956351236761e-16,5.113964807179627e-15,5.672545766444159e-15,0,0
60,1800,103.8328326096,1000,285.106149274204,1255538.183110282,0.04999866715719908,24.98601974060898,1398.770763444515,800,283.9423742893485,1132717.117258675,0.04995590498664625,24.96770824904347,1294.937930834915,0.4999866715719908,0.4995590498664625,0.0004,0.0007595034466793222,0.0004153313304384001,-0.02189435132029871,1.045918907038867e-11,-3.656168701127172e-10,-3.528839442878962e-10,-4.506377909718751e-15,-4.510281037539698e-17,-4.558853294867049e-15,0,0
62.4,1800,103.856743896406,1000,285.1053390304038,1255451.412600481,0.04999858872352506,24.98598282678394,1398.695997539339,800,283.9412297942667,1132559.829731365,0.04995424881032566,24.96688330882225,1294.839253642933,0.4999858872352506,0.4995424881032566,0.0004,0.0007587140291434626,0.0004154269755856239,-0.02271929154152019,3.094555722782388e-10,-6.748450687155128e-10,-3.54702933691442e-10,7.980812191665798e-16,1.283695372222837e-16,9.26342336171615e-16,0,0
64.8,1800,103.8760088349161,1000,285.1045239156706,1255364.121436144,0.04999850984867923,24.98594570599272,1398.620785712469,800,283.9401339453496,1132407.739600718,0.04995259699606207,24.96606042943959,1294.744776877553,0.4999850984867923,0.4995259699606207,0.0004,0.0007579582150204223,0.0004155040353396643,-0.02354217092417699,8.526512829121202e-11,-2.419255906715989e-10,-3.747118171304464e-10,-2.758752427889366e-15,7.008282842946301e-16,-2.057382042508493e-15,0,0
67.2,1800,103.8909684620235,1000,285.1037049433612,1255276.417981348,0.04999843062432612,24.98590842118579,1398.545221524745,800,283.9390838812008,1132260.541100465,0.04995094928726438,24.96523948969705,1294.654253062721,0.4999843062432612,0.4995094928726438,0.0004,0.0007572340245017712,0.0004155638738480939,-0.02436311066671948,2.987690095324069e-10,-4.05634636990726e-10,-9.276845958083868e-11,-5.64706701539075e-15,2.425143419415576e-15,-3.223116218364908e-15,0,0
69.59999999999999,1800,103.9019410269627,1000,285.1028830521859,1255188.402617033,0.04999835113537685,24.98587101215001,1398.469391632679,800,283.9380769235934,1132117.948046941,0.04994930544377866,24.96442037615751,1294.567450605716,0.4999835113537685,0.4994930544377866,0.0004,0.0007565396048457296,0.0004156077641078509,-0.02518222420626515,1.866737875388935e-10,-4.401954356580973e-10,-2.437445800751448e-10,-2.650657471292561e-15,1.738192922928761e-15,-9.124645483638005e-16,0,0
72,1800,103.9092234932834,1000,285.1020591111995,1255100.168274746,0.04999827146044081,24.98583351572008,1398.393376250253,800,283.9371105655308,1131979.692561303,0.0499476652408148,24.96360298263877,1294.484152756969,0.4999827146044081,0.499476652408148,0.0004,0.000755873222055754,0.0004156368939731337,-0.02599961772499881,2.021351974690333e-10,9.094947017729282e-13,-1.637090463191271e-11,-5.81381730951902e-15,1.214306433183765e-15,-4.600486658290492e-15,0,0
74.40000000000001,1800,103.9130929362818,1000,285.1012339244419,1255011.800933032,0.04999819167224558,24.98579596597537,1398.317249578453,800,283.9361824601289,1131845.523880765,0.04994602846794848,24.96278720974246,1294.404156642171,0.4999819167224557,0.4994602846794848,0.0004,0.0007552332531373703,0.0004156523717451273,-0.02681539062130867,8.026290743146092e-11,2.582964953035116e-10,5.820766091346741e-10,-5.107676434579211e-15,3.098216128094577e-15,-2.012279232133096e-15,0,0
76.8,1800,103.9138078599212,1000,285.1004082353161,1254923.380085556,0.04999811183803284,24.9857583944253,1398.241080210507,800,283.9352904101376,1131715.207237302,0.04994439492817956,24.96197296440959,1294.327272350586,0.4999811183803284,0.4994439492817956,0.0004,0.0007546181788046888,0.0004156552314396849,-0.02762963595418455,1.798525772755966e-10,-1.182343112304807e-11,1.764419721439481e-10,-4.619134935657243e-15,4.721917301608869e-15,1.006139616066548e-16,0,0
79.2,1800,103.9116094251954,1000,285.0995827306684,1254834.979177569,0.04999803201992788,24.98572083018241,1398.164931509614,800,283.9344323581597,1131588.52281181,0.04994276443705395,24.96116015950606,1294.253322084418,0.4999803201992788,0.4994276443705395,0.0004,0.0007540265766753473,0.0004156464377007814,-0.02844244085770598,-1.004991645459086e-10,1.418811734765768e-10,5.093170329928398e-11,-5.49224294515982e-15,3.840677775812651e-15,-1.654926196081874e-15,0,0
81.59999999999999,1800,103.906722588963,1000,285.0987580445742,1254746.66601071,0.0499979522752818,24.98568330012267,1398.088861959219,800,283.9336063775791,1131465.264763796,0.04994113682184883,24.96034871343818,1294.182139370256,0.4999795227528179,0.4994113682184882,0.0004,0.0007534571149620441,0.0004156268903558521,-0.02925388692559139,-5.002220859751105e-12,-3.092281986027956e-11,-2.546585164964199e-11,-2.399881508796664e-15,2.997602166487923e-15,6.002143226879753e-16,0,0
84,1800,103.8993571715839,1000,285.0979347618845,1254658.503122472,0.04999787265699263,24.98564582903594,1398.01292549152,800,283.9328106640541,1131345.240321463,0.04993951192080892,24.95953854979194,1294.113568319936,0.4999787265699263,0.4993951192080892,0.0004,0.0007529085465594853,0.0004155974286863356,-0.03006405057183059,1.409716787748039e-10,-1.091393642127514e-11,1.400621840730309e-10,-1.301042606982605e-15,4.548444954011188e-15,3.247402347028583e-15,0,0
86.40000000000001,1800,103.8897088542481,1000,285.0971134215421,1254570.548140609,0.04999779321380518,24.98560843976635,1397.937171794251,800,283.9320435275669,1131228.268931553,0.04993788958243253,24.95872959699614,1294.047462940003,0.4999779321380518,0.4993788958243253,0.0004,0.0007523797035200204,0.0004155588354169922,-0.03087300336763121,1.364242052659392e-12,-2.128217602148652e-10,-1.982698449864984e-10,-8.321685354695241e-15,2.42861286636753e-17,-8.298917109073045e-15,0,0
88.8,1800,103.8779601110361,1000,285.0962945196764,1254482.854114418,0.04999771399059141,24.98557115334363,1397.86164659732,800,283.9313033849878,1131114.181464361,0.04993626966480445,24.95792178800731,1293.983686486284,0.4999771399059141,0.4993626966480444,0.0004,0.0007518694918902747,0.0004155118404441446,-0.0316808123564627,2.364686224609613e-11,-2.364686224609613e-11,-2.219167072325945e-10,-6.025345153370942e-15,6.689093723366568e-15,6.522560269672795e-16,0,0
91.2,1800,103.8642810796694,1000,285.0954785124987,1254395.469824193,0.04999763502861197,24.98553398910571,1397.786391940712,800,283.9305887531298,1131002.819470753,0.04993465203497199,24.95711506001519,1293.922110861043,0.4999763502861196,0.4993465203497198,0.0004,0.0007513768868883416,0.0004154571243186774,-0.03248754034858337,8.094502845779061e-11,6.730260793119669e-11,3.910827217623591e-10,1.490344306298574e-15,2.491062911502695e-15,3.975986206938842e-15,0,0
93.59999999999999,1800,103.8488303741271,1000,285.0946658190015,1254308.440069969,0.04999755636576065,24.98549696481312,1397.711446424325,800,283.9298982422608,1130894.034488614,0.04993303656836301,24.95630935416793,1293.862616050198,0.4999755636576065,0.4993303656836301,0.0004,0.0007509009284015865,0.0004153953214965085,-0.03329324619584284,-1.646185410209e-10,-2.019078237935901e-10,-3.54702933691442e-10,1.942022931356036e-15,2.109423746787797e-15,4.045375145977914e-15,0,0
96,1800,103.8317558434401,1000,285.0938568234785,1254221.805941036,0.04999747803679241,24.98546009675584,1397.636845441373,800,283.9292305500446,1130787.687395119,0.04993142314824218,24.95550461531532,1293.805089597933,0.499974780367924,0.4993142314824218,0.0004,0.000750440716783467,0.0004153270233737603,-0.03409798504845085,-6.366462912410498e-12,-1.873559085652232e-10,-4.147295840084553e-10,4.22817163225897e-15,2.80331313717852e-15,7.029099524658022e-15,0,0
98.40000000000001,1800,103.8131952828755,1000,285.0930518778864,1254135.60506868,0.04999740007353713,24.98542339985343,1397.562621396839,800,283.928584455859,1130683.647799035,0.0499298116652009,24.95470079176796,1293.749426113963,0.4999740007353712,0.499298116652009,0.0004,0.0007499954089117054,0.0004152527811315022,-0.03490180859581216,-3.501554601825774e-11,1.036823960021138e-10,-1.546140993013978e-10,3.969697834338426e-15,2.123301534595612e-15,6.085409953726639e-15,0,0
100.8,1800,103.7932770961943,1000,285.0922513040463,1254049.871861264,0.04999732250509849,24.98538688774819,1397.488803911287,800,283.9279588155039,1130581.79347512,0.04992820201668256,24.95389783507308,1293.695526815093,0.4999732250509848,0.4992820201668255,0.0004,0.0007495642145207421,0.0004151731083847771,-0.03570476529068856,1.214175426866859e-10,-4.729372449219227e-11,8.549250196665525e-11,6.489600523629235e-15,1.311450947838466e-15,7.799316747991725e-15,0,0
103.2,1800,103.7721209150009,1000,285.0914553956967,1253964.637724193,0.04999724535804006,24.9853505728923,1397.415420010876,800,283.9273525562485,1130482.009834577,0.04992659410653812,24.95309569980469,1293.643299095875,0.4999724535804005,0.4992659410653812,0.0004,0.0007491463927670029,0.0004150884836600035,-0.03650690055908257,6.45741238258779e-11,5.275069270282984e-11,1.2732925824821e-10,-7.819699748834452e-15,9.922618282587337e-16,-6.820932707540805e-15,0,0
105.6,1800,103.7498381774897,1000,285.0906644204165,1253879.931265342,0.04999716865655921,24.98531446662933,1397.342494305316,800,283.9267646722024,1130384.189430199,0.04992498784461086,24.9522943433674,1293.592656127826,0.4999716865655921,0.4992498784461086,0.0004,0.0007487412490226088,0.0004149993527099586,-0.03730825699636853,-1.386979420203716e-10,2.091837814077735e-10,-1.509761204943061e-10,-2.8646789801412e-15,-1.894318035766673e-15,-4.760081218080359e-15,0,0
108,1800,103.7265326691811,1000,285.0898786214181,1253795.778486895,0.04999709242264916,24.98527857927009,1397.270049153806,800,283.9261942199892,1130288.231493917,0.04992338314634824,24.9514937258132,1293.543516484625,0.4999709242264916,0.4992338314634824,0.0004,0.0007483481318770027,0.0004149061306767244,-0.03810887455056644,-3.319655661471188e-11,3.401510184630752e-10,3.183231456205249e-10,-2.028325424285882e-15,9.020562075079397e-17,-1.942890293094024e-15,0,0
110.4,1800,103.7023010275618,1000,285.089098219222,1253712.202964391,0.04999701667625065,24.98524292016375,1397.198104819955,800,283.9256403147056,1130194.04150487,0.0499217799324393,24.95069380967021,1293.495803792394,0.4999701667625065,0.499217799324393,0.0004,0.0007479664303391492,0.0004148092041102472,-0.0389087906935579,1.400621840730309e-10,2.892193151637912e-10,6.71207089908421e-10,-3.966011546951975e-15,-7.840950111415168e-16,-4.746203430272544e-15,0,0
112.8,1800,103.6772332154947,1000,285.0883234132251,1253629.22601456,0.04999694143539384,24.98520749776424,1397.126679616933,800,283.9251021261303,1130101.530784219,0.04992017812847487,24.94989455978212,1293.449446401439,0.4999694143539383,0.4992017812847487,0.0004,0.0007475955712115082,0.0004147089328619786,-0.03970804058164745,7.139533408917487e-11,3.019522409886122e-10,3.819877747446299e-10,-3.996369207781569e-15,2.199629367538591e-15,-1.783295733304158e-15,0,0
115.2,1800,103.651412961163,1000,285.08755438316,1253546.866851239,0.04999686671633023,24.98517231969208,1397.055790042491,800,283.9245788752003,1130010.616118417,0.04991857766463122,24.94909594315887,1293.404377081328,0.4999686671633023,0.4991857766463121,0.0004,0.0007472350166506257,0.0004146056518446521,-0.04050665720490443,-2.496562956366688e-10,2.65572452917695e-10,2.546585164964199e-10,-5.390002680294437e-15,2.8796409701215e-15,-2.504940699310509e-15,0,0
117.6,1800,103.6249181702058,1000,285.0867912904584,1253465.142731467,0.04999679253365626,24.98513739279228,1396.985450905106,800,283.9240698307049,1129921.219405918,0.04991697847537367,24.9482979288366,1293.360532734901,0.4999679253365625,0.4991697847537367,0.0004,0.000746884261879204,0.0004144996726808231,-0.04130467152716832,2.646629582159221e-10,4.165485734120011e-10,6.875779945403337e-10,7.739035107201531e-16,-6.869504964868156e-16,9.020562075079397e-17,0,0
120,1800,103.5978213111978,1000,285.0860342795304,1253384.069091804,0.04999671890042856,24.98510272318833,1396.915675442192,800,283.9235743061972,1129833.267327185,0.04991538049917976,24.94750048774694,1293.317854130995,0.4999671890042856,0.4991538049917975,0.0004,0.0007465428330479571,0.0004143912852447911,-0.04210211261683483,2.382876118645072e-10,2.710294211283326e-10,7.47604644857347e-10,-3.463158579353198e-15,-1.040834085586084e-15,-4.489464355827977e-15,0,0
122.4,1800,103.5701897690653,1000,285.0852834789301,1253303.659673571,0.04999664582827001,24.98506831633188,1396.846475428163,800,283.9230916571562,1129746.691041212,0.04991378367828444,24.94670359259662,1293.276285659097,0.4999664582827,0.4991378367828443,0.0004,0.0007462102852727785,0.0004142807590762613,-0.04289900776715427,1.455191522836685e-10,-2.546585164964199e-11,1.309672370553017e-10,1.648637823481458e-15,4.232725281383409e-16,2.081668171172169e-15,0,0
124.8,1800,103.542086182277,1000,285.0845390024746,1253223.92664197,0.04999657332747043,24.98503417704988,1396.77786127762,800,283.9226212782819,1129661.425896595,0.04991218795843781,24.94590721775303,1293.235775095343,0.4999657332747043,0.4991218795843781,0.0004,0.0007458862007627467,0.0004141683447291079,-0.04369538261074268,3.61524143954739e-10,6.893969839438796e-10,1.056832843460143e-09,2.059984127722458e-17,-2.012279232133096e-16,-1.804112415015879e-16,0,0
127.2,1800,103.5135687805432,1000,285.0838009503567,1253144.880705627,0.0499965014070877,24.98500030959201,1396.709842148582,800,283.9221626007821,1129577.411141643,0.04991059328866174,24.9451113391293,1293.196273368039,0.499965014070877,0.4991059328866174,0.0004,0.0007455701869443128,0.0004140542751221728,-0.0444912612344659,3.119566827081144e-10,1.364242052659392e-10,2.200977178290486e-10,3.455135483276806e-15,-1.873501354054952e-16,3.275157922644212e-15,0,0
129.6,1800,103.4846916654005,1000,285.083069410075,1253066.531215636,0.04999643007503159,24.9849667176699,1396.642426028174,800,283.9217150901193,1129494.589683405,0.04990899962104765,24.94431593408881,1293.157734362774,0.4999643007503159,0.4990899962104765,0.0004,0.0007452618749021894,0.0004139387666616021,-0.04528666627496492,1.51885615196079e-10,3.310560714453459e-10,4.911271389573812e-10,-1.125835535908948e-15,-4.100886297209172e-15,-5.218048215738236e-15,0,0
132,1800,103.4555050531437,1000,285.0823444572323,1252988.88625106,0.04999635933813606,24.98493340449103,1396.575619806711,800,283.9212782440563,1129412.907879074,0.04990740691058177,24.94352098136247,1293.120114753567,0.4999635933813606,0.4990740691058177,0.0004,0.0007449609180285352,0.0004138220202125749,-0.0460816190013027,2.801243681460619e-10,3.310560714453459e-10,3.856257535517216e-10,3.207070026212122e-16,5.211109321834329e-15,5.544176229221875e-15,0,0
134.4,1800,103.4260555733072,1000,285.0816261565221,1252911.952724537,0.04999628920224856,24.98490037280056,1396.50942936872,800,283.9208515902561,1129332.315279379,0.04990581511492938,24.94272646094704,1293.083373795413,0.4999628920224856,0.4990581511492938,0.0004,0.0007446669903633047,0.0004137042222932287,-0.04687613941673519,6.548361852765083e-11,3.346940502524376e-10,1.746229827404022e-10,2.425793940719068e-15,5.898059818321144e-16,3.018418848199644e-15,0,0
136.8,1800,103.3963865036237,1000,285.0809145625026,1252835.736464958,0.04999621967230005,24.9848676249141,1396.443859664596,800,283.9204346843923,1129252.764426723,0.0499042241942659,24.94193235402514,1293.047473160972,0.4999621967230005,0.4990422419426589,0.0004,0.0007443797852877797,0.0004135855460144949,-0.0476702463386296,4.956746124662459e-10,2.310116542503238e-10,7.34871719032526e-10,3.480939494981961e-15,6.453171330633722e-16,4.135580766728708e-15,0,0
139.2,1800,103.3665379544339,1000,285.0802097202019,1252760.242282179,0.04999615075235963,24.98483516274337,1396.378914766501,800,283.9200271086613,1129174.210696282,0.04990263411114324,24.94113864290225,1293.012376812067,0.4999615075235962,0.4990263411114324,0.0004,0.000744099014496538,0.0004134661518177354,-0.04846395746151799,3.03771230392158e-10,4.82032191939652e-10,5.620677256956697e-10,4.789571517171964e-15,-2.622901895676932e-15,2.17881268582687e-15,0,0
141.6,1800,103.3365471087866,1000,285.079511665909,1252685.474051723,0.04999608244570625,24.98480298782975,1396.314597941471,800,283.9196284698498,1129096.612089366,0.04990104483031652,24.94034531092481,1292.978050832684,0.4999608244570625,0.4990104483031652,0.0004,0.0007438244066614734,0.0004133461884351463,-0.04925728943895891,4.720277502201498e-10,5.129550117999315e-10,9.931682143360376e-10,1.398620802506301e-16,-5.037636974236648e-15,-4.884981308350689e-15,0,0
144,1800,103.3064484323438,1000,285.0788204278648,1252611.434788492,0.04999601475489111,24.98477110137351,1396.250911715282,800,283.919238397644,1129019.929053,0.0498994563185929,24.93955234240871,1292.944463282938,0.4999601475489111,0.4989945631859289,0.0004,0.0007435557062635053,0.0004132257937293752,-0.05005025795505702,-8.276401786133647e-11,3.765308065339923e-10,3.03771230392158e-10,1.821893330644642e-15,4.926614671774132e-16,2.331468351712829e-15,0,0
146.4,1800,103.2762738177646,1000,285.078136026733,1252538.1266973,0.04999594768178035,24.98473950425381,1396.187857915965,800,283.9188565434612,1128944.124354979,0.04989786854472641,24.93875972258976,1292.9115840982,0.4999594768178034,0.4989786854472641,0.0004,0.0007432926727856011,0.0004131050952710584,-0.05084287777401286,2.446540747769177e-10,5.784386303275824e-10,8.294591680169106e-10,1.109572503321665e-15,-4.010680676458378e-15,-2.8796409701215e-15,0,0
148.8,1800,103.2460527760079,1000,285.0774584762289,1252465.551240081,0.04999588122761175,24.98470819705535,1396.125437731848,800,283.9184825789081,1128869.16291903,0.04989628147927987,24.93796743755837,1292.87938495584,0.4999588122761174,0.4989628147927987,0.0004,0.0007430350796467209,0.0004129842111040316,-0.05163516280540037,3.519744495861232e-10,3.092281986027956e-10,4.383764462545514e-10,1.119764003743029e-15,-5.349887199912473e-15,-4.218847493575595e-15,0,0
151.2,1800,103.2158126116244,1000,285.0767877836947,1252393.709197231,0.04999581539304695,24.98467718009268,1396.063651764737,800,283.9181161943643,1128795.01167402,0.04989469509449837,24.93717547419979,1292.847839153113,0.4999581539304694,0.4989469509449837,0.0004,0.0007427827132249039,0.0004128632504464977,-0.05242712616397682,3.401510184630752e-10,2.746673999354243e-10,6.220943760126829e-10,2.741730453781344e-15,-1.249000902703301e-15,1.505739977147869e-15,0,0
153.6,1800,103.1855785357952,1000,285.0761239504655,1252322.600707027,0.0499957501782045,24.98464645342582,1396.00250006378,800,283.9177570980688,1128721.639455632,0.04989310936422669,24.93638382015511,1292.816921527985,0.499957501782045,0.4989310936422668,0.0004,0.0007425353722238797,0.0004127423141431809,-0.05321878020866322,2.801243681460619e-10,1.364242052659392e-10,1.946318661794066e-10,1.579465724876883e-15,-1.077610223276793e-14,-9.18709552877317e-15,0,0
156,1800,103.1553738300042,1000,285.0754669724065,1252252.225322905,0.04999568558270841,24.98461601688296,1395.941982174952,800,283.9174050147946,1128649.01686531,0.04989152426379107,24.93559246376538,1292.786608344948,0.4999568558270841,0.4989152426379107,0.0004,0.0007422928667595861,0.0004126214953200169,-0.05401013659838938,3.03771230392158e-10,2.437445800751448e-10,7.876224117353559e-10,2.703566537309854e-15,-9.180156634869263e-15,-6.46011022453763e-15,0,0
158.4,1800,103.1252199764085,1000,285.0748168403381,1252182.58205888,0.0499956216057266,24.98458587007844,1395.882097180373,800,283.9170596847946,1128577.116157582,0.04988993976990466,24.93480139402694,1292.756877203964,0.499956216057266,0.4988993976990466,0.0004,0.0007420550176317137,0.000412500879905634,-0.05480120633682972,2.046363078989089e-10,2.619344741106033e-10,2.419255906715989e-10,2.078632405089209e-15,-5.252742685257772e-15,-3.157196726277789e-15,0,0
160.8,1800,103.0951367612015,1000,285.0741735403695,1252113.669425403,0.0499955582460011,24.98455601242699,1395.82284372916,800,283.9167208629631,1128505.91115033,0.04988835586059207,24.93401060055584,1292.727706967958,0.499955582460011,0.4988835586059207,0.0004,0.0007418216557436644,0.000412380547044806,-0.05559199980793395,4.18367562815547e-11,1.600710675120354e-10,2.091837814077735e-10,-1.218643241873707e-15,-5.904998712225051e-15,-7.098488463697095e-15,0,0
163.2,1800,103.0651424067269,1000,285.0735370543313,1252045.485475437,0.04999549550188728,24.984526443162,1395.76422007727,800,283.9163883177648,1128435.377110555,0.04988677251509375,24.93322007354257,1292.699077670544,0.4999549550188728,0.4988677251509375,0.0004,0.0007415926213643488,0.0004122605696269075,-0.05638252682119926,3.055902197957039e-10,5.147740012034774e-10,5.984475137665868e-10,-2.988494868239044e-15,-1.013078509970455e-14,-1.311450947838466e-14,0,0
165.6,1800,103.0352536715243,1000,285.0729073600987,1251978.027839083,0.0499954333713828,24.98449716134918,1395.706224117345,800,283.916061830423,1128365.490667609,0.04988518971379321,24.93242980371771,1292.67097044582,0.499954333713828,0.498851897137932,0.0004,0.0007413677635665626,0.0004121410146860972,-0.05717279664606068,8.458300726488233e-11,3.637978807091713e-11,-9.822542779147625e-11,6.678685382510707e-17,-1.004751837285767e-14,-9.971190539914687e-15,0,0
168,1800,103.0054859408826,1000,285.0722844318835,1251911.293754852,0.04999537185215429,24.98446816589902,1395.648853405729,800,283.9157411941829,1128296.229734485,0.0498836074381508,24.93163978232066,1292.643367464847,0.4999537185215429,0.498836074381508,0.0004,0.000741146939718772,0.0004120219437635305,-0.05796281804311221,5.184119800105691e-11,3.510649548843503e-10,4.110916052013636e-10,-6.722053469410127e-16,-9.721390359374027e-15,-1.038752417414912e-14,0,0
170.4,1800,102.9758533342253,1000,285.0716682405832,1251845.280106938,0.04999531094156882,24.98443945558154,1395.592105194589,800,283.9154262134389,1128227.573414705,0.04988202567062566,24.93085000106278,1292.616251860364,0.4999531094156882,0.4988202567062565,0.0004,0.0007409300148829115,0.0004119034133369014,-0.05875259930098764,5.911715561524034e-11,4.547473508864641e-10,7.60337570682168e-10,1.530893467549532e-15,-5.669076319492206e-15,-4.121702978920894e-15,0,0
172.8,1800,102.9463687817481,1000,285.0710587540268,1251779.983451488,0.04999525063671607,24.98441102903666,1395.535976454652,800,283.9151167031106,1128159.501935628,0.04988044439461987,24.93006045210095,1292.589607672904,0.4999525063671607,0.4988044439461987,0.0004,0.0007407168613832309,0.0004117854751269924,-0.05954214826281756,5.547917680814862e-11,1.418811734765768e-10,4.474713932722807e-10,4.66423774603264e-15,-4.496403249731884e-15,1.873501354054952e-16,0,0
175.2,1800,102.9170441026888,1000,285.0704559372255,1251715.400043544,0.04999519093443116,24.98438288478496,1395.480463898298,800,283.9148124880036,1128091.996580162,0.04987886359442109,24.92927112801049,1292.563419795609,0.4999519093443116,0.4987886359442109,0.0004,0.0007405073583648755,0.0004116681764107552,-0.06033147235327618,-1.591615728102624e-10,2.019078237935901e-10,5.820766091346741e-11,3.686721067319709e-15,-5.946632075648495e-15,-2.248201624865942e-15,0,0
177.6,1800,102.8878900927143,1000,285.0698597526561,1251651.525867102,0.0499951318313201,24.98435502123951,1395.425564005724,800,283.9145134020994,1128025.039610988,0.04987728325513902,24.92848202175515,1292.53767391301,0.499951318313201,0.4987728325513902,0.0004,0.0007403013913040776,0.0004115515603708573,-0.06112057860862308,-2.337401383556426e-10,3.474269760772586e-10,3.601599019020796e-10,9.727461891539946e-16,-8.56259507742152e-15,-7.577272143066693e-15,0,0
180,1800,102.8589165829478,1000,285.0692701604476,1251588.356655246,0.04999507332377676,24.98432743671392,1395.371273042069,800,283.9142192880697,1127958.614218649,0.04987570336266179,24.92769312666649,1292.512356459122,0.4999507332377676,0.4987570336266179,0.0004,0.0007400988516729722,0.0004114356663317912,-0.06190947369727695,-2.764863893389702e-10,2.837623469531536e-10,1.818989403545856e-11,6.707308319864325e-15,-7.896461262646426e-15,-1.179611963664229e-15,0,0
182.4,1800,102.830132507286,1000,285.0686871185953,1251525.887913094,0.04999501540800221,24.98430012943137,1395.317587077307,800,283.9139299967273,1127892.704462891,0.04987412390360683,24.9269044364207,1292.487454570021,0.499950154080022,0.4987412390360683,0.0004,0.0007398996365601688,0.0004113205300291438,-0.06269816394307526,-8.185452315956354e-11,2.619344741106033e-10,2.000888343900442e-10,6.154365211896717e-15,-5.204170427930421e-15,9.853229343548264e-16,0,0
184.8,1800,102.8015459729447,1000,285.0681105831887,1251464.114941935,0.0499949580800253,24.98427309753421,1395.264502007047,800,283.9136453864489,1127827.295211145,0.04987254486526916,24.92611594501411,1292.462956034102,0.499949580800253,0.4987254486526916,0.0004,0.0007397036482728163,0.0004112061838917789,-0.06348665534966003,-1.818989403545856e-12,3.237801138311625e-10,1.055013854056597e-10,5.669943681230194e-15,-8.93729534823251e-15,-3.233524559220768e-15,0,0
187.2,1800,102.7731643068939,1000,285.0675405085555,1251403.032854814,0.04999490133571577,24.98424633909015,1395.212013565986,800,283.913365322793,1127762.372097599,0.04987096623558727,24.9253276467471,1292.438849259092,0.4999490133571577,0.4987096623558727,0.0004,0.0007395107940727357,0.0004110926572275757,-0.06427495361667113,4.547473508864641e-12,6.657501216977835e-10,9.167706593871117e-10,-2.082969213779151e-15,-6.841749389252527e-15,-8.923417560424696e-15,0,0
189.6,1800,102.7449941125299,1000,285.0669768474414,1251342.636595775,0.04999484517080043,24.98421985209987,1395.160117344389,800,283.9130896780341,1127697.921473486,0.04986938800310105,24.92453953620428,1292.415123231859,0.4999484517080042,0.4986938800310105,0.0004,0.0007393209858548743,0.0004109799764501194,-0.06506306415949226,8.185452315956354e-11,2.364686224609613e-10,3.346940502524376e-10,1.383008291222509e-15,-6.092348847630547e-15,-4.690692279041286e-15,0,0
192,1800,102.7170413270205,1000,285.0664195511925,1251282.920959224,0.04999478958087963,24.98419363450467,1395.108808804921,800,283.9128183306927,1127633.930357069,0.04986781015691023,24.92375160823472,1292.391767477901,0.4999478958087963,0.4986781015691023,0.0004,0.0007391341398232052,0.0004108681653080821,-0.06585099212904666,6.821210263296962e-11,3.292370820418e-10,4.220055416226387e-10,-2.950764632636549e-15,-5.176414852314792e-15,-8.118505867571457e-15,0,0
194.4,1800,102.6893112575297,1000,285.0658685698681,1251223.880602017,0.04999473456143755,24.98416768419131,1395.058083292939,800,283.9125511652352,1127570.386401204,0.04986623268664694,24.9229638579391,1292.368772035409,0.4999473456143755,0.4986623268664693,0.0004,0.0007389501762832751,0.0004107572450301186,-0.06663874242466861,1.455191522836685e-11,5.456968210637569e-10,3.492459654808044e-10,1.16009632455949e-15,-7.216449660063518e-15,-6.022959908591474e-15,0,0
196.8,1800,102.6618086292649,1000,285.065323852389,1251165.510059485,0.04999468010785555,24.98414199899831,1395.007936050315,800,283.9122880716758,1127507.277851403,0.04986465558244052,24.92217628065306,1292.34612742105,0.4999468010785555,0.4986465558244052,0.0004,0.0007387690193683993,0.0004106472345170596,-0.06742631971071233,-8.913048077374697e-11,6.311893230304122e-10,3.310560714453459e-10,1.525689297121602e-15,-6.897260540483785e-15,-5.370703881624195e-15,0,0
199.2,1800,102.634537631378,1000,285.0647853466846,1251107.803760886,0.04999462621542537,24.98411657672213,1394.958362228836,800,283.9120289452013,1127444.593505271,0.04986307883488364,24.92138887193112,1292.323824597458,0.4999462621542536,0.4986307883488364,0.0004,0.0007385905967796606,0.0004105381505255118,-0.06821372843264584,6.184563972055912e-11,3.619788913056254e-10,4.474713932722807e-10,4.552348081832136e-15,-7.105427357601002e-15,-2.511879593214417e-15,0,0
201.6,1800,102.6075019459317,1000,285.0642529997782,1251050.75603882,0.04999457287935705,24.98409141512083,1394.909356898114,800,283.9117736859264,1127382.322686586,0.04986150243501044,24.92060162753646,1292.301854952182,0.4999457287935705,0.4986150243501044,0.0004,0.0007384148396174586,0.0004104300077837269,-0.06900097282731465,1.182343112304807e-11,3.783497959375381e-10,6.402842700481415e-10,2.542237254044011e-15,-4.718447854656915e-15,-2.151057110211241e-15,0,0
204,1800,102.5807047885189,1000,285.0637267579149,1250994.361142704,0.04999452009479045,24.9840665119195,1394.86091505736,800,283.9115221985588,1127320.45520954,0.04985992637426653,24.91981454342664,1292.280210268841,0.4999452009479045,0.4985992637426653,0.0004,0.0007382416821507304,0.0004103228191540756,-0.06978805693712786,6.366462912410498e-11,3.910827217623591e-10,4.765752237290144e-10,9.84455572616838e-16,-7.105427357601002e-15,-6.106226635438361e-15,0,0
206.4,1800,102.5541489439445,1000,285.0632065666718,1250938.613250532,0.04999446785680497,24.98404186481485,1394.813031645474,800,283.9112743921025,1127258.981347132,0.04985835064448255,24.91902761574121,1292.25888270153,0.4999446785680497,0.4985835064448255,0.0004,0.0007380710616122377,0.0004102165957757779,-0.07057498462256362,3.055902197957039e-10,3.255991032347083e-10,6.548361852765083e-10,-5.28656979303932e-16,-5.245803791353865e-15,-5.731526364627371e-15,0,0
208.8,1800,102.5278367906421,1000,285.0626923710298,1250883.506476738,0.04999441616042634,24.98401747147835,1394.765701547703,800,283.9110301796522,1127197.891809052,0.04985677523785549,24.91824084079281,1292.237864757061,0.4999441616042634,0.4985677523785549,0.0004,0.0007379029180564902,0.0004101113471625686,-0.07136175957096569,3.819877747446299e-11,3.747118171304464e-10,2.037268131971359e-10,2.094678597241995e-16,-6.022959908591474e-15,-5.787037515858628e-15,0,0
211.2,1800,102.5017703347546,1000,285.0621841154787,1250829.03488331,0.049994365000636,24.98399332956063,1394.7189196053,800,283.9107894781104,1127137.177711656,0.04985520014692368,24.91745421505535,1292.217149270545,0.4999436500063599,0.4985520014692368,0.0004,0.0007377371941643632,0.0004100070813390184,-0.07214838530842016,-1.51885615196079e-10,6.093614501878619e-10,2.510205376893282e-10,-6.89986262569775e-16,-7.66053886991358e-15,-8.31279489688086e-15,0,0
213.6,1800,102.4759512366545,1000,285.0616817440988,1250775.192488405,0.04999431437237838,24.98396943669491,1394.672680622926,800,283.9105522079643,1127076.830554031,0.04985362536454662,24.91666773515452,1292.196729386271,0.4999431437237837,0.4985362536454662,0.0004,0.000737573835090172,0.000409903804946618,-0.07293486520925541,1.77351466845721e-10,2.055458026006818e-10,1.709850039333105e-10,-1.916435760085378e-15,-1.085243006571091e-14,-1.275368699538149e-14,0,0
216,1800,102.4503808329457,1000,285.061185200623,1250721.973273255,0.0499942642705667,24.98394579049973,1394.626979374502,800,283.9103182931005,1127016.84219823,0.04985205088388832,24.91588139785991,1292.176598541557,0.499942642705667,0.4985205088388832,0.0004,0.0007374127883324527,0.0004098015233317828,-0.07372120250386516,2.728484105318785e-11,3.947207005694509e-10,2.146407496184111e-10,-4.271756559592887e-16,-6.605826996519681e-15,-6.994405055138486e-15,0,0
218.4,1800,102.4250601639019,1000,285.0606944285219,1250669.371191053,0.04999421469009055,24.98392238858245,1394.581810610923,800,283.9100876605745,1126957.204844698,0.04985047669839679,24.9150952000753,1292.156750447021,0.4999421469009055,0.4985047669839679,0.0004,0.0007372540035761703,0.0004097002406556075,-0.07450740028847491,4.456524038687348e-11,4.529283614829183e-10,5.20230969414115e-10,-6.756747938929664e-16,-3.858025010572419e-15,-4.496403249731884e-15,0,0
220.8,1800,102.3999899938715,1000,285.0602093710623,1250617.380173296,0.04999416562582119,24.98389922854182,1394.537169065476,800,283.9098602404382,1126897.911013876,0.04984890280178862,24.91430913883136,1292.137179071605,0.4999416562582119,0.4984890280178861,0.0004,0.0007370974325728384,0.000409599959975486,-0.07529346153241079,3.319655661471188e-10,4.05634636990726e-10,9.858922567218542e-10,5.091413401991929e-16,-5.023759186428833e-15,-4.510281037539698e-15,0,0
223.2,1800,102.3751708303405,1000,285.0597299713637,1250565.994135736,0.04999411707261667,24.98387630797026,1394.493049458992,800,283.9096359655775,1126838.953528831,0.04984732918803431,24.91352321127879,1292.117878628652,0.4999411707261667,0.4984732918803431,0.0004,0.0007369430290292129,0.000409500683321362,-0.07607938908498468,2.02817318495363e-10,6.129994289949536e-10,8.36735125631094e-10,3.1862533445004e-15,-4.968248035197576e-15,-1.720845688168993e-15,0,0
225.6,1800,102.3506029461082,1000,285.0592561724626,1250515.206985417,0.04999406902532755,24.98385362445671,1394.449446505777,800,283.9094147715243,1126780.32549518,0.04984575585134151,24.9127374146803,1292.098843559669,0.4999406902532755,0.4984575585134151,0.0004,0.0007367907484773514,0.0004094024117844328,-0.07686518568346656,9.276845958083868e-11,5.402398528531194e-10,4.147295840084553e-10,-1.482754891091176e-15,-7.119305145408816e-15,-8.576472865229334e-15,0,0
228,1800,102.3262863950551,1000,285.0587879173581,1250465.012625362,0.04999402147880123,24.98383117558848,1394.406354917786,800,283.9091965963228,1126722.020286803,0.04984418278614304,24.91195174640504,1292.08006852273,0.4999402147880123,0.4984418278614304,0.0004,0.0007366405481818438,0.0004093051455802206,-0.07765085395872973,1.282387529499829e-10,5.529727786779404e-10,9.276845958083868e-10,-3.469446951953614e-17,-2.844946500601964e-15,-2.844946500601964e-15,0,0
230.4,1800,102.3022210284446,1000,285.0583251490575,1250415.404959586,0.04999397442788587,24.98380895895323,1394.363769408778,800,283.9089813803869,1126664.031530782,0.04984260998708414,24.91116620392251,1292.061548380334,0.4999397442788587,0.4984260998708414,0.0004,0.0007364923870426701,0.0004092088841137783,-0.07843639644125844,-6.730260793119669e-11,4.492903826758265e-10,4.001776687800884e-10,-2.136745641534432e-15,-1.124100812432971e-14,-1.332267629550188e-14,0,0
232.8,1800,102.2784065129149,1000,285.0578678106284,1250366.377898639,0.04999392786743519,24.98378697214114,1394.321684699145,800,283.9087690663492,1126606.353091019,0.04984103744900893,24.9103807847962,1292.043278186231,0.4999392786743518,0.4984103744900892,0.0004,0.0007363462254898441,0.0004091136260516596,-0.07922181556757124,2.228262019343674e-10,6.893969839438796e-10,9.349605534225702e-10,-2.211772431870429e-16,-6.800116025829084e-15,-6.966649479522857e-15,0,0
235.2,1800,102.2548423423855,1000,285.0574158452308,1250317.925362996,0.04999388179231138,24.98376521274631,1394.280095518781,800,283.9085595989555,1126548.979057166,0.04983946516695091,24.90959548667908,1292.025253176395,0.4999388179231138,0.4983946516695091,0.0004,0.000736202025411163,0.0004090193693695419,-0.08000711368469382,1.682565198279917e-10,4.711182555183768e-10,6.621121428906918e-10,3.120333852413282e-15,-4.704570066849101e-15,-1.554312234475219e-15,0,0
237.6,1800,102.2315278490835,1000,285.0569691961467,1250270.041286158,0.04999383619738763,24.98374367836791,1394.238996609831,800,283.9083529249686,1126491.903734329,0.04983789313612448,24.90881030730959,1292.007468760748,0.4999383619738763,0.4983789313612448,0.0004,0.0007360597500859839,0.0004089261113963339,-0.08079229305418423,4.18367562815547e-11,5.602487362921238e-10,8.585629984736443e-10,-6.223320470066795e-16,-4.177214130152151e-15,-4.746203430272544e-15,0,0
240,1800,102.2084622211876,1000,285.0565278068301,1250222.719620153,0.04999379107755285,24.98372236661247,1394.198382731252,800,283.908148993017,1126435.121626779,0.04983632135191116,24.90802524450517,1291.989920510064,0.4999379107755285,0.4983632135191116,0.0004,0.0007359193640805133,0.0004088338488847503,-0.08157735585860237,-2.946762833744287e-10,5.002220859751105e-10,2.291926648467779e-10,-2.258609965721803e-15,-1.373900992973631e-15,-3.58046925441613e-15,0,0
242.4,1800,102.1856445142594,1000,285.0560916209365,1250175.954338686,0.04999374642771431,24.98370127509503,1394.158248661602,800,283.9079477534939,1126378.627427499,0.04983474980985089,24.9072402961581,1291.972604147343,0.4999374642771431,0.4983474980985089,0.0004,0.0007357808331787437,0.0004087425780570374,-0.0823623042056667,1.364242052659392e-11,5.311449058353901e-10,5.638867150992155e-10,-9.580010396081917e-16,-1.387778780781446e-15,-2.275957200481571e-15,0,0
244.8,1800,102.1630736639258,1000,285.0556605823607,1250129.739440947,0.04999370224280088,24.98368040144069,1394.118589202287,800,283.9077491584488,1126322.416006166,0.04983317850563195,24.90645546023077,1291.955515538361,0.4999370224280087,0.4983317850563195,0.0004,0.0007356441243068857,0.0004086522946557033,-0.08314714013300417,9.367795428261161e-11,3.965396899729967e-10,7.421476766467094e-10,1.074661193367632e-15,-5.564992910933597e-15,-4.440892098500626e-15,0,0
247.2,1800,102.1407485014379,1000,285.055234635277,1250084.068956172,0.04999365851776678,24.98365974328642,1394.079399181502,800,283.9075531614521,1126266.482395134,0.04983160743507922,24.90567073475007,1291.938650680064,0.4999365851776678,0.4983160743507922,0.0004,0.0007355092054405158,0.0004085629940057515,-0.08393186561369603,-1.919033820740879e-10,3.292370820418e-10,1.564330887049437e-10,2.52662474276022e-15,1.110223024625157e-15,3.691491556878645e-15,0,0
249.6,1800,102.1186677535886,1000,285.0548137241348,1250038.936943033,0.04999361524759122,24.98363929828082,1394.040673453596,800,283.9073597175881,1126210.821788445,0.0498300365941532,24.90488611780705,1291.922005700007,0.4999361524759122,0.498300365941532,0.0004,0.0007353760456000582,0.0004084746710143545,-0.08471648255672193,-1.728039933368564e-11,5.657057045027614e-10,5.675246939063072e-10,-1.176576197581269e-15,-2.55351295663786e-15,-3.677613769070831e-15,0,0
252,1800,102.0968300209956,1000,285.0543977935803,1249994.337481332,0.04999357242727126,24.98361906408081,1394.002406891982,800,283.9071687836266,1126155.429560028,0.04982846597896548,24.9041016075641,1291.905576870986,0.4999357242727126,0.4982846597896548,0.0004,0.0007352446149678908,0.0004083873200839826,-0.08550099279967327,2.728484105318785e-10,5.256879376247525e-10,8.185452315956354e-10,-2.408663546393797e-15,-9.020562075079397e-16,-3.247402347028583e-15,0,0
254.4,1800,102.0752338581033,1000,285.0539867887101,1249950.264699034,0.04999353005184478,24.98359903836239,1393.964594412379,800,283.9069803173622,1126100.301193569,0.04982689558571977,24.90331720222715,1291.889360554275,0.4999353005184478,0.4982689558571977,0.0004,0.0007351148844342023,0.0004083009354324131,-0.08628539813661718,-7.73070496506989e-11,4.074536263942719e-10,3.492459654808044e-10,1.360023205165817e-15,-6.75848266240564e-15,-5.342948306008566e-15,0,0
256.8,1800,102.0538777255861,1000,285.0535806549105,1249906.712755158,0.04999348811637581,24.98357921881376,1393.92723095803,800,283.9067942779966,1126045.432322897,0.0498253254107459,24.90253290006174,1291.873353232444,0.4999348811637581,0.498253254107459,0.0004,0.0007349868258595525,0.0004082155109023442,-0.08706970030202754,-1.327862264588475e-10,7.166818249970675e-10,6.075424607843161e-10,-3.554014721407484e-15,1.013078509970455e-15,-2.470246229790973e-15,0,0
259.2,1800,102.0327600109197,1000,285.0531793379172,1249863.675846104,0.04999344661596011,24.98355960313798,1393.890311505186,800,283.9066106259625,1125990.818713619,0.0498237554504842,24.90174869938562,1291.857551494266,0.4999344661596011,0.4982375545048419,0.0004,0.0007348604119541305,0.0004081310400436787,-0.08785390097814982,-2.66481947619468e-10,6.693881005048752e-10,1.855369191616774e-10,-2.720046410331634e-15,-8.285039321265231e-15,-1.092181900474998e-14,0,0
261.6,1800,102.0118790530162,1000,285.0527827838882,1249821.148213575,0.04999340554573173,24.98354018905595,1393.853831069832,800,283.9064293227173,1125936.456240539,0.04982218570146685,24.90096459855993,1291.841952016816,0.4999340554573173,0.4982218570146685,0.0004,0.0007347356161345269,0.0004080475162120647,-0.08863800180383663,-1.2732925824821e-10,7.439666660502553e-10,4.001776687800884e-10,-4.303415263029464e-15,-2.081668171172169e-15,-6.328271240363392e-15,0,0
264,1800,101.9912331080618,1000,285.0523909392894,1249779.124132086,0.04999336490085245,24.98352097430159,1393.817784697,800,283.9062503310131,1125882.340917062,0.04982061616034231,24.90018059600076,1291.826551588938,0.4999336490085244,0.4982061616034231,0.0004,0.0007346124127115072,0.0004079649324322472,-0.08942200436301206,7.185008144006133e-11,4.474713932722807e-10,2.983142621815205e-10,-4.358926414260722e-15,-2.67841304690819e-15,-6.966649479522857e-15,0,0
266.4,1800,101.9708203913274,1000,285.0520037510205,1249737.59792266,0.04999332467652345,24.98350195662718,1393.782167472501,800,283.9060736145505,1125828.468857878,0.04981904682384405,24.89939669016439,1291.811347081174,0.4999332467652345,0.4981904682384405,0.0004,0.0007344907766493924,0.0004078832815653095,-0.09020591019938351,4.547473508864641e-11,4.547473508864641e-10,5.129550117999315e-10,-3.605189063948799e-15,-6.772360450213455e-15,-1.033895191682177e-14,0,0
268.8,1800,101.9506390809179,1000,285.0516211664211,1249696.563953487,0.04999328486798577,24.98348313380366,1393.746974523453,800,283.9058991379388,1125774.836274873,0.0498174776887873,24.8986128795457,1291.796335442535,0.4999328486798577,0.498174776887873,0.0004,0.0007343706835402808,0.0004078025563236715,-0.09098972081807233,-1.928128767758608e-10,4.5656634029001e-10,5.165929906070232e-10,-2.722648495545599e-15,3.538835890992686e-15,8.604228440844963e-16,0,0
271.2,1800,101.9306872913296,1000,285.0512431331832,1249656.016630319,0.04999324547051219,24.98346450361684,1393.712201010032,800,283.9057268669094,1125721.439499679,0.04981590875208765,24.89782916268704,1291.781513718702,0.4999324547051219,0.4981590875208765,0.0004,0.0007342521097496173,0.0004077227491653184,-0.09177343767673563,-1.39152689371258e-10,3.983586793765426e-10,5.129550117999315e-10,-7.799750428860719e-15,2.095545958979983e-15,-5.648259637780484e-15,0,0
273.6,1800,101.9109631209958,1000,285.050869599493,1249615.950411859,0.04999320647942038,24.98344606387345,1393.677842138706,800,283.9055567679153,1125668.274941296,0.04981434001072585,24.89704553816149,1291.76687901771,0.4999320647942038,0.4981434001072585,0.0004,0.000734135032141683,0.0004076438524839832,-0.09255706220228177,-1.764419721439481e-10,5.220499588176608e-10,5.966285243630409e-10,-1.00149923076831e-14,1.387778780781446e-15,-8.56259507742152e-15,0,0
276,1800,101.8914646306334,1000,285.0505005139569,1249576.359801892,0.04999316789006607,24.98342781239808,1393.643893155376,800,283.9053888083047,1125615.339104338,0.04981277146176286,24.89626200458007,1291.752428524743,0.4999316789006606,0.4981277146176286,0.0004,0.000734019428197942,0.0004075658585225337,-0.09334059578369747,-1.90084392670542e-10,3.383320290595293e-10,1.709850039333105e-10,-6.209009001389987e-15,-6.106226635438361e-15,-1.225408663430017e-14,0,0
278.4,1800,101.8721898380991,1000,285.0501358255822,1249537.239346895,0.04999312969784103,24.98340974703218,1393.610349343472,800,283.9052229563576,1125562.62859301,0.04981120310234327,24.89547856059335,1291.738159505373,0.4999312969784102,0.4981120310234327,0.0004,0.000733905276042984,0.0004074887593523963,-0.09412403977042416,-2.673914423212409e-10,5.238689482212067e-10,2.764863893389702e-10,-8.57603918436034e-15,-1.429412144204889e-15,-9.936496070395151e-15,0,0
280.8,1800,101.8531367558487,1000,285.0497754838862,1249498.583648079,0.04999309189818342,24.98339186563886,1393.577206034034,800,283.9050591809686,1125510.140077292,0.04980963492966702,24.89469520487794,1291.724069278185,0.4999309189818342,0.4980963492966702,0.0004,0.0007337925542254797,0.0004074125470233948,-0.09490739548582994,1.091393642127514e-11,5.584297468885779e-10,8.221832104027271e-10,-7.235965299168257e-15,-4.662936703425657e-15,-1.18099974244501e-14,0,0
283.2,1800,101.8343033662145,1000,285.0494194388142,1249460.387352409,0.04999305448657008,24.98337416609935,1393.544458598247,800,283.9048974518468,1125457.870314249,0.04980806694100702,24.89391193614508,1291.710155232033,0.4999305448657008,0.4980806694100702,0.0004,0.0007336812418562621,0.000407337213464858,-0.09569066421868655,-7.639755494892597e-11,4.729372449219227e-10,4.147295840084553e-10,-7.373008453770424e-15,6.938893903907228e-17,-7.230327447871332e-15,0,0
285.6,1800,101.8156876278367,1000,285.0490676407543,1249422.645154244,0.04999301745851793,24.98335664631358,1393.512102448618,800,283.9047377394551,1125405.816141486,0.04980649913370394,24.89312875313793,1291.696414820781,0.4999301745851793,0.4980649913370394,0.0004,0.000733571318566248,0.0004072627505113469,-0.09647384722583752,-1.173248165287077e-10,4.711182555183768e-10,3.747118171304464e-10,-1.189413151303498e-14,-9.103828801926284e-15,-2.09277040141842e-14,0,0
288,1800,101.7972874974719,1000,285.0487200405992,1249385.3518019,0.0499929808095894,24.9833393042029,1393.480133044765,800,283.9045800148239,1125353.974457498,0.04980493150514965,24.89234565462387,1291.682845547293,0.499929808095894,0.4980493150514965,0.0004,0.000733462764378346,0.0004071891499898874,-0.0972569457399004,-3.446984919719398e-10,5.893525667488575e-10,2.91038304567337e-11,-6.482661629725328e-15,-2.206568261442499e-15,-8.604228440844963e-15,0,0
290.4,1800,101.7791009078114,1000,285.0483765896722,1249348.5020898,0.04999294453538614,24.98332213770682,1393.448545886561,800,283.9044242497305,1125302.342240385,0.04980336405280279,24.89156263940182,1291.66944497875,0.4999294453538614,0.4980336405280279,0.0004,0.0007333555598299972,0.0004071164036312457,-0.09803996096195533,-4.474713932722807e-10,3.528839442878962e-10,-8.003553375601768e-11,-9.036174586363188e-15,-6.578071420904053e-15,-1.557087792036782e-14,0,0
292.8,1800,101.7611257850538,1000,285.0480372397762,1249312.090863621,0.04999290863155294,24.98330514478521,1393.417336518577,800,283.904270416544,1125250.91653182,0.04980179677417544,24.89077970629598,1291.656210733524,0.4999290863155293,0.4980179677417544,0.0004,0.0007332496858681898,0.0004070445031402151,-0.09882289406779421,-1.164153218269348e-10,4.547473508864641e-10,5.857145879417658e-10,-1.034892657680864e-14,4.163336342344337e-16,-9.867107131356079e-15,0,0
295.2,1800,101.7433600541697,1000,285.0477019432032,1249276.113021505,0.04999287309377899,24.98328832341863,1393.386500531049,800,283.9041184881779,1125199.694431576,0.04980022966682855,24.88999685415359,1291.64314047688,0.4999287309377899,0.4980022966682854,0.0004,0.0007331451238150385,0.0004069734402166787,-0.09960574621018381,-2.901288098655641e-10,4.69299266114831e-10,1.964508555829525e-10,-9.257785510419225e-15,-8.881784197001252e-16,-1.00752739484733e-14,0,0
297.6,1800,101.7258016222274,1000,285.04737065268,1249240.56350802,0.04999283791779284,24.98327167160605,1393.356033554784,800,283.9039684382238,1125148.673111926,0.04979866272838389,24.88921408185068,1291.630231932556,0.4999283791779284,0.4979866272838389,0.0004,0.0007330418554604512,0.0004069032064889097,-0.1003885185130891,-2.301021595485508e-10,6.96672941558063e-10,4.874891601502895e-10,-1.075918867887715e-14,-5.23192600354605e-15,-1.594557819117881e-14,0,0
300,1800,101.7084484044046,1000,285.0470433214413,1249205.437321995,0.04999280309936882,24.98325518736791,1393.325931267864,800,283.9038202407264,1125097.849793781,0.04979709595650411,24.88843138828262,1291.617482863459,0.4999280309936882,0.4979709595650411,0.0004,0.0007329398629076731,0.0004068337936176185,-0.1011712120811517,-2.219167072325945e-10,6.639311322942376e-10,4.583853296935558e-10,-6.752844811108716e-15,-1.1518563880486e-15,-7.799316747991725e-15,0,0
300.0000000006015,1800,101.7084484044003,1000,285.0470433214412,1249205.437321986,0.04999280309936881,24.9832551873679,1393.325931267856,800,283.9038202407264,1125097.849793768,0.04979709595650372,24.88843138828242,1291.617482863456,0.4999280309936881,0.4979709595650371,0.0004,0.0007329398629076476,0.0004068337936176012,-0.1011712120813471,-3.183231456205249e-10,5.711626727133989e-10,4.001776687800884e-11,-6.194697532713178e-15,-3.885780586188048e-16,-6.494804694057166e-15,0,0
300.0000000006015,2200,101.7084484044003,1400,285.0470433214412,1249205.437321986,0.04999280309936881,24.9832551873679,1393.325931267856,800,283.9038202407264,1125097.849793768,0.04979709595650372,24.88843138828242,1291.617482863456,0.4999280309936881,0.4979709595650371,0.0004,0.0007329398629076476,0.0004068337936176012,-0.1011712120813471,-3.183231456205249e-10,5.711626727133989e-10,4.001776687800884e-11,-6.194697532713178e-15,-3.885780586188048e-16,-6.494804694057166e-15,0,0
302.4,2200,102.5172303538548,1400,285.055786409032,1250120.654546179,0.04999281141262756,24.98323487825195,1394.130166294956,800,283.9037673861628,1125057.165656693,0.04979553768198924,24.88765271090275,1291.612935941102,0.4999281141262756,0.4979553768198923,0.0004,0.0007329034875288125,0.000410068921415419,-0.1019498894610216,-1.00953911896795e-10,4.529283614829183e-10,3.747118171304464e-10,-3.563122019656362e-15,-2.720046410331634e-15,-6.203371150093062e-15,0,0
304.8,2200,103.2944576338125,1400,285.0643497868343,1251016.654534788,0.04999280353525304,24.98320695762099,1394.918266542686,800,283.9038937759896,1125035.541019574,0.04979399537950691,24.8868815825074,1291.623808908874,0.4999280353525304,0.4979399537950691,0.0004,0.0007329904712709886,0.00041317783053525,-0.1027210178563713,-1.791704562492669e-10,4.620233085006475e-10,3.092281986027956e-10,-4.809954518014692e-15,-8.187894806610529e-15,-1.292022044907526e-14,0,0
307.2,2200,104.0419265123405,1400,285.0727404077797,1251894.180040251,0.04999278009239405,24.98317171986665,1395.690847867104,800,283.9041856851381,1125031.514750927,0.04979246782374327,24.8861174239229,1291.648921354764,0.4999278009239405,0.4979246782374326,0.0004,0.0007331913708381107,0.0004161677060493621,-0.10348517644087,-2.66481947619468e-10,1.038642949424684e-09,8.003553375601768e-10,-3.435186163303072e-15,-3.858025010572419e-15,-7.216449660063518e-15,0,0
309.6,2200,104.7613183917899,1400,285.0809648255364,1252753.931187722,0.04999274167334813,24.98312944248,1396.448491053986,800,283.904630311898,1125043.724101245,0.04979095387194931,24.88535969497869,1291.687172662196,0.4999274167334813,0.4979095387194931,0.0004,0.0007334973812975713,0.0004190452735671597,-0.1042429053850817,-3.80168785341084e-10,8.858478395268321e-10,5.311449058353901e-10,-8.991071775987791e-15,-7.299716386910404e-15,-1.620925615952729e-14,0,0
312,2200,105.4542087614955,1400,285.0890292254001,1253596.568772055,0.04999268883433351,24.98308038735906,1397.191744519811,800,283.9052157063718,1125070.897074672,0.04978945245753016,24.88460789148311,1291.737535758316,0.4999268883433351,0.4978945245753015,0.0004,0.0007339002860665278,0.0004218168350459818,-0.1049947088806569,-5.311449058353901e-10,1.065927790477872e-09,7.930793799459934e-10,-6.062858548538941e-15,-7.702172233337023e-15,-1.369737656631287e-14,0,0
314.4,2200,106.1220738113775,1400,285.0969394465588,1254422.7166331,0.04999262210048284,24.98302480175067,1397.921126232092,800,283.9059307168453,1125111.846707626,0.04978796258523552,24.88386154295507,1291.799052420715,0.4999262210048284,0.4978796258523552,0.0004,0.0007343924193657167,0.00042448829524551,-0.1057410574087037,-3.36058292305097e-10,8.785718819126487e-10,3.310560714453459e-10,-2.407796184655808e-15,-8.409939411535561e-15,-1.072752997544058e-14,0,0
316.8,2200,106.7662969346964,1400,285.1047010041482,1255232.964009134,0.0499925419678199,24.98296291918383,1398.637125622372,800,283.9067649371937,1125165.465460175,0.04978648332644696,24.88312021040039,1291.870828687676,0.499925419678199,0.4978648332644696,0.0004,0.0007349666295014084,0.0004270651877387854,-0.1064823899633822,-4.37012204201892e-10,9.858922567218542e-10,5.748006515204906e-10,7.650130529057719e-16,-1.133815263898441e-14,-1.049160758270773e-14,0,0
319.2,2200,107.3881747513169,1400,285.1123191097047,1256027.867719489,0.04999244890509316,24.98289496033511,1399.340205362756,800,283.9077086581324,1125230.720017327,0.04978501381481023,24.88238348425078,1291.952030611439,0.4999244890509315,0.4978501381481023,0.0004,0.0007356162448915146,0.0004295526990052676,-0.1072191161129936,-5.469473762786947e-10,9.476934792473912e-10,4.256435204297304e-10,-3.764349942869671e-15,-7.147060721024445e-15,-1.083855227790309e-14,0,0
321.6,2200,107.9889226688404,1400,285.1197986900436,1256807.95417905,0.04999234335546804,24.98282113382758,1400.030803006649,800,283.9087528221413,1125306.646482812,0.04978355324219846,24.88165098245826,1292.041880337808,0.4999234335546804,0.4978355324219845,0.0004,0.000736335042702467,0.0004319556906753614,-0.1079516179055098,-5.038316430727718e-10,9.804352885112166e-10,5.020410753786564e-10,2.139781407617392e-15,-6.480926906249351e-15,-4.260480856999038e-15,0,0
324,2200,108.5696800745486,1400,285.1271444049129,1257573.721282538,0.04999222573811028,24.98274163697783,1400.709332526068,800,283.9098889813756,1125392.345891941,0.04978210085494396,24.88092234871624,1292.139652451519,0.4999222573811027,0.4978210085494396,0.0004,0.0007371172196121534,0.0004342787202981944,-0.1086802516475309,-4.357616489869542e-10,1.342414179816842e-09,9.331415640190244e-10,-2.490195549764707e-15,-5.384581669432009e-15,-7.813194535799539e-15,0,0
326.4,2200,109.1315152889435,1400,285.1343606638661,1258325.640205396,0.04999209644969955,24.98265665651018,1401.376185784788,800,283.911109257518,1125486.979931863,0.04978065595024496,24.8801972507627,1292.244670495845,0.4999209644969955,0.4978065595024496,0.0004,0.000737957363966756,0.0004365260611557741,-0.1094053496010687,-7.562448445241898e-10,1.020453055389225e-09,2.928572939708829e-10,1.301909968720594e-15,-4.551914400963142e-15,-3.150257832373882e-15,0,0
328.8,2200,109.6754301515459,1400,285.1414516418844,1259064.157071092,0.04999195586583108,24.98256636921768,1402.031733903506,800,283.9124063045788,1125589.766976272,0.04977921787283698,24.87947537880813,1292.35630375196,0.4999195586583108,0.4977921787283698,0.0004,0.0007388504300156782,0.0004387017206061837,-0.1101272215556399,-6.202753866091371e-10,9.713403414934874e-10,6.111804395914078e-10,-4.753142324176451e-16,-5.065392549852277e-15,-5.440092820663267e-15,0,0
331.2,2200,110.202364288092,1400,285.1484212939243,1259789.694504418,0.04999180434232146,24.98247094257804,1402.676328532786,800,283.9137732742656,1125699.978395149,0.04977778601189548,24.87875644407245,1292.473964244694,0.4999180434232146,0.4977778601189548,0.0004,0.0007397917139575493,0.0004408094571523679,-0.1108461562913234,-5.102265276946127e-10,8.985807653516531e-10,4.165485734120011e-10,3.454701802407811e-15,-9.756084828893563e-15,-6.231126725708691e-15,0,0
333.6,2200,110.7131990992186,1400,285.155273368538,1260502.653085219,0.04999164221643088,24.98237053533002,1403.310303046473,800,283.915203783622,1125816.935105138,0.04977635979814086,24.87804017741738,1292.597103947254,0.4999164221643088,0.4977635979814086,0.0004,0.000740776831578034,0.0004428527963968745,-0.1115624229463954,-3.874447429552674e-10,8.11269273981452e-10,2.164597390219569e-10,5.304784389537076e-15,-1.121325254871408e-14,-5.814793091474257e-15,0,0
336,2200,111.2087615143721,1400,285.1620114206945,1261203.412717291,0.04999146980801457,24.98226529801618,1403.933973666724,800,283.9166918845513,1125940.004323045,0.04977493870111453,24.87732632805931,1292.725212152352,0.4999146980801457,0.4977493870111452,0.0004,0.0007418016972188125,0.0004448350460574884,-0.1122762723044595,-4.411049303598702e-10,8.385541150346398e-10,6.530171958729625e-10,1.824929096727601e-15,-4.135580766728708e-15,-2.234323837058128e-15,0,0
338.4,2200,111.6898274755513,1400,285.1686388236944,1261892.333900367,0.04999128742059243,24.98215537348721,1404.547640510717,800,283.918232035546,1126068.596552736,0.04977352222665078,24.87661466237472,1292.857813035166,0.4999128742059243,0.4977352222665077,0.0004,0.0007428625042813255,0.0004467593099022051,-0.1129879379890468,-5.57520252186805e-10,9.658833732828498e-10,2.000888343900442e-10,2.593411596585327e-15,-7.41073868937292e-15,-4.73232564246473e-15,0,0
340.8,2200,112.1571252177891,1400,285.175158780391,1262569.75892836,0.04999109534235707,24.98204089737697,1405.151588577683,800,283.919819075052,1126202.16274786,0.04977210991449687,24.87590496277534,1292.994463359894,0.4999109534235706,0.4977210991449686,0.0004,0.0007439557068791509,0.0004486285008711566,-0.1136976375884302,-4.501998773775995e-10,9.913492249324918e-10,3.328750608488917e-10,5.377642775528102e-15,-7.896461262646426e-15,-2.42861286636753e-15,0,0
343.2,2200,112.6113383194784,1400,285.1815743336377,1263236.013004673,0.04999089384711206,24.98192199854468,1405.746088668829,800,283.9214481967102,1126340.191673965,0.04977070133610013,24.87519702666229,1293.134750349351,0.4999089384711206,0.4977070133610013,0.0004,0.0007450780027948058,0.0004504453532779134,-0.1144055737014824,-1.755324774421751e-10,7.894414011389017e-10,8.676579454913735e-10,6.094950932844512e-15,-6.453171330633722e-15,-2.636779683484747e-16,0,0
345.6,2200,113.0531085623961,1400,285.1878883760889,1263891.405288839,0.04999068319515258,24.98179879948993,1406.33139825123,800,283.9231149261388,1126482.207435297,0.04976929609253394,24.87449066544558,1293.278289688833,0.4999068319515258,0.4976929609253394,0.0004,0.0007462263175106673,0.0004522124342495844,-0.1151119349181862,-2.710294211283326e-10,1.011358108371496e-09,9.958966984413564e-10,6.728992363314035e-15,-5.856426454897701e-15,9.575673587391975e-16,0,0
348,2200,113.48303860642,1400,285.1941036593711,1264536.229875946,0.04999046363408959,24.9816714167409,1406.907762267286,800,283.9248150992263,1126627.76716253,0.04976789381255815,24.87378570362743,1293.424723660866,0.4999046363408959,0.4976789381255814,0.0004,0.0007473977892869298,0.00045393215442568,-0.1158168967363444,-4.429239197634161e-10,1.231455826200545e-09,8.103597792796791e-10,1.198433713378577e-14,-6.25888230132432e-15,5.814793091474257e-15,0,0
350.4,2200,113.9016944943319,1400,285.2002228026815,1265170.766714602,0.04999023539962232,24.98153996121834,1407.47541389409,800,283.9265448418028,1126776.458847619,0.04976649415080392,24.87308197794381,1293.573719399758,0.4999023539962231,0.4976649415080392,0.0004,0.0007485897551980651,0.0004556067779773275,-0.1165206224199657,-6.366462912410498e-11,9.258656064048409e-10,1.115949999075383e-09,7.044712035941814e-15,-6.564193633096238e-15,5.689893001203927e-16,0,0
352.8,2200,114.3096079876559,1400,285.2062483008081,1265795.282463715,0.04998999871625939,24.98140453857524,1408.034575252631,800,283.9283005506877,1126927.899325122,0.04976509678608053,24.87237933656419,1293.724967264975,0.4998999871625939,0.4976509678608053,0.0004,0.0007497997381197984,0.0004572384319506236,-0.1172232637995805,-2.419255906715989e-10,1.29512045532465e-09,1.308762875851244e-09,1.096605445338739e-14,-7.424616477180734e-15,3.608224830031759e-15,0,0
355.2,2200,114.7072787549564,1400,285.2121825316518,1266410.031295687,0.04998975379799502,24.98126524951521,1408.585458073404,800,283.9300788759388,1127081.73238175,0.04976370141979081,24.87167763834206,1293.878179318448,0.4998975379799502,0.4976370141979081,0.0004,0.0007510254345475805,0.0004588291150198256,-0.1179249620217107,-2.746673999354243e-10,1.235093805007637e-09,9.854375093709677e-10,9.170615655751391e-15,-9.353628982466944e-15,-8.326672684688674e-17,0,0
357.6,2200,115.095176420788,1400,285.2180277632743,1267015.255649015,0.04998950084894234,24.98112219009089,1409.128264320563,800,283.9318767042344,1127237.626986889,0.04976230777444719,24.87097675211339,1294.033087899775,0.4998950084894234,0.4976230777444718,0.0004,0.0007522647031982014,0.000460380705683152,-0.1186258482503781,-2.728484105318785e-10,1.251464709639549e-09,1.004991645459086e-09,9.358833152894874e-15,-9.978129433818594e-15,-5.551115123125783e-16,0,0
360,2200,115.4737424818181,1400,285.2237861604934,1267611.186932828,0.04998924006392669,24.9809754519832,1409.663186776617,800,283.9336911433397,1127395.275638026,0.04976091559228473,24.8702765560407,1294.189444294799,0.4998924006392669,0.4976091559228473,0.0004,0.0007535155543583932,0.0004618949699272725,-0.1193260443230706,-4.783942131325603e-10,1.024091034196317e-09,3.371951606823131e-10,1.697426921243306e-15,-1.53627111032506e-14,-1.357247647604254e-14,0,0
362.4,2200,115.8433920969935,1400,285.229459791048,1268198.046185442,0.04998897162904013,24.98082512276249,1410.190409589287,800,283.9355195075958,1127554.392816039,0.04975952463396617,24.86957693700067,1294.347017492294,0.4998897162904012,0.4975952463396617,0.0004,0.0007547761399383507,0.000463373568387974,-0.1200256633631049,1.091393642127514e-10,1.271473593078554e-09,1.404259819537401e-09,3.644654023027272e-15,-9.436895709313831e-15,-5.717648576819556e-15,0,0
364.8,2200,116.2045157629013,1400,285.2350506313771,1268776.044691299,0.0499886957221607,24.98067128613299,1410.71010878451,800,283.9373593043485,1127714.713539865,0.04975813467737018,24.86887779001109,1294.505593021609,0.499886957221607,0.4975813467737017,0.0004,0.0007560447441728701,0.0004648180630516053,-0.1207248103526766,-6.293703336268663e-10,1.358785084448755e-09,7.538005775131751e-10,5.375040690314137e-15,-9.117706589734098e-15,-3.691491556878645e-15,0,0
367.2,2200,116.5574808845229,1400,285.2405605720369,1269345.384559864,0.04998841251344013,24.98051402216241,1411.222452747598,800,283.9392082212256,1127875.992012043,0.04975674551645612,24.868179017694,1294.664971863075,0.4998841251344013,0.4975674551645612,0.0004,0.0007573197749046031,0.0004662299235380915,-0.1214235826697738,-3.437889972701669e-10,9.258656064048409e-10,6.059508450562134e-10,3.361026734705064e-15,-1.323940956865499e-14,-9.769962616701378e-15,0,0
369.6,2200,116.9026332420585,1400,285.2459914227672,1269906.259266668,0.0499881221657594,24.98035340749637,1411.72760267374,800,283.9410641142647,1128038.000354552,0.04975535696020432,24.86748052977442,1294.824969431681,0.4998812216575939,0.4975535696020432,0.0004,0.0007585997554534478,0.0004676105329682341,-0.1221220705893522,-1.437001628801227e-10,1.005901140160859e-09,1.118451109505259e-09,6.19383017097519e-15,-1.042221864366866e-14,-4.163336342344337e-15,0,0
372,2200,117.2402983633369,1400,285.2513449172357,1270458.85415997,0.04998782483515531,24.98018951555922,1412.2257129898,800,283.9429249968083,1128200.527426692,0.04975396883162513,24.86678224261177,1294.985414626463,0.4998782483515531,0.4975396883162512,0.0004,0.0007598833170117013,0.0004689611934533477,-0.1228203577520048,-2.164597390219569e-10,1.149601303040981e-09,9.545146895106882e-10,5.529431079676073e-15,-1.307287611496122e-14,-7.466249840604178e-15,0,0
374.4,2200,117.5707828070463,1400,285.2566227174752,1271003.346935042,0.04998752067122017,24.98002241674213,1412.716931749393,800,283.9447890291252,1128363.377720174,0.04975258096683292,24.86608407876183,1295.146148942347,0.4998752067122017,0.4975258096683292,0.0004,0.0007611691915387745,0.0004702831312281851,-0.1235185216019374,-3.710738383233547e-10,1.313310349360108e-09,7.307789928745478e-10,7.49747486317176e-15,-5.093148125467906e-15,2.442490654175344e-15,0,0
376.8,2200,117.8943753679055,1400,285.2618264180596,1271539.908079891,0.04998720981747706,24.97985217857968,1413.201401004506,800,283.9466545086711,1128526.37032228,0.04975119321417693,24.8653859665657,1295.3070256366,0.4998720981747706,0.4975119321417693,0.0004,0.0007624562050928034,0.0004715775014716219,-0.1242166337980741,-1.527951098978519e-10,1.171429175883532e-09,1.037278707372025e-09,9.591286098675766e-15,-8.534839501805891e-15,1.082467449009528e-15,0,0
379.2,2200,118.2113481993736,1400,285.2669575499934,1272068.701291071,0.04998689241173012,24.97967886591476,1413.679257152231,800,283.9485198610191,1128689.337950312,0.04974980543343208,24.86468783976702,1295.467908952858,0.4998689241173012,0.4974980543343208,0.0004,0.0007637432716228632,0.0004728453927974942,-0.1249147605967558,-2.382876118645072e-10,1.26419763546437e-09,1.284206518903375e-09,7.54084295007118e-15,-5.315192730392937e-15,2.220446049250313e-15,0,0
381.6,2200,118.5219578665781,1400,285.2720175843676,1272589.883863871,0.04998656858639324,24.97950254105323,1414.150631260385,800,283.9503836313593,1128852.12604706,0.0497484174950407,24.86398963715338,1295.628673393807,0.4998656858639324,0.497484174950407,0.0004,0.0007650293871504563,0.0004740878314663123,-0.1256129632103899,3.274180926382542e-11,8.767528925091028e-10,9.276845958083868e-10,3.210105792295082e-15,-5.578870698741412e-15,-2.359223927328458e-15,0,0
384,2200,118.8264463295852,1400,285.2770079357746,1273103.607057402,0.04998623846879773,24.97932326390862,1414.615649372138,800,283.9522444765658,1129014.591936041,0.04974702927940462,24.86329130222147,1295.789203042553,0.4998623846879772,0.4974702927940462,0.0004,0.0007663136243404205,0.0004753057853183409,-0.1263112981423014,-1.073203748092055e-10,1.04046193882823e-09,7.230482879094779e-10,4.686355470351344e-15,-8.520961713998076e-15,-3.802513859341161e-15,0,0
386.4,2200,119.125041867921,1400,285.2819299655221,1273610.016437932,0.04998590218148131,24.97914109213822,1415.074432792758,800,283.9541011577438,1129176.604028495,0.04974564067622048,24.86259278286267,1295.949390924837,0.4998590218148131,0.4974564067622048,0.0004,0.000767595127398692,0.0004765001674716841,-0.1270098175010972,-8.36735125631094e-11,8.36735125631094e-10,5.420588422566652e-10,-4.675079767757495e-16,-2.692290834716005e-15,-3.136380044566067e-15,0,0
388.8,2200,119.4179599406777,1400,285.2867849846325,1274109.252199,0.049985559842458,24.97895608127,1415.527098356968,800,283.9559525332998,1129338.041085624,0.04974425158386142,24.86189403107059,1296.10913841629,0.49985559842458,0.4974425158386142,0.0004,0.0007688731073303188,0.000477671839762711,-0.1277085692931763,-2.619344741106033e-10,9.586074156686664e-10,4.920366336591542e-10,-2.118097364167681e-15,-8.187894806610529e-15,-1.029731855339833e-14,0,0
391.2,2200,119.7054039939742,1400,285.2915742566545,1274601.449462138,0.04998521156547143,24.97876828482181,1415.973758680216,800,283.957797552441,1129498.791526957,0.04974286190879731,24.86119500266694,1296.268354686242,0.4998521156547143,0.497428619087973,0.0004,0.0007701468374899377,0.0004788216159758967,-0.1284075976968353,-4.656612873077393e-10,9.058567229658365e-10,4.638422979041934e-10,1.77635683940025e-15,-6.467049118441537e-15,-4.690692279041286e-15,0,0
393.6,2200,119.9875662145416,1400,285.2962990002974,1275086.738558078,0.04998485746023171,24.97857775441279,1416.414522393655,800,283.9596352491147,1129658.752785066,0.04974147156505397,24.86049565704563,1296.426956179113,0.4998485746023171,0.4974147156505397,0.0004,0.0007714156494329035,0.0004799502648581665,-0.129106943318142,-5.420588422566652e-10,4.856701707467437e-10,-2.701199264265597e-10,-3.09127723419067e-15,-7.41073868937292e-15,-1.051936315832336e-14,0,0
396,2200,120.2646282246596,1400,285.3009603918624,1275565.245286558,0.04998449763263436,24.97838453986644,1416.849494361214,800,283.9614647364222,1129817.830711162,0.04974008047371511,24.85979595693725,1296.584866136554,0.4998449763263436,0.497400804737151,0.0004,0.0007726789290924352,0.0004810585128986386,-0.129806643426523,-5.456968210637569e-10,8.731149137020111e-10,3.510649548843503e-10,-2.550043509685906e-16,-9.131584377541913e-15,-9.353628982466944e-15,0,0
398.4,2200,120.5367617611948,1400,285.3055595676182,1276037.091170147,0.04998413218497419,24.97818868931116,1417.278775891945,800,283.9632852011653,1129975.938994847,0.04973868856243581,24.85909586817898,1296.74201413075,0.4998413218497419,0.4973868856243581,0.0004,0.0007739361130460019,0.0004821470470447794,-0.1305067321847915,-4.729372449219227e-10,1.065927790477872e-09,6.148184183984995e-10,5.296110772157192e-15,-5.079270337660091e-15,1.942890293094024e-16,0,0
400.8,2200,120.8041293346337,1400,285.3100976261064,1276502.393700436,0.04998376121615273,24.97799024927788,1417.702464946605,800,283.9650958985636,1130132.998601998,0.04973729576497143,24.85839535949178,1296.898335611971,0.4998376121615273,0.4973729576497142,0.0004,0.0007751866848957688,0.0004832165173385347,-0.1312072408719942,-7.021299097687006e-10,1.164153218269348e-09,2.546585164964199e-10,-4.336808689942018e-16,-2.137179322403426e-15,-2.525757381022231e-15,0,0
403.2,2200,121.0668847018071,1400,285.3145756298223,1276961.266517671,0.04998338482182959,24.97778926477124,1418.120656286359,800,283.9668961484608,1130288.937370693,0.04973590202083897,24.8576944023202,1297.053771584552,0.4998338482182959,0.4973590202083897,0.0004,0.0007764301726764169,0.0004842675388072284,-0.1319081980435755,-7.821654435247183e-10,7.748894859105349e-10,2.510205376893282e-10,1.840541608011392e-15,-7.799316747991725e-15,-5.911937606128959e-15,0,0
405.6,2200,121.3251735118861,1400,285.3189946074692,1277413.819651656,0.04998300309462538,24.97758577936509,1418.533441675671,800,283.9686853301555,1130443.689461567,0.04973450727485651,24.85699297061453,1297.208268163785,0.4998300309462538,0.4973450727485651,0.0004,0.0007776661453102769,0.0004853006940475443,-0.1326096297492398,-3.819877747446299e-10,8.058123057708144e-10,4.456524038687348e-10,4.867634073590921e-15,-7.438494264988549e-15,-2.525757381022231e-15,0,0
408,2200,121.5791337765177,1400,285.3233555556262,1277860.159699782,0.04998261612427182,24.97737983527302,1418.940910030754,800,283.9704628786405,1130597.194957423,0.04973311147680737,24.85629104067206,1297.361776254236,0.4998261612427181,0.4973311147680737,0.0004,0.0007788942100338881,0.0004863165351060707,-0.1333115596917125,-6.657501216977835e-10,1.131411409005523e-09,4.911271389573812e-10,3.478120569333498e-15,-1.001976279724204e-14,-6.550315845288424e-15,0,0
410.4,2200,121.8288963017274,1400,285.3276594402823,1278300.389990977,0.04998222399774978,24.97717147341341,1419.343147556196,800,283.9722282811524,1130749.39949617,0.0497317145811326,24.85558859099157,1297.514251254469,0.4998222399774978,0.497317145811326,0.0004,0.0007801140100357516,0.0004873155852069094,-0.1340140093722013,-6.766640581190586e-10,1.158696250058711e-09,5.129550117999315e-10,6.010816844259637e-15,-9.381384558082573e-15,-3.33066907387547e-15,0,0
412.8,2200,122.0745851832555,1400,285.3319071985815,1278734.610772245,0.04998182679944647,24.97696073348331,1419.740237901513,800,283.9739810732174,1130900.253850062,0.04973031654657833,24.85488560210656,1297.665652718257,0.4998182679944647,0.4973031654657832,0.0004,0.0007813252217460595,0.0004882983407330221,-0.1347169982572147,-7.566995918750763e-10,9.458744898438454e-10,4.420144250616431e-10,4.147723831060546e-15,-8.881784197001252e-15,-4.690692279041286e-15,0,0
415.2,2200,122.3163182242517,1400,285.3360997403068,1279162.919366982,0.04998142461128897,24.97674765402122,1420.132262293898,800,283.9757208353267,1131049.71357194,0.04972891733589916,24.854182056445,1297.815944069647,0.4998142461128897,0.4972891733589916,0.0004,0.0007825275525571723,0.000489265272897007,-0.135420543918773,-6.184563972055912e-10,1.198714016936719e-09,6.020854925736785e-10,6.994405055138486e-15,-4.996003610813204e-15,1.998401444325282e-15,0,0
417.6,2200,122.5542072874575,1400,285.3402379491413,1279585.410309967,0.0499810175128577,24.97653227246061,1420.519299650224,800,283.9774471901286,1131197.738696555,0.04972751691560783,24.85347793821095,1297.965092362766,0.499810175128577,0.4972751691560783,0.0004,0.0007837207389021278,0.0004902168291498301,-0.1361246621528203,-5.420588422566652e-10,9.204086381942034e-10,4.074536263942719e-10,1.226449497515603e-14,-7.799316747991725e-15,4.524158825347513e-15,0,0
420,2200,122.7883586814041,1400,285.3443226840425,1280002.175493979,0.04998060558151014,24.97631462518796,1420.901426700343,800,283.9791597993624,1131344.29341435,0.04972611525570184,24.85277323325527,1298.113068018939,0.4998060558151014,0.4972611525570184,0.0004,0.00078490454415151,0.0004911534347256165,-0.1368293671085041,-2.546585164964199e-10,1.067746779881418e-09,8.421920938417315e-10,6.621439507803473e-15,-8.631984016460592e-15,-1.970645868709653e-15,0,0
422.4,2200,123.0188735206634,1400,285.3483547805278,1280413.304307218,0.04998018889249674,24.97609474759734,1421.278718101993,800,283.9808583609969,1131489.345767,0.04972471232940821,24.85206792895488,1298.25984458133,0.4998018889249674,0.4972471232940821,0.0004,0.0007860787566506405,0.0004920754940826536,-0.1375346714088863,-4.984030965715647e-10,1.198714016936719e-09,7.275957614183426e-10,1.056620069217473e-14,-5.967448757360216e-15,4.579669976578771e-15,0,0
424.8,2200,123.2458480087773,1400,285.3523350516988,1280818.883742746,0.04997976751905274,24.9758726741337,1421.651246531912,800,283.98254260699,1131632.867409071,0.04972330811298352,24.85136201411835,1298.405398523134,0.4997976751905274,0.4972330811298352,0.0004,0.0007872431881850752,0.0004929833920351092,-0.1382405862454164,-2.473825588822365e-10,7.98536348156631e-10,5.820766091346741e-10,1.51909734791289e-14,-7.049916206369744e-15,8.187894806610529e-15,0,0
427.2,2200,123.469373750148,1400,285.3562642893618,1281218.998518119,0.04997934153249931,24.97564843834031,1422.019082785998,800,283.9842123008201,1131774.833345474,0.04972190258549423,24.85065547888179,1298.54970903585,0.4997934153249931,0.4972190258549423,0.0004,0.0007883976722868028,0.0004938774950005918,-0.13894712148198,-5.238689482212067e-10,9.094947017729282e-10,1.818989403545856e-10,1.105192326544824e-14,-3.247402347028583e-15,7.854827899222983e-15,0,0
429.6,2200,123.6895380423553,1400,285.3601432650811,1281613.731187978,0.04997891100233828,24.97542207290342,1422.382295873502,800,283.9858672351771,1131915.221685586,0.04972049572861003,24.84994831461138,1298.692757831147,0.4997891100233828,0.4972049572861003,0.0004,0.0007895420626491741,0.000494758152169421,-0.1396542857523926,-3.41970007866621e-10,7.248672773130238e-10,4.147295840084553e-10,1.098947322031307e-14,-6.966649479522857e-15,4.107825191113079e-15,0,0
432,2200,123.9064241247715,1400,285.3639727310835,1282003.162240627,0.04997847599633341,24.9751936096905,1422.740953097619,800,283.9875072300013,1132054.013435116,0.04971908752642987,24.84924051382092,1298.834528972848,0.499784759963334,0.4971908752642987,0.0004,0.0007906762317827815,0.0004956256964990861,-0.1403620865428543,-4.401954356580973e-10,9.149516699835658e-10,7.34871719032526e-10,1.135029570331625e-14,-1.304512053934559e-15,1.00752739484733e-14,0,0
434.4,2200,124.1201114204491,1400,285.3677534211404,1282387.370192314,0.04997803658058993,24.9749630797876,1423.095120134065,800,283.9891321305814,1132191.192293277,0.0497176779653115,24.84853207009137,1298.975008713616,0.4997803658058992,0.497176779653115,0.0004,0.0007918000697089264,0.0004964804456817965,-0.1410705302724047,-1.382431946694851e-10,1.235093805007637e-09,1.120497472584248e-09,8.220854552654089e-15,-4.912736883966318e-15,3.386180225106727e-15,0,0
436.8,2200,124.3306757722446,1400,285.3714860514282,1282766.431679095,0.04997759281963193,24.97473051353583,1423.444861107957,800,283.990741805699,1132326.744455663,0.04971626703370657,24.84782297799278,1299.114185335713,0.4997759281963193,0.4971626703370656,0.0004,0.0007929134826857025,0.0004973227030889784,-0.1417796223709935,-4.729372449219227e-11,8.558345143683255e-10,1.073203748092055e-09,1.298093577073445e-14,-4.829470157119431e-15,8.187894806610529e-15,0,0
439.2,2200,124.5381896664048,1400,285.3751713213458,1283140.421544272,0.04997714477647584,24.97449594056592,1423.790238666746,800,283.9923361458722,1132460.658427532,0.04971485472200377,24.84711323301023,1299.252049000341,0.4997714477647583,0.4971485472200377,0.0004,0.0007940163920027298,0.0004981527586656193,-0.1424893673535372,-2.437445800751448e-10,8.130882633849978e-10,5.966285243630409e-10,9.978129433818594e-15,-4.440892098500626e-15,5.551115123125783e-15,0,0
441.6,2200,124.7427224127616,1400,285.3788099141865,1283509.412909967,0.04997669251269093,24.97425938982667,1424.131314039814,800,283.9939150619526,1132592.924874314,0.04971344102240373,24.84640283148462,1299.388591627053,0.4997669251269093,0.4971344102240373,0.0004,0.0007951087330164209,0.0004989708896510465,-0.1431997688791462,-1.382431946694851e-10,5.338733899407089e-10,1.928128767758608e-10,9.461181837977506e-15,3.608224830031759e-16,9.880984919163893e-15,0,0
444,2200,124.9443403424855,1400,285.3824024978663,1283873.477255066,0.04997623608846485,24.97402088961581,1424.468147103398,800,283.995478483577,1132723.536457108,0.04971202592878099,24.84569177054742,1299.523806760913,0.4997623608846484,0.4971202592878099,0.0004,0.0007961904540873019,0.0004997773613699419,-0.1439108298163525,-2.619344741106033e-10,9.358700481243432e-10,4.729372449219227e-10,8.965050923848139e-15,-1.193489751472043e-15,7.827072323607354e-15,0,0
446.4,2200,125.1431069951427,1400,285.385949725615,1284232.684489084,0.04997577556266576,24.97378046760927,1424.800796442332,800,283.9970263577114,1132852.487677768,0.04971060943655416,24.84498004805929,1299.657689447189,0.4997577556266576,0.4971060943655416,0.0004,0.0007972615155775111,0.0005005724279805708,-0.1446225523044795,-1.01863406598568e-10,4.765752237290144e-10,4.001776687800884e-10,1.316134701223604e-14,-5.079270337660091e-15,8.104628079763643e-15,0,0
448.8,2200,125.3390832657376,1400,285.3894522365339,1284587.103011631,0.04997531099289255,24.97353815088474,1425.12931939937,800,283.9985586475104,1132979.774757704,0.0497091915425843,24.84426766256207,1299.790236133632,0.4997531099289255,0.497091915425843,0.0004,0.0007983218890690587,0.0005013563330629504,-0.1453349378016959,3.637978807091713e-12,7.612470653839409e-10,1.01863406598568e-09,1.232694502029119e-14,-6.106226635438361e-15,6.245004513516506e-15,0,0
451.2,2200,125.5323275651549,1400,285.3929106561961,1284936.799776562,0.04997484243552875,24.97329396594713,1425.453772128594,800,284.000075331075,1133105.395505619,0.04970777224506391,24.84355461322633,1299.921444563439,0.4997484243552875,0.4970777224506391,0.0004,0.0007993715565075108,0.0005021293102606196,-0.1460479871374432,-1.673470251262188e-10,4.220055416226387e-10,5.093170329928398e-10,1.072232580501264e-14,-4.884981308350689e-15,5.88418203051333e-15,0,0
453.6,2200,125.7228959715012,1400,285.3963255972168,1285281.840352868,0.04997436994579385,24.97304793875271,1425.774209646107,800,284.0015764002806,1133229.349192901,0.0497063515434126,24.84284089980195,1300.051313674606,0.4997436994579385,0.4970635154341259,0.0004,0.0008004105093968464,0.0005028915838860048,-0.1467617005618251,-7.275957614183426e-12,7.303242455236614e-10,7.457856554538012e-10,1.609649913358879e-14,-7.438494264988549e-15,8.631984016460592e-15,0,0
456,2200,125.9108423590339,1400,285.3996976597444,1285622.288977285,0.04997389357778752,24.97280009472989,1426.090685873696,800,284.0030618597852,1133351.636448317,0.04970492943818872,24.84212652257645,1300.179843514662,0.4997389357778751,0.4970492943818872,0.0004,0.0008014387481172979,0.0005036433694361358,-0.1474760777873243,2.91038304567337e-11,7.785274647176266e-10,5.966285243630409e-10,1.313185671314443e-14,-5.440092820663267e-15,7.688294445529209e-15,0,0
458.4,2200,126.0962185229832,1400,285.4030274319415,1285958.208605391,0.04997341338453276,24.97255045879956,1426.403253681309,800,284.0045317260747,1133472.259156184,0.04970350593100398,24.84141148233458,1300.307035158326,0.4997341338453276,0.4970350593100398,0.0004,0.0008024562812666063,0.0005043848740919329,-0.1481911180291924,-2.546585164964199e-10,7.839844329282641e-10,7.821654435247183e-10,1.300522189939812e-14,-6.605826996519681e-15,6.439293542825908e-15,0,0
460.8,2200,126.2790743015687,1400,285.4063154904508,1286289.66096169,0.04997292941801792,24.97229905539488,1426.711964928463,800,284.0059860265229,1133591.220356861,0.04970208102443992,24.84069578031892,1300.432890626894,0.4997292941801791,0.4970208102443992,0.0004,0.0008034631250151523,0.0005051162972062748,-0.1489068200448536,-1.928128767758608e-10,5.44787326361984e-10,3.67435859516263e-10,1.515801373308534e-14,3.33066907387547e-16,1.551536676913656e-14,0,0
463.2,2200,126.4594576920788,1400,285.4095624008453,1286616.706587473,0.04997244172923697,24.97204590848028,1427.016870504126,800,284.0074247985095,1133708.524152439,0.04970065472196893,24.83997941819243,1300.557412812047,0.4997244172923697,0.4970065472196892,0.0004,0.0008044593024963742,0.0005058378307683151,-0.1496231821713359,3.637978807091713e-11,7.157723302952945e-10,9.931682143360376e-10,1.060956877907415e-14,-5.911937606128959e-15,4.690692279041286e-15,0,0
465.6,2200,126.6374149442893,1400,285.4127687179968,1286939.404880271,0.04997195036822286,24.97179104156709,1427.318020359253,800,284.0088480887114,1133824.175631861,0.04969922702789149,24.83926239800891,1300.680605414963,0.4997195036822286,0.4969922702789148,0.0004,0.0008054448433197067,0.0005065496597771571,-0.1503402023548652,-2.946762833744287e-10,9.067662176676095e-10,6.330083124339581e-10,1.340594302234877e-14,8.881784197001252e-16,1.432187701766452e-14,0,0
468,2200,126.8129906629124,1400,285.4159349864788,1287257.81413677,0.04997145538408352,24.97153447773054,1427.615463542287,800,284.0102559523265,1133938.180788002,0.04969779794726644,24.83854472217994,1300.802472879375,0.4997145538408352,0.4969779794726644,0.0004,0.0008064197830349986,0.0005072519626516496,-0.1510578781838277,-4.474713932722807e-10,6.72116584610194e-10,2.473825588822365e-10,1.108141356453984e-14,-2.359223927328458e-15,8.68749516769185e-15,0,0
470.4,2200,126.9862279046913,1400,285.4190617409455,1287571.991593521,0.049970956825036,24.9712762396259,1427.909248232949,800,284.0116484523388,1134050.546439857,0.04969636748584586,24.83782639344425,1300.923020328258,0.49970956825036,0.4969636748584586,0.0004,0.0008073841626260619,0.0005079449116187652,-0.1517762069195214,-3.092281986027956e-10,7.030394044704735e-10,6.439222488552332e-10,7.901665433074356e-15,-1.054711873393899e-15,6.883382752675971e-15,0,0
472.8,2200,127.1571682549509,1400,285.4221495064461,1287881.993460266,0.04997045473843481,24.9710163495017,1428.199421769625,800,284.0130256589489,1134161.280171735,0.04969493565002414,24.83710741484346,1301.042253514674,0.4997045473843481,0.4969493565002414,0.0004,0.0008083380281173922,0.0005086286730198035,-0.152495185520312,-1.418811734765768e-10,6.411937647499144e-10,2.874003257602453e-10,1.428024365424108e-14,-9.159339953157541e-16,1.335043187111751e-14,0,0
475.2,2200,127.325851910748,1400,285.4251987987572,1288187.874955569,0.0499699491708015,24.97075482921383,1428.486030678769,800,284.0143876489488,1134270.390267086,0.04969350244678219,24.83638778969594,1301.160178768021,0.499699491708015,0.4969350244678218,0.0004,0.0008092814301441686,0.0005093034076429922,-0.1532148106678335,-3.237801138311625e-10,9.88620740827173e-10,9.240466170012951e-10,7.53563877964325e-15,-2.831068712794149e-15,4.718447854656915e-15,0,0
477.6,2200,127.4923177596754,1400,285.4282101247015,1288489.69034081,0.04996944016785368,24.97049170023905,1428.76912070307,800,284.0157345051379,1134377.885646096,0.04969206788363548,24.83566752157206,1301.276802943394,0.4996944016785368,0.4969206788363548,0.0004,0.0008102144235471551,0.0005099692710387017,-0.1539350787917151,-2.91038304567337e-11,9.540599421598017e-10,7.09405867382884e-10,1.288205653260377e-14,-2.775557561562891e-16,1.262878690511116e-14,0,0
480,2200,127.6566034469349,1400,285.4311839824263,1288787.492949931,0.0499689277745296,24.97022698368672,1429.048736825784,800,284.0170663158261,1134483.775813029,0.04969063196858946,24.83494661427329,1301.392133378849,0.499689277745296,0.4969063196858946,0.0004,0.0008111370670307952,0.0005106264137877397,-0.1546559860904786,-2.182787284255028e-11,1.017724571283907e-09,1.01863406598568e-09,9.870576578308032e-15,-5.162537064506978e-15,4.662936703425657e-15,0,0
482.4,2200,127.8187454403446,1400,285.434120861673,1289081.335218289,0.04996841203501278,24.96996070031031,1429.32492329449,800,284.0183831743559,1134588.070805527,0.04968919471009751,24.83422507181219,1301.506177854145,0.4996841203501278,0.4968919471009751,0.0004,0.0008120494228331609,0.0005112749817613785,-0.1553775285515826,-1.491571310907602e-10,7.994458428584039e-10,9.058567229658365e-10,1.65596703016746e-14,-1.52655665885959e-15,1.501576640805524e-14,0,0
484.8,2200,127.9787790938965,1400,285.4370212440438,1289371.268711015,0.04996789299275559,24.96969287051856,1429.597723644441,800,284.0196851786378,1134690.781145042,0.04968775611701877,24.83350289839264,1301.618944550544,0.4996789299275559,0.4968775611701877,0.0004,0.0008129515564043522,0.000511915116375586,-0.1560997019711259,0,7.266862667165697e-10,5.165929906070232e-10,1.412758798835512e-14,-5.10702591327572e-15,9.048317650695026e-15,0,0
487.2,2200,128.1367387086111,1400,285.439885603257,1289657.344150306,0.04996737069050237,24.96942351438636,1429.867180720991,800,284.0209724307064,1134791.917789695,0.04968631619857922,24.8327800983913,1301.73044201238,0.4996737069050237,0.4968631619857922,0.0004,0.0008138435360990406,0.0005125469548344445,-0.1568225019724707,3.856257535517216e-10,8.758433978073299e-10,1.280568540096283e-09,7.938094626069869e-15,-5.856426454897701e-15,2.081668171172169e-15,0,0
489.6,2200,128.2926575810172,1400,285.4427144053591,1289939.611438195,0.04996684517030842,24.96915265166376,1430.133336698152,800,284.0222450363717,1134891.492097358,0.04968487496434017,24.83205667634286,1301.840679117135,0.4996684517030842,0.4968487496434017,0.0004,0.0008147254329370807,0.0005131706303240689,-0.1575459240209085,8.731149137020111e-11,6.875779945403337e-10,5.638867150992155e-10,8.333611578592581e-15,-3.858025010572419e-15,4.551914400963142e-15,0,0
492,2200,128.4465680570411,1400,285.4455081089578,1290218.119681202,0.04996631647356087,24.96888030178572,1430.396233098819,800,284.0235031048332,1134989.515784441,0.04968343242416402,24.83133263692378,1301.949665041778,0.4996631647356087,0.4968343242416401,0.0004,0.0008155973203342237,0.0005137862722281643,-0.158269963439988,8.731149137020111e-11,7.794369594193995e-10,8.87666828930378e-10,7.768091725424142e-15,-4.274358644806853e-15,3.497202527569243e-15,0,0
494.4,2200,128.5985015824615,1400,285.4482671654387,1290492.917213802,0.04996578464099825,24.96860648388142,1430.655910813982,800,284.0247467483163,1135086.000887341,0.04968198858818178,24.83060798493699,1302.057409231521,0.4996578464099825,0.4968198858818178,0.0004,0.0008164592738521641,0.000514394006329846,-0.1589946154267778,-2.255546860396862e-10,5.611582309938967e-10,3.601599019020796e-10,1.357594592299449e-14,-5.467848396278896e-15,8.160139230994901e-15,0,0
496.8,2200,128.7484887436381,1400,285.4509920191526,1290764.051618069,0.04996524971272703,24.96833121678205,1430.912410118782,800,284.0259760817893,1135180.959732496,0.04968054346676797,24.82988272530003,1302.163921375144,0.4996524971272703,0.4968054346676797,0.0004,0.0008173113710011493,0.0005149939549745522,-0.1597198750637396,2.91038304567337e-11,1.052285369951278e-09,8.803908713161945e-10,2.702699175571865e-15,-4.940492459581947e-15,-2.248201624865942e-15,0,0
499.2,2200,128.8965593106209,1400,285.453683107608,1291031.569744466,0.0499647117282393,24.96805451902906,1431.165770689382,800,284.0271912226588,1135274.404903782,0.04967909707051325,24.82915686303212,1302.269211378761,0.499647117282393,0.4967909707051325,0.0004,0.0008181536910300892,0.0005155862372424835,-0.1604457373316492,-8.731149137020111e-11,6.448317435570061e-10,3.456079866737127e-10,7.563394355258879e-15,-1.998401444325282e-15,5.551115123125783e-15,0,0
501.6,2200,129.0427422788537,1400,285.4563408616577,1291295.517731802,0.0499641707264291,24.96777640888205,1431.416031619312,800,284.0283922904791,1135366.349211805,0.04967764941019864,24.828430403242,1302.373289340459,0.499641707264291,0.4967764941019864,0.0004,0.0008189863147236701,0.0005161709691154147,-0.1611721971217683,1.164153218269348e-10,8.694769348949194e-10,7.712515071034431e-10,1.000935445638618e-14,-1.942890293094024e-16,9.769962616701378e-15,0,0
504,2200,129.1870659045674,1400,285.4589657056684,1291555.941024991,0.04996362674560773,24.96749690432581,1431.663231433946,800,284.0295794067091,1135456.805668049,0.04967620049677392,24.82770335111769,1302.476165529378,0.4996362674560773,0.4967620049677391,0.0004,0.000819809324235026,0.0005167482636182694,-0.1618992492460798,3.637978807091713e-11,9.595169103704393e-10,1.247826730832458e-09,7.320533068622126e-15,-1.360023205165817e-15,5.995204332975845e-15,0,0
506.4,2200,129.3295577389008,1400,285.4615580576774,1291812.884392283,0.04996307982351802,24.96721602307715,1431.907408104343,800,284.0307526944801,1135545.787460154,0.04967475034133673,24.82697571191669,1302.577850365442,0.4996307982351801,0.4967475034133673,0.0004,0.000820622802923539,0.0005173182309556032,-0.162626888447079,2.619344741106033e-10,7.212292985059321e-10,1.004082150757313e-09,4.78089789979208e-15,2.775557561562891e-17,4.773959005888173e-15,0,0
508.8,2200,129.4702446615397,1400,285.464118329555,1292066.391942243,0.04996252999734863,24.96693378259166,1432.148599061187,800,284.0319122783686,1135633.307927732,0.04967329895511234,24.82624749095639,1302.678354399648,0.4996252999734863,0.4967329895511234,0.0004,0.0008214268351971804,0.0005178809786461588,-0.1633551094073802,1.309672370553017e-10,1.051375875249505e-09,1.21144694276154e-09,8.808925811010226e-15,-7.077671781985373e-15,1.693090112553364e-15,0,0
511.2,2200,129.6091529130131,1400,285.4666469271576,1292316.507140221,0.04996197730374792,24.96665020007019,1432.38684120809,800,284.0330582841762,1135719.380539294,0.0496718463494344,24.82551869360496,1302.777688295077,0.4996197730374792,0.496718463494344,0.0004,0.0008222215063606163,0.0005184366116520523,-0.1640839067588118,1.455191522836685e-11,1.031366991810501e-09,1.073203748092055e-09,1.076569389191206e-14,-6.300515664747763e-15,4.468647674116255e-15,0,0
513.6,2200,129.7463081203416,1400,285.4691442504582,1292563.272822355,0.04996142177883558,24.96636529246443,1432.622170932872,800,284.0341908387672,1135804.01887455,0.0496703925357299,24.82478932527429,1302.87586281253,0.4996142177883557,0.496703925357299,0.0004,0.0008230069025002431,0.0005189852324813664,-0.1648132750894824,5.093170329928398e-11,1.097760105039924e-09,1.175067154690623e-09,1.208061428670248e-14,-4.08006961549745e-15,8.049116928532385e-15,0,0
516,2200,129.881735325783,1400,285.4716106936899,1292806.731210609,0.04996086345821535,24.96607907648285,1432.854624119862,800,284.0353100698771,1135887.236604397,0.04966893752550247,24.82405939141209,1302.972888794079,0.4996086345821535,0.4966893752550247,0.0004,0.0008237831103526295,0.0005195269413031319,-0.1655432089516786,-4.365574568510056e-11,8.86757334228605e-10,8.658389560878277e-10,9.006684287271582e-15,-2.109423746787797e-15,6.911138328291599e-15,0,0
518.4,2200,130.0154590134946,1400,285.4740466454762,1293046.923927169,0.04996030237698711,24.96579156859642,1433.084236161318,800,284.036416105939,1135969.047472318,0.0496674813303167,24.82332889749453,1303.068777147824,0.4996030237698711,0.496674813303167,0.0004,0.0008245502171825901,0.0005200618360539784,-0.166273702869244,-1.527951098978519e-10,1.034550223266706e-09,8.949427865445614e-10,9.079542673262608e-15,-4.329869796038111e-15,4.746203430272544e-15,0,0
520.8,2200,130.1475031314892,1400,285.4764524889512,1293283.892006824,0.04995973856975722,24.96550278504353,1433.311041967584,800,284.0375090759475,1136049.465280087,0.04966602396178627,24.82259784902054,1303.163538836094,0.4995973856975722,0.4966602396178627,0.0004,0.0008253083106887552,0.0005205900125259568,-0.167004751343228,-2.328306436538696e-10,7.380549504887313e-10,7.494236342608929e-10,1.405819904931604e-14,-5.218048215738236e-15,8.826273045769994e-15,0,0
523.2,2200,130.277891114664,1400,285.4788286018788,1293517.67590993,0.04995917207064935,24.96521274183508,1433.535075977451,800,284.0385891093128,1136128.503872182,0.0496645654315607,24.82186625150569,1303.257184862787,0.4995917207064935,0.496645654315607,0.0004,0.0008260574789022921,0.0005211115644586561,-0.1677363488580781,2.037268131971359e-10,8.699316822458059e-10,1.098669599741697e-09,1.322900122779913e-14,-5.856426454897701e-15,7.382983113757291e-15,0,0
525.6,2200,130.4066459071335,1400,285.4811753567708,1293748.315534926,0.04995860291331509,24.96492145475949,1433.756372168333,800,284.0396563357233,1136206.177121137,0.04966310575131313,24.82113411047633,1303.3497262612,0.4995860291331509,0.4966310575131312,0.0004,0.0008267978100895961,0.0005216265836285338,-0.168468489887438,-1.236912794411182e-10,9.777068044058979e-10,8.585629984736443e-10,5.422745585903499e-15,-1.04638520070921e-14,-5.079270337660091e-15,0,0
528,2200,130.5337899811727,1400,285.4834931209924,1293975.850229713,0.04995803113094346,24.9646289393872,1433.974964065202,800,284.0407108850294,1136282.498915311,0.04966164493273017,24.8204014314648,1303.44117408403,0.4995803113094346,0.4966164493273016,0.0004,0.000827529392672237,0.0005221351599246909,-0.1692011688989723,-1.309672370553017e-10,7.180460670497268e-10,3.710738383233547e-10,1.159836116038093e-14,-5.995204332975845e-15,5.634381849972669e-15,0,0
530.4,2200,130.6593453558614,1400,285.4857822568676,1294200.318802696,0.04995745675627004,24.96433521107501,1434.190884749686,800,284.0417528871346,1136357.483147288,0.04966018298750185,24.81966822000476,1303.531539393824,0.4995745675627004,0.4966018298750184,0.0004,0.0008282523151505956,0.0005226373814234457,-0.1699343803590061,8.003553375601768e-11,7.462404028046876e-10,1.076841726899147e-09,1.314573450095224e-14,-6.300515664747763e-15,6.911138328291599e-15,0,0
532.8,2200,130.7833336151525,1400,285.4880431217788,1294421.759533705,0.04995687982158629,24.96404028497045,1434.404166868688,800,284.0427824718882,1136431.143702525,0.0496587199273124,24.8189344816268,1303.620833253535,0.4995687982158629,0.496587199273124,0.0004,0.0008289666660282819,0.00052313333446061,-0.1706681187369732,1.455191522836685e-11,8.039933163672686e-10,5.966285243630409e-10,1.250735626179278e-14,-5.495603971894525e-15,7.049916206369744e-15,0,0
535.2,2200,130.9057759253492,1400,285.4902760682691,1294640.210184673,0.04995630035874842,24.96374417601598,1434.614842643048,800,284.0437997689837,1136503.494448514,0.049657255763831,24.81820022185403,1303.709066717699,0.4995630035874842,0.49657255763831,0.0004,0.0008296725337415937,0.0005236231037013967,-0.1714023785097396,-1.236912794411182e-10,8.317329047713429e-10,9.458744898438454e-10,1.237204783066659e-14,-8.187894806610529e-15,4.191091917959966e-15,0,0
537.6,2200,131.0266930490916,1400,285.492481444128,1294855.708008928,0.04995571839918521,24.9634468989527,1434.822943874778,800,284.0448049078827,1136574.549226728,0.04965579050870501,24.817465446199,1303.796250825687,0.4995571839918521,0.4965579050870501,0.0004,0.0008303700066054935,0.0005241067721963663,-0.1721371541647727,-1.309672370553017e-10,7.862581696826965e-10,6.766640581190586e-10,1.270858418500609e-14,-9.769962616701378e-15,2.997602166487923e-15,0,0
540,2200,131.1461053612504,1400,285.4946595924852,1295068.289761071,0.04995513397390629,24.96314846832426,1435.028501955289,800,284.045798017727,1136644.321843353,0.04965432417355223,24.81673016015995,1303.882396594038,0.4995513397390628,0.4965432417355223,0.0004,0.000831059172752306,0.0005245844214450016,-0.1728724402038218,-4.365574568510056e-11,8.385541150346398e-10,7.930793799459934e-10,1.602537547107374e-14,-5.606626274357041e-15,1.040834085586084e-14,0,0
542.4,2200,131.2640328632683,1400,285.4968108518979,1295277.991706501,0.04995454711351005,24.9628488984806,1435.2315478727,800,284.0467792272587,1136712.826060743,0.04965285676995365,24.81599436921745,1303.967515009431,0.4995454711351005,0.4965285676995365,0.0004,0.0008317401200754502,0.0005250561314530732,-0.1736082311463214,-6.548361852765083e-11,8.985807653516531e-10,1.08411768451333e-09,1.222980050563649e-14,-1.19071419391048e-14,3.608224830031759e-16,0,0
544.8,2200,131.3804951953721,1400,285.4989355564309,1295484.84962984,0.04995395784819082,24.96254820358134,1435.432112218677,800,284.0477486647594,1136780.075591029,0.04965138830944826,24.81525807883191,1304.051617023305,0.4995395784819082,0.4965138830944826,0.0004,0.0008324129361864416,0.0005255219807814883,-0.1743445215318644,3.274180926382542e-10,8.285496733151376e-10,9.313225746154785e-10,1.38743183608625e-14,-7.827072323607354e-15,6.13398221105399e-15,0,0
547.2,2200,131.4955116493552,1400,285.5010340357387,1295688.898843658,0.04995336620774603,24.96224639759919,1435.630225195472,800,284.0487064579851,1136846.084089097,0.04964991880352688,24.81452129444072,1304.134713546117,0.4995336620774603,0.4964991880352688,0.0004,0.0008330777083689353,0.0005259820465974207,-0.1750813059230545,-2.619344741106033e-10,1.113221514970064e-09,8.658389560878277e-10,1.604272270583351e-14,-7.716050021144838e-15,8.354428260304303e-15,0,0
549.6,2200,131.6091011807991,1400,285.5031066151444,1295890.174196973,0.04995277222158354,24.96194349432336,1435.825916622574,800,284.0496527341021,1136910.865146027,0.04964844826362681,24.81378402145572,1304.216815441775,0.4995277222158354,0.4964844826362681,0.0004,0.0008337345235342018,0.0005264364047231965,-0.17581857890805,-1.382431946694851e-10,1.078205968951806e-09,9.604264050722122e-10,2.060851489460447e-14,-8.798517470154366e-15,1.185163078787355e-14,0,0
552,2200,131.7212824197181,1400,285.5051536157125,1296088.710083111,0.04995217591872795,24.96163950736263,1436.019215942984,800,284.050587619639,1136974.43228373,0.0496469767011274,24.81304626526106,1304.297933523266,0.4995217591872795,0.496469767011274,0.0004,0.0008343834681861244,0.0005268851296788725,-0.1765563351027097,-4.43833414465189e-10,1.35423761093989e-09,9.167706593871117e-10,1.995625886763719e-14,-1.146305272925474e-14,8.520961713998076e-15,0,0
554.4,2200,131.8320736811613,1400,285.5071753543231,1296284.540447375,0.04995157732782731,24.96133445014844,1436.210152229466,800,284.051511240437,1137036.798949921,0.04964550412734564,24.8123080312112,1304.378078548304,0.4995157732782731,0.4964550412734564,0.0004,0.0008350246283864343,0.0005273282947246453,-0.177294569152572,-3.492459654808044e-10,1.041371433530003e-09,4.656612873077393e-10,1.542863059533772e-14,-1.229571999772361e-14,3.164135620181696e-15,0,0
556.8,2200,131.9414929749953,1400,285.5091721437403,1296477.698794641,0.04995097647715922,24.96102833593785,1436.398754190412,800,284.0524237216053,1137097.978513219,0.04964403055353216,24.81156932462896,1304.457261215417,0.4995097647715921,0.4964403055353216,0.0004,0.0008356580897233343,0.0005277659718999812,-0.1780332757348084,-2.983142621815205e-10,1.104581315303221e-09,6.039044819772243e-10,1.610170330401672e-14,-1.437738816889578e-14,1.748601263784622e-15,0,0
559.2,2200,132.0495580157024,1400,285.5111442926827,1296668.218196657,0.04995037339463718,24.96072117781648,1436.585050175777,800,284.0533251874781,1137157.984258768,0.04964255599086747,24.81083015080383,1304.535492160075,0.4995037339463718,0.4964255599086747,0.0004,0.0008362839372806011,0.0005281982320628094,-0.1787724495599363,-1.818989403545856e-10,8.55379767017439e-10,4.43833414465189e-10,1.288899542650768e-14,-1.157407503171726e-14,1.360023205165817e-15,0,0
561.6,2200,132.1562862291269,1400,285.5130921058808,1296856.131298313,0.04994976810781569,24.96041298870094,1436.769068181859,800,284.0542157615932,1137216.829385727,0.04964108045045993,24.81009051499093,1304.612781952732,0.4994976810781569,0.4964108045045993,0.0004,0.0008369022556218588,0.0005286251449165074,-0.1795120853728385,1.891748979687691e-10,8.290044206660241e-10,1.033185981214046e-09,1.606353938754523e-14,-1.254552017826427e-14,3.497202527569243e-15,0,0
564,2200,132.2616947641754,1400,285.5150158841528,1297041.4703257,0.04994916064389695,24.96010378134208,1436.950835857996,800,284.055095566635,1137274.527001527,0.04963960394334088,24.80935042240877,1304.68914109382,0.4994916064389694,0.4963960394334088,0.0004,0.000837513128750561,0.0005290467790567018,-0.1802521779550013,-3.055902197957039e-10,1.00317265605554e-09,6.984919309616089e-10,1.974115315661606e-14,-6.328271240363392e-15,1.346145417358002e-14,0,0
566.4,2200,132.3658005001587,1400,285.5169159244659,1297224.267092627,0.04994855102973656,24.95979356832751,1437.13038051157,800,284.0559647244077,1137331.090118841,0.04963812648046206,24.80860987823801,1304.764580011411,0.4994855102973656,0.4963812648046205,0.0004,0.0008381166400912916,0.0005294632020006347,-0.1809927221257617,-9.458744898438454e-11,1.158241502707824e-09,1.076841726899147e-09,1.746172650918254e-14,-1.307287611496122e-14,4.440892098500626e-15,0,0
568.8,2200,132.4686200564904,1400,285.5187925200038,1297404.553007871,0.04994793929184931,24.95948236208454,1437.307729113938,800,284.056823355795,1137386.531651309,0.04963664807269209,24.80786888761984,1304.839109057448,0.4994793929184931,0.4963664807269209,0.0004,0.0008387128724595804,0.0005298744802259616,-0.1817337127439309,-1.309672370553017e-10,1.035914465319365e-09,9.022187441587448e-10,1.533495552763497e-14,-1.354472090042691e-14,1.804112415015879e-15,0,0
571.2,2200,132.5701698002381,1400,285.5206459602269,1297582.359081666,0.04994732545641483,24.9591701748827,1437.482908305517,800,284.0576715807307,1137440.864410605,0.04963516873081394,24.80712745565475,1304.912738505279,0.4994732545641483,0.4963516873081393,0.0004,0.0008393019080422291,0.0005302806792009524,-0.1824751447090165,3.637978807091713e-11,1.074113242793828e-09,1.113221514970064e-09,1.220551437697281e-14,-1.287858708565182e-14,-6.938893903907228e-16,0,0
573.6,2200,132.670465834015,1400,285.5224765308545,1297757.715923538,0.04994670954927562,24.95885701883292,1437.65594439347,800,284.0585095183131,1137494.101118422,0.04963368846553504,24.80638558740732,1304.985478559455,0.4994670954927561,0.4963368846553504,0.0004,0.0008398838284756384,0.0005306818633360598,-0.1832170129564474,-6.548361852765083e-11,1.056378096109256e-09,1.222360879182816e-09,1.496025525682398e-14,-1.762479051592436e-14,-2.664535259100376e-15,0,0
576,2200,132.7695240346445,1400,285.5242845140481,1297930.653762263,0.04994609159595387,24.95854290589539,1437.826863368665,800,284.0593372865565,1137546.254380182,0.04963220728746519,24.80564328789581,1305.05733933402,0.4994609159595387,0.4963220728746519,0.0004,0.0008404587146721605,0.000531078096138578,-0.1839593124679624,-1.818989403545856e-10,1.040007191477343e-09,1.120497472584248e-09,1.714947628350671e-14,-7.743805596760467e-15,9.409140133698202e-15,0,0
578.4,2200,132.8673600373775,1400,285.526070188378,1298101.20244206,0.04994547162164818,24.95822784787809,1437.995690901798,800,284.0601550025286,1137597.336699598,0.04963072520712861,24.80490056209786,1305.12833086442,0.4994547162164817,0.4963072520712861,0.0004,0.000841026646915363,0.0005314694401495098,-0.1847020382659146,1.600710675120354e-10,1.042735675582662e-09,9.749783203005791e-10,1.961625306634573e-14,-1.396105453466134e-14,5.689893001203927e-15,0,0
580.8,2200,132.9639892465614,1400,285.5278338288941,1298269.391430247,0.04994484965124007,24.95791185643981,1438.162452349778,800,284.0609627823021,1137647.360473572,0.04962924223495999,24.80415741494859,1305.198463103216,0.4994484965124006,0.4962924223495999,0.0004,0.0008415877048257298,0.0005318559569862455,-0.1854451854151833,-3.637978807091713e-11,9.495124686509371e-10,9.240466170012951e-10,1.722927356340165e-14,-1.243449787580175e-14,4.801714581503802e-15,0,0
583.2,2200,133.059426849323,1400,285.5295757072142,1298435.249826477,0.04994422570930168,24.95759494309382,1438.327172763321,800,284.0617607408856,1137696.337984973,0.04962775838129814,24.80341385133765,1305.267745913998,0.4994422570930168,0.4962775838129814,0.0004,0.0008421419673119835,0.0005322377073972921,-0.1861887490261225,3.055902197957039e-10,1.109583536162972e-09,1.651642378419638e-09,1.961972251329769e-14,-1.135203042679223e-14,8.298917109073045e-15,0,0
585.6,2200,133.153687799434,1400,285.5312960914789,1298598.806358232,0.04994359982009189,24.95727711920605,1438.48987688247,800,284.0625489923593,1137744.281416812,0.04962627365639801,24.80266987611487,1305.336189083036,0.4994359982009189,0.4962627365639801,0.0004,0.0008426895126642885,0.000532614751197736,-0.1869327242489014,7.275957614183426e-11,1.110493030864745e-09,1.418811734765768e-09,1.349267919614761e-14,-1.176836406102666e-14,1.748601263784622e-15,0,0
588,2200,133.2467868496149,1400,285.5329952465199,1298760.08939866,0.04994297200757146,24.95695839600223,1438.650589151883,800,284.063327649679,1137791.202831632,0.04962478807041333,24.8019254940821,1305.403802302269,0.4994297200757146,0.4962478807041333,0.0004,0.0008432304184181485,0.0005329871473984594,-0.1876771062816722,2.182787284255028e-10,9.226823749486357e-10,1.389707904309034e-09,1.818684092214085e-14,-1.265654248072678e-14,5.523359547510154e-15,0,0
590.4,2200,133.3387385400426,1400,285.5346734338362,1298919.126963966,0.0499423422954006,24.95663878456676,1438.809333718143,800,284.0640968247789,1137837.114182473,0.04962330163340584,24.80118070999754,1305.470595178101,0.499423422954006,0.4962330163340584,0.0004,0.0008437647614248053,0.0005333549541601706,-0.1884218903662287,-3.637978807091713e-11,1.057742338161916e-09,1.025910023599863e-09,2.23709939461969e-14,-1.29618538124987e-14,9.436895709313831e-15,0,0
592.8,2200,133.4295572024967,1400,285.5363309116376,1299075.946718139,0.04994171070694319,24.95631829584464,1438.966134433431,800,284.0648566285668,1137882.027312273,0.04962181435534478,24.80043552857553,1305.536577230934,0.4994171070694319,0.4962181435534478,0.0004,0.0008442926178474717,0.0005337182288099866,-0.1891670717882441,-3.637978807091713e-11,1.391981641063467e-09,1.367880031466484e-09,1.985217545907858e-14,-1.845745778439323e-14,1.387778780781446e-15,0,0
595.2,2200,133.5192569766402,1400,285.5379679349459,1299230.57598371,0.04994107726527561,24.95599694064574,1439.121014864647,800,284.0656071708427,1137925.953945134,0.04962032624609957,24.79968995448306,1305.601757888006,0.4994107726527561,0.4962032624609957,0.0004,0.0008448140631040514,0.0005340770279065609,-0.1899126458807068,-1.455191522836685e-11,8.724327926756814e-10,8.658389560878277e-10,2.026503964636106e-14,-1.762479051592436e-14,2.636779683484747e-15,0,0
597.6,2200,133.6078517991023,1400,285.5395847555666,1299383.041738917,0.04994044199318437,24.95567472964364,1439.273998290369,800,284.0663485603899,1137968.905696341,0.04961883731544817,24.79894399234379,1305.666146491266,0.4994044199318437,0.4961883731544817,0.0004,0.0008453291719301305,0.000534431407196409,-0.1906586080199837,3.346940502524376e-10,1.180751496576704e-09,1.513399183750153e-09,1.733335697196026e-14,-1.654232306691483e-14,8.049116928532385e-16,0,0
600,2200,133.6953554196002,1400,285.5411816221921,1299533.370628407,0.0499398049131752,24.95535167337992,1439.425107710114,800,284.0670809048976,1138010.894063824,0.04961734757306992,24.79819764673459,1305.729752290514,0.499398049131752,0.4961734757306992,0.0004,0.0008458380183241133,0.0005347814216784009,-0.1914049536291813,1.964508555829525e-10,1.064336174749769e-09,1.025910023599863e-09,2.259997744502584e-14,-1.98729921407903e-14,2.747801985947262e-15,0,0
600.0000000012024,2200,133.6953554196441,1400,285.5411816221927,1299533.370628481,0.04993980491317488,24.95535167337975,1439.42510771019,800,284.0670809048977,1138010.894063845,0.04961734757306917,24.79819764673421,1305.729752290546,0.4993980491317488,0.4961734757306917,0.0004,0.000845838018324368,0.0005347814216785764,-0.1914049536295579,1.455191522836685e-10,1.223270373884588e-09,1.367880031466484e-09,1.768030166715562e-14,-2.245426067304379e-14,-4.773959005888173e-15,0,0
600.0000000012024,2500,133.6953554196441,1400,285.5411816221927,1299533.370628481,0.04993980491317488,24.95535167337975,1439.42510771019,1100,284.0670809048977,1138010.894063845,0.04961734757306917,24.79819764673421,1305.729752290546,0.4993980491317488,0.4961734757306917,0.0004,0.000845838018324368,0.0005347814216785764,-0.1914049536295579,1.455191522836685e-10,1.223270373884588e-09,1.367880031466484e-09,1.768030166715562e-14,-2.245426067304379e-14,-4.773959005888173e-15,0,0
602.4,2500,133.2044079818763,1400,285.5428251086707,1299688.677135331,0.04993917205992088,24.95503059103554,1439.580643276402,1100,284.0745226002323,1138750.566376508,0.04961587321677865,24.797442455438,1306.376235294525,0.4993917205992088,0.4961587321677864,0.0004,0.000851009882356202,0.0005328176319275053,-0.1921601449257722,5.093170329928398e-11,1.057742338161916e-09,1.33877620100975e-09,1.726396803292118e-14,-2.506328478091291e-14,-7.799316747991725e-15,0,0
604.8,2500,132.7575276696941,1400,285.5445748465863,1299855.333570518,0.04993854883897233,24.95471400776999,1439.746250465807,1100,284.0815699816587,1139448.402359025,0.04961436376879117,24.79667068242835,1306.988722796113,0.4993854883897232,0.4961436376879117,0.0004,0.0008559097823689043,0.0005310301106787765,-0.1929319179354216,-3.710738383233547e-10,1.219632395077497e-09,1.069565769284964e-09,1.5258627694692e-14,-2.273181642920008e-14,-7.494005416219807e-15,0,0
607.2,2500,132.3516944044354,1400,285.5464211927246,1300032.30908906,0.04993793437642936,24.95440151518509,1439.921019488258,1100,284.0882478028339,1140107.027842226,0.04961282142837815,24.79588336835533,1307.569325083822,0.4993793437642935,0.4961282142837815,0.0004,0.0008605546006705772,0.0005294067776177416,-0.1937192320084407,-1.818989403545856e-10,1.485858547312091e-09,1.287844497710466e-09,1.20944920745103e-14,-2.331468351712829e-14,-1.124100812432971e-14,0,0
609.6,2500,131.9840844044486,1400,285.5483551662556,1300218.643680174,0.04993732785843592,24.95409273294341,1440.104103037896,1100,284.0945792157781,1140728.898837373,0.04961124825291499,24.79508148655972,1308.120018633447,0.4993732785843592,0.4961124825291499,0.0004,0.0008649601490675759,0.0005279363376177944,-0.1945211138040541,-5.384208634495735e-10,1.289436113438569e-09,7.421476766467094e-10,1.326022625036671e-14,-2.653433028854124e-14,-1.329492071988625e-14,0,0
612,2500,131.6520576327264,1400,285.5503684049994,1300413.443487146,0.04993672852721033,24.95378730691435,1440.294712139977,1100,284.10058587531,1141316.312594901,0.04960964616708181,24.79426594745768,1308.642654507251,0.4993672852721033,0.4960964616708181,0.0004,0.0008691412360580088,0.0005266082305309055,-0.1953366529060929,-5.820766091346741e-10,1.437001628801227e-09,8.440110832452774e-10,1.761785162202045e-14,-2.650657471292561e-14,-8.93729534823251e-15,0,0
614.4,2500,131.3531463210618,1400,285.5524531255077,1300615.876536531,0.04993613567742272,24.95348490748248,1440.492112365435,1100,284.1062880343608,1141871.417699351,0.04960801697126459,24.79343760254274,1309.138966044373,0.4993613567742272,0.4960801697126459,0.0004,0.0008731117283549865,0.0005254125852842471,-0.1961649978210325,-5.165929906070232e-10,1.416992745362222e-09,1.120497472584248e-09,1.291328155517135e-14,-2.711719737646945e-14,-1.4210854715202e-14,0,0
616.8,2500,131.0850439686874,1400,285.5546020849627,1300825.168661648,0.04993554865273828,24.95318522793277,1440.695620221879,1100,284.1117046350182,1142396.223713912,0.04960636234958743,24.79259724820911,1309.610576253191,0.4993554865273828,0.4960636234958743,0.0004,0.0008768846100255305,0.0005243401758747495,-0.1970053521546618,-5.748006515204906e-10,1.220996637130156e-09,8.803908713161945e-10,1.371125435412068e-14,-2.53408405370692e-14,-1.165734175856414e-14,0,0
619.2,2500,130.8455951798544,1400,285.5568085460563,1301040.599745454,0.04993496684263136,24.95288798296227,1440.90459983088,1100,284.1168533924666,1142892.610074272,0.04960468387732258,24.79174562927731,1310.059004651025,0.4993496684263136,0.4960468387732258,0.0004,0.000880472037208201,0.0005233823807194176,-0.1978569710864591,-9.313225746154785e-10,1.597982191015035e-09,4.43833414465189e-10,1.035282970462958e-14,-2.675637489346627e-14,-1.643130076445232e-14,0,0
621.6,2500,130.6327860335844,1400,285.5590662438176,1301261.500172099,0.04993438967937697,24.95259290727445,1441.118459792654,1100,284.1217508743131,1143362.334494497,0.0496029830278976,24.79088344232632,1310.48567375907,0.4993438967937697,0.496029830278976,0.0004,0.0008838853900725589,0.0005225311441343374,-0.1987191580374486,-8.585629984736443e-10,1.544776750961319e-09,6.693881005048752e-10,6.529499163576702e-15,-2.361999484890021e-14,-1.709743457922741e-14,0,0
624,2500,130.4447350212927,1400,285.5613693544818,1301487.24749707,0.04993381663522801,24.9522997542602,1441.336650246304,1100,284.126412575056,1143807.040859793,0.04960126117947836,24.79001133882218,1310.891915225011,0.4993381663522801,0.4960126117947836,0.0004,0.0008871353218000913,0.0005217789400851707,-0.1995912615415882,-4.583853296935558e-10,1.582975528435782e-09,1.346052158623934e-09,1.400268789808479e-14,-3.413935800722356e-14,-2.015054789694659e-14,0,0
626.4,2500,130.2796845614218,1400,285.5637124664144,1301717.263337162,0.04993324721977867,24.95200829476569,1441.55866012639,1100,284.1308529856749,1144228.26660304,0.04959951962112381,24.78912992804204,1311.278975564968,0.4993324721977866,0.4959951962112381,0.0004,0.0008902318045197425,0.0005211187382456873,-0.2004726723217338,-6.475602276623249e-10,1.590706233400851e-09,6.912159733474255e-10,1.378758218706366e-14,-2.525757381022231e-14,-1.146305272925474e-14,0,0
628.8,2500,130.1359931996649,1400,285.5660905534254,1301951.010516578,0.0499326809775458,24.95171831596195,1441.784014647288,1100,284.1350856575161,1144627.449477672,0.04959775955843836,24.78823977975863,1311.648021447623,0.499326809775458,0.4959775955843836,0.0004,0.0008931841715809878,0.0005205439727986595,-0.2013628206051443,-7.130438461899757e-10,1.790795067790896e-09,8.36735125631094e-10,1.331573740159797e-14,-3.130828929442941e-14,-1.798561299892754e-14,0,0
631.2,2500,130.0121280664689,1400,285.56849894905,1302187.990316254,0.04993211748563733,24.95142962025514,1442.012272879578,1100,284.1391232638901,1145005.934088398,0.04959598211902583,24.78734142682901,1312.000144813109,0.4993211748563733,0.4959598211902583,0.0004,0.0008960011585048742,0.0005200485122658756,-0.2022611735347581,-5.675246939063072e-10,1.732587406877428e-09,1.149601303040981e-09,1.58414947826202e-14,-2.725597525454759e-14,-1.146305272925474e-14,0,0
633.6,2500,129.906657736105,1400,285.5709333222566,1302427.739876198,0.0499315563515508,24.95114202425748,1442.243025462369,1100,284.1429776582706,1145364.978062692,0.04959418835764494,24.78643536764065,1312.336367726264,0.4993155635155079,0.4959418835764494,0.0004,0.0008986909418101131,0.0005196266309444199,-0.2031672327231213,-3.055902197957039e-10,1.828084350563586e-09,1.491571310907602e-09,9.409140133698202e-15,-2.772782004001328e-14,-1.837419105754634e-14,0,0
636,2500,129.8182457820058,1400,285.5733896555437,1302669.829853149,0.04993099721118829,24.95085535785934,1442.475892541973,1100,284.1466599267969,1145705.757618225,0.04959237926086101,24.78552206831813,1312.657646759967,0.4993099721118829,0.4959237926086101,0.0004,0.0009012611740797347,0.000519272983128023,-0.2040805320456442,-4.147295840084553e-10,1.596163201611489e-09,1.389707904309034e-09,1.195571419643215e-14,-2.550737399076297e-14,-1.360023205165817e-14,0,0
638.4,2500,129.7456447134098,1400,285.575864224372,1302913.862221382,0.04993043972699294,24.95056946335801,1442.710521837155,1100,284.1501804375891,1146029.372793473,0.04959055575141751,24.78460196479628,1312.964877123745,0.4993043972699294,0.495905557514175,0.0004,0.0009037190169899604,0.000518982578853639,-0.2050006355674903,-4.220055416226387e-10,1.622538547962904e-09,9.385985322296619e-10,9.242606680004428e-15,-3.116951141635127e-14,-2.192690473634684e-14,0,0
640.8,2500,129.6876901666965,1400,285.5783535775124,1303159.468171145,0.04992988358616794,24.95028419462517,1442.946586790873,1100,284.1535488878937,1146336.852448121,0.04958871869241709,24.78367546480213,1313.258896624177,0.4992988358616794,0.4958871869241709,0.0004,0.0009060711729934137,0.000518750760666786,-0.205927135561641,-6.621121428906918e-10,1.566149876452982e-09,8.731149137020111e-10,1.094957458036561e-14,-3.064215547965432e-14,-1.978972541394342e-14,0,0
643.2,2500,129.6432954725419,1400,285.5808545186914,1303406.306146444,0.04992932849901398,24.94999941632949,1443.183784844785,1100,284.1567743481215,1146629.15893404,0.049586868891228,24.78274294970612,1313.540489372243,0.4992932849901398,0.49586868891228,0.0004,0.0009083239149779456,0.0005185731818901677,-0.2068596506576519,-6.184563972055912e-10,1.859916665125638e-09,1.215084921568632e-09,1.029037965949442e-14,-3.300137940698278e-14,-2.278732758043134e-14,0,0
645.6,2500,129.611446630719,1400,285.5833640896398,1303654.060032362,0.04992877419739328,24.94971500321857,1443.421835846107,1100,284.1598653025433,1146907.192412605,0.04958500710309539,24.78180477623326,1313.810389215388,0.4992877419739328,0.4958500710309539,0.0004,0.0009104831137231048,0.000518445786522876,-0.207797824130509,-6.83940015733242e-10,1.818079908844084e-09,1.098669599741697e-09,1.013772399360846e-14,-3.055888875280743e-14,-2.045585922871851e-14,0,0
648,2500,129.5911975936683,1400,285.5858795542082,1303902.437456833,0.04992822043329069,24.94943083944615,1443.660480555107,1100,284.1628296874389,1147171.794901535,0.04958313403452746,24.78086127806699,1314.069282961439,0.4992822043329069,0.4958313403452745,0.0004,0.0009125542636915088,0.0005183647903746733,-0.2087413222967847,-6.111804395914078e-10,1.581611286383122e-09,9.313225746154785e-10,1.233041446724314e-14,-2.892130979148533e-14,-1.668110094499298e-14,0,0
650.4,2500,129.5816658301478,1400,285.5883983834487,1304151.168195688,0.04992766697746227,24.94914681794023,1443.899479243696,1100,284.1656749269376,1147423.754077362,0.04958125034647752,24.77991276735616,1314.317813413548,0.4992766697746227,0.4958125034647752,0.0004,0.0009145425073083843,0.0005183266633205912,-0.2096898330076087,-8.221832104027271e-10,1.547959982417524e-09,4.729372449219227e-10,1.514760539222948e-14,-3.166911177743259e-14,-1.659783421814609e-14,0,0
652.8,2500,129.5820281663507,1400,285.5909182416509,1304400.00267985,0.04992711361817046,24.9488628398117,1444.138610383756,1100,284.1684079665803,1147663.806836088,0.0495793566573247,24.77895953612627,1314.556582217406,0.4992711361817046,0.495793566573247,0.0004,0.0009164526577392444,0.0005183281126654028,-0.2106430642375017,-5.602487362921238e-10,1.376974978484213e-09,5.529727786779404e-10,1.578598363138894e-14,-3.133604487004504e-14,-1.559863349598345e-14,0,0
655.2,2500,129.5915169161913,1400,285.593436973367,1304648.710607998,0.04992656016000867,24.9485788138047,1444.377669428414,1100,284.1710353045214,1147892.642603989,0.04957745354564569,24.77800185759149,1314.786152512223,0.4992656016000867,0.4957745354564569,0.0004,0.0009182892200977821,0.0005183660676647651,-0.2116007427722764,-6.984919309616089e-10,1.554326445329934e-09,8.36735125631094e-10,1.461331056162862e-14,-3.219646771412954e-14,-1.762479051592436e-14,0,0
657.6,2500,129.6094162513239,1400,285.5959525912543,1304897.079647089,0.04992600642280038,24.94829465578183,1444.616467670591,1100,284.1735630207736,1148110.906440343,0.04957554155281291,24.77703998738439,1315.007051419267,0.4992600642280038,0.4957554155281291,0.0004,0.0009200564113541386,0.0005184376650052955,-0.2125626129793794,-5.311449058353901e-10,1.693479134701192e-09,1.135049387812614e-09,1.567496132892643e-14,-3.538835890992686e-14,-1.981748098955904e-14,0,0
660,2500,129.6350588020237,1400,285.5984632647098,1305144.914217155,0.04992545224056932,24.94801028824272,1444.85483117544,1100,284.1759968045658,1148319.201940352,0.04957362118542576,24.77607416470634,1315.219772373416,0.4992545224056931,0.4957362118542576,0.0004,0.0009217581789873274,0.0005185402352080946,-0.2135284356574338,-9.749783203005791e-10,1.651642378419638e-09,8.949427865445614e-10,1.157407503171726e-14,-3.280709037767338e-14,-2.126077092157175e-14,0,0
662.4,2500,129.6678224707318,1400,285.600967309226,1305392.03435359,0.0499248974605758,24.9477256398733,1445.092599780888,1100,284.1783419799689,1148518.093954365,0.04957169291758837,24.77510461340514,1315.424777310157,0.499248974605758,0.4957169291758837,0.0004,0.000923398218481252,0.0005186712898829273,-0.2144979869586301,-6.111804395914078e-10,1.51885615196079e-09,6.402842700481415e-10,8.229528170033973e-15,-2.992051051364797e-14,-2.176037128265307e-14,0,0
664.8,2500,129.7071274637944,1400,285.6034631764888,1305638.274648579,0.04992434194241955,24.94744064512646,1445.329626167709,1100,284.1806035297523,1148708.111119345,0.04956975719303027,24.77413154297828,1315.622498703915,0.4992434194241955,0.4956975719303027,0.0004,0.0009249799896313197,0.0005188285098551778,-0.2154710573854892,-8.512870408594608e-10,1.860826159827411e-09,7.421476766467094e-10,1.396799342856525e-14,-3.239075674343894e-14,-1.854072451124011e-14,0,0
667.2,2500,129.7524335090402,1400,285.6059494451076,1305883.48326006,0.04992378555720031,24.94715524382937,1445.565774988949,1100,284.1827861177311,1148889.748230137,0.04956781442709352,24.77315514951264,1315.813341479909,0.499237855572003,0.4956781442709352,0.0004,0.0009265067318392684,0.0005190097340361608,-0.2164474508511276,-7.057678885757923e-10,1.646185410209e-09,1.149601303040981e-09,1.156713613781335e-14,-3.125277814319816e-14,-1.98729921407903e-14,0,0
669.6,2500,129.8032372538064,1400,285.6084248119556,1306127.520986059,0.04992322818673335,24.94686938081684,1445.800922056565,1100,284.1848941096494,1149063.468455558,0.0495658650085896,24.77217561656271,1315.997684802758,0.4992322818673335,0.495658650085896,0.0004,0.0009279814784220652,0.0005192129490152256,-0.2174269838010581,-7.8580342233181e-10,1.722582965157926e-09,9.022187441587448e-10,1.14214193658313e-14,-2.586819647376615e-14,-1.465494392505207e-14,0,0
672,2500,129.8590698265773,1400,285.6108880840623,1306370.260398245,0.04992266972281545,24.94658300558799,1446.034953579982,1100,284.1869315927386,1149229.705413879,0.04956390930153884,24.77119311597307,1316.175883753405,0.4992266972281545,0.4956390930153884,0.0004,0.0009294070700272386,0.0005194362793063092,-0.2184094843907012,-4.656612873077393e-10,1.573425834067166e-09,1.08411768451333e-09,1.548067229961703e-14,-2.728373083016322e-14,-1.193489751472043e-14,0,0
674.4,2500,129.9194945655252,1400,285.6133381710733,1306611.585035658,0.04992211006654166,24.94629607198688,1446.267765457662,1100,284.1889023939297,1149388.865105436,0.04956194764679051,24.77020780864428,1316.348270892137,0.4992211006654166,0.4956194764679051,0.0004,0.0009307861671370974,0.0005196779782621006,-0.2193947917194912,-5.238689482212067e-10,1.511580194346607e-09,1.193257048726082e-09,8.791578576250458e-15,-2.930988785010413e-14,-2.076117056049043e-14,0,0
676.8,2500,129.9841048902672,1400,285.61577407819,1306851.388650196,0.04992154912766613,24.9460085379036,1446.499262613751,1100,284.1908100969052,1149541.327722254,0.04955998036353959,24.76921984525,1316.515157723484,0.4992154912766613,0.4955998036353959,0.0004,0.0009321212617878681,0.0005199364195610688,-0.2203827551137714,-4.365574568510056e-10,1.54068402480334e-09,1.076841726899147e-09,9.478529072737274e-15,-3.103073353827313e-14,-2.181588243388433e-14,0,0
679.2,2500,130.0525223129296,1400,285.6181948995812,1307089.574502176,0.04992098682400507,24.94572036499516,1446.729358379052,1100,284.1926580580329,1149687.449338715,0.04955800775074438,24.76822936690696,1316.676836066122,0.4992098682400507,0.4955800775074438,0.0004,0.0009334146885289774,0.0005202100892517182,-0.2213732334568128,-5.456968210637569e-10,1.778971636667848e-09,1.433363649994135e-09,1.09426356864617e-14,-3.15858450505857e-14,-2.081668171172169e-14,0,0
681.6,2500,130.1243945747549,1400,285.6205998122136,1307326.054701227,0.04992042308087837,24.94543151842439,1446.957973911176,1100,284.1944494212807,1149827.563494466,0.04955603008845367,24.76723650580224,1316.833579336421,0.4992042308087837,0.4955603008845367,0.0004,0.0009346686346913703,0.0005204975782990195,-0.2223660945615329,-8.294591680169106e-10,1.491571310907602e-09,6.402842700481415e-10,1.212224765012593e-14,-2.359223927328458e-14,-1.17128529097954e-14,0,0
684,2500,130.1993939107474,1400,285.6229880701189,1307560.749593011,0.04991985783058985,24.94514196661698,1447.185037655475,1100,284.1961871321069,1149961.982668396,0.04955404763904257,24.76624138577733,1316.985643744727,0.4991985783058985,0.4955404763904257,0.0004,0.0009358851499578195,0.0005207975756429896,-0.2233612145864363,-7.566995918750763e-10,1.633452484384179e-09,8.658389560878277e-10,1.013078509970455e-14,-3.058664432842306e-14,-2.070565940925917e-14,0,0
686.4,2500,130.2772154243737,1400,285.6253589990224,1307793.587185545,0.04991929101194123,24.94485168103425,1447.410484840211,1100,284.1978739504623,1150090.99965842,0.04955206064836986,24.76524412287501,1317.133269415838,0.4991929101194123,0.4955206064836986,0.0004,0.0009370661553267,0.0005211088616974948,-0.2243584774887566,-7.057678885757923e-10,1.84809323400259e-09,1.120497472584248e-09,1.083855227790309e-14,-2.503552920529728e-14,-1.448841047135829e-14,0,0
688.8,2500,130.3575755687457,1400,285.6277119913354,1308024.502613724,0.04991872256977831,24.94456063596094,1447.634257005501,1100,284.1995124629379,1150214.888870426,0.04955006934685867,24.76424482584999,1317.276681436755,0.4991872256977831,0.4955006934685867,0.0004,0.0009382134514940389,0.0005214303022749827,-0.2253577745137854,-1.08411768451333e-09,1.591615728102624e-09,4.802132025361061e-10,1.119937476090627e-14,-2.475797344914099e-14,-1.38222766565832e-14,0,0
691.2,2500,130.4402107249591,1400,285.6300465014707,1308253.437638531,0.04991815245456652,24.94426880830686,1447.856301562635,1100,284.2011050941328,1150333.907524693,0.0495480739505087,24.76324359664704,1317.416090837675,0.4991815245456652,0.495480739505087,0.0004,0.0009393287267014038,0.0005217608428998364,-0.226359003716734,-1.076841726899147e-09,1.478838385082781e-09,6.184563972055912e-10,1.491862189340054e-14,-2.3037127760972e-14,-8.382183835919932e-15,0,0
693.6,2500,130.5248758775301,1400,285.6323620414818,1308480.340181137,0.04991758062199626,24.9439761774223,1448.076571383832,1100,284.2026541172401,1150448.29677929,0.04954607466183827,24.76224053084616,1317.551695506302,0.4991758062199625,0.4954607466183827,0.0004,0.0009404135640504137,0.0005220995035101205,-0.2273620695176071,-1.185981091111898e-09,1.553416950628161e-09,5.893525667488575e-10,1.262878690511116e-14,-2.517430708337542e-14,-1.282307593442056e-14,0,0
696,2500,130.6113433748037,1400,285.634658176988,1308705.163887251,0.04991700703261359,24.94368272492549,1448.295024418695,1100,284.204161663956,1150558.28278145,0.04954407167076636,24.76123571807921,1317.683681043892,0.4991700703261359,0.4954407167076636,0.0004,0.0009414694483511321,0.0005224453734992148,-0.2283668822845577,-1.149601303040981e-09,1.480657374486327e-09,5.311449058353901e-10,1.496719415072789e-14,-2.692290834716005e-14,-1.226796442210798e-14,0,0
698.4,2500,130.6994017706606,1400,285.6369345233708,1308927.867720574,0.04991643165147557,24.94338843454146,1448.511623336166,1100,284.2056297337349,1150664.077649698,0.04954206515543656,24.76022924241905,1317.812221565506,0.4991643165147557,0.4954206515543655,0.0004,0.0009424977725240441,0.0005227976070826426,-0.2293733579447235,-1.142325345426798e-09,1.447915565222502e-09,2.837623469531536e-10,1.2191636589165e-14,-2.883804306463844e-14,-1.693090112553364e-14,0,0
700.8,2500,130.7888547405546,1400,285.6391907422194,1309148.415582757,0.04991585444782849,24.94309329195156,1448.72633518969,1100,284.2070602024503,1150765.880392829,0.04954005528298799,24.75922118274371,1317.937480449135,0.4991585444782848,0.4954005528298799,0.0004,0.0009434998435930793,0.0005231554189622184,-0.2303814176200625,-1.06228981167078e-09,1.438820618204772e-09,1.236912794411182e-10,1.172673069760322e-14,-2.853273173286652e-14,-1.709743457922741e-14,0,0
703.2,2500,130.8795200791833,1400,285.6414265380444,1309366.775962442,0.04991527539481005,24.94279728465437,1448.939131107785,1100,284.2084548304013,1150863.877759637,0.04953804221026823,24.75821161307312,1318.059611028601,0.4991527539481004,0.4953804221026823,0.0004,0.0009444768882288117,0.0005235180803167331,-0.2313909872906521,-1.258740667253733e-09,1.24236976262182e-09,-2.837623469531536e-10,1.427330476033717e-14,-3.072542220650121e-14,-1.681987882307112e-14,0,0
705.6,2500,130.9712287691036,1400,285.6436416552326,1309582.921609465,0.04991469446917342,24.94250040183667,1449.149986007142,1100,284.2098152697578,1150958.245028683,0.04953602608449603,24.75720060288205,1318.178757238038,0.4991469446917342,0.4953602608449602,0.0004,0.0009454300579043046,0.0005238849150764145,-0.2324019974817162,-1.200533006340265e-09,1.271473593078554e-09,5.820766091346741e-11,9.298117831235686e-15,-2.46747067222941e-14,-1.570965579844597e-14,0,0
708,2500,131.0638240395349,1400,285.6458358749696,1309796.829206118,0.04991411165100859,24.9422026342432,1449.358878302247,1100,284.2111430720686,1151049.146805068,0.04953400704392987,24.75618821741583,1318.295054262712,0.4991411165100859,0.4953400704392987,0.0004,0.0009463604341016944,0.0005242552961581395,-0.2334143829479451,-1.127773430198431e-09,1.320586306974292e-09,1.673470251262188e-10,1.253858128436036e-14,-3.064215547965432e-14,-1.854072451124011e-14,0,0
710.4,2500,131.1571605554727,1400,285.6480090125934,1310008.479084264,0.04991352692350249,24.94190397406456,1449.565789656091,1100,284.2124396947415,1151136.737707938,0.04953198521844484,24.75517451796277,1318.408629100618,0.4991352692350249,0.4953198521844484,0.0004,0.0009472690328049448,0.0005246286422218909,-0.2344280824009992,-1.2732925824821e-09,1.418811734765768e-09,-1.164153218269348e-10,1.103284130721249e-14,-3.008704396734174e-14,-1.937339177970898e-14,0,0
712.8,2500,131.2511037328231,1400,285.6501609153632,1310217.854986864,0.04991294027273691,24.94160441484278,1449.770704769758,1100,284.2137065065256,1151221.162952163,0.04952996073002082,24.75415956208469,1318.519601036935,0.4991294027273691,0.4952996073002082,0.0004,0.0009481568082954764,0.0005250044149312925,-0.2354430382790831,-1.113221514970064e-09,1.122316461987793e-09,2.110027708113194e-10,8.881784197001252e-15,-2.797762022055394e-14,-1.942890293094024e-14,0,0
715.2,2500,131.3455289137739,1400,285.6522914597733,1310424.943780819,0.04991235168744504,24.94130395135755,1449.97361112882,1100,284.2149447940841,1151302.559045928,0.04952793369332781,24.75314340389327,1318.628082215046,0.4991235168744504,0.4952793369332781,0.0004,0.0009490246577203688,0.0005253821156550957,-0.2364591964704985,-1.360604073852301e-09,1.462467480450869e-09,-1.600710675120354e-10,1.316308173571201e-14,-2.911559882079473e-14,-1.626476731075854e-14,0,0
717.6,2500,131.4403207394716,1400,285.6544005495158,1310629.735239223,0.04991176115882691,24.94100257953995,1450.174498811077,1100,284.2161557670148,1151381.054322955,0.04952590421617273,24.75212609426103,1318.734178071605,0.4991176115882691,0.4952590421617273,0.0004,0.000949873424572841,0.0005257612829578865,-0.2374765061027446,-1.396983861923218e-09,1.637090463191271e-09,2.110027708113194e-10,1.423861029081763e-14,-3.061439990403869e-14,-1.670885652060861e-14,0,0
720,2500,131.5353725488312,1400,285.6564881135274,1310832.221832851,0.04991116868037256,24.94070029638985,1450.373360302304,1100,284.2173405626541,1151456.769452622,0.04952387239992739,24.75110768102337,1318.837987753473,0.4991116868037255,0.4952387239992739,0.0004,0.0009507039020277861,0.0005261414901953248,-0.2384949193403969,-1.353328116238117e-09,1.560692908242345e-09,4.220055416226387e-10,1.563332796550299e-14,-3.161360062620133e-14,-1.637578961322106e-14,0,0
722.4,2500,131.6305857653979,1400,285.6585541040057,1311032.398517603,0.04991057424768187,24.94039709989171,1450.570190308596,1100,284.2185002509766,1151529.817959643,0.04952183833996487,24.75008820918459,1318.939604543198,0.4991057424768187,0.4952183833996487,0.0004,0.0009515168363455813,0.0005265223430615915,-0.2395143911791813,-1.477019395679235e-09,1.567968865856528e-09,-1.746229827404022e-10,1.517536096784511e-14,-3.130828929442941e-14,-1.648681191568357e-14,0,0
724.8,2500,131.7258693458912,1400,285.6605984946203,1311230.262543933,0.04990997785830295,24.94009298893908,1450.764985587555,1100,284.2196358390015,1151600.30669136,0.04951980212605151,24.74906772110295,1319.039116241664,0.4990997785830295,0.4951980212605151,0.0004,0.0009523129299333104,0.0005269034773835647,-0.2405348792608173,-1.156877260655165e-09,1.386069925501943e-09,4.220055416226387e-10,1.076916333886402e-14,-3.202993426043577e-14,-2.170486013142181e-14,0,0
727.2,2500,131.8211392625217,1400,285.6626212788435,1311425.813278007,0.04990937951158059,24.93978796326376,1450.957744790249,1100,284.2207482749315,1151668.336256987,0.04951776384271574,24.74804625666481,1319.136605527727,0.4990937951158059,0.4951776384271573,0.0004,0.0009530928442218191,0.0005272845570500867,-0.2415563436989601,-1.491571310907602e-09,1.364242052659392e-09,-1.600710675120354e-10,1.813132977090959e-14,-3.128053371881379e-14,-1.354472090042691e-14,0,0
729.6,2500,131.9163180545572,1400,285.6646224685048,1311619.052047283,0.04990877920852516,24.93948202337461,1451.148468324693,1100,284.2218384517436,1151734.001408544,0.04951572356956784,24.7470238534355,1319.232150270136,0.4990877920852516,0.4951572356956784,0.0004,0.0009538572021610889,0.0005276652722182288,-0.2425787469282739,-8.949427865445614e-10,1.324224285781384e-09,1.746229827404022e-10,1.095651347426951e-14,-3.491651412446117e-14,-2.436939539052219e-14,0,0
732,2500,132.0113343701285,1400,285.6666020923142,1311809.981982844,0.04990817695167905,24.93917517049513,1451.33715821601,1100,284.2229072108526,1151797.391429476,0.0495136813816261,24.74600054681335,1319.325823845882,0.4990817695167905,0.495136813816261,0.0004,0.0009546065907670545,0.0005280453374805138,-0.2436020535504184,-1.462467480450869e-09,1.158696250058711e-09,-3.492459654808044e-10,1.592476150946709e-14,-3.261280134836397e-14,-1.709743457922741e-14,0,0
734.4,2500,132.1061225160684,1400,285.6685601944155,1311998.60786463,0.04990757274498532,24.93886740650207,1451.52381796957,1100,284.2239553457105,1151858.590516418,0.04951163734963732,24.74497637018095,1319.417695453501,0.4990757274498532,0.4951163734963732,0.0004,0.0009553415636280097,0.0005284244900642733,-0.244626230182817,-1.382431946694851e-09,1.509761204943061e-09,1.164153218269348e-10,9.603429163007604e-15,-3.516631430500183e-14,-2.592370762499741e-14,0,0
736.8,2500,132.2006221266727,1400,285.6704968333274,1312184.936008279,0.04990696659369186,24.93855873388072,1451.708452470606,1100,284.2249836044669,1151917.678061441,0.04950959154031367,24.74395135501699,1319.507830343933,0.4990696659369186,0.4950959154031366,0.0004,0.0009560626427514634,0.0005288024885066907,-0.2456512453467781,-1.353328116238117e-09,1.627995516173542e-09,2.619344741106033e-10,1.233041446724314e-14,-3.422262473407045e-14,-2.225997164373439e-14,0,0
739.2,2500,132.2947777754607,1400,285.6724120806992,1312368.974132203,0.04990635850423848,24.93824915567213,1451.891067866437,1100,284.225992693075,1151974.728981519,0.04950754401660945,24.74292553102679,1319.596290090976,0.4990635850423848,0.4950754401660945,0.0004,0.0009567703207278063,0.0005291791111018429,-0.2466770693369824,-1.091393642127514e-09,1.407897798344493e-09,4.94765117764473e-10,1.408595462493167e-14,-3.622102617839573e-14,-2.253752739989068e-14,0,0
741.6,2500,132.388538615093,1400,285.6743060201607,1312550.731234536,0.04990574848415268,24.93793867542444,1452.071671457326,1100,284.2269832781752,1152029.814024423,0.04950549483797773,24.74189892626352,1319.683132842233,0.4990574848415268,0.4950549483797773,0.0004,0.0009574650627378614,0.000529554154460372,-0.2477036741002507,-1.236912794411182e-09,1.49702827911824e-09,2.328306436538696e-10,1.177530295493057e-14,-3.760880495917718e-14,-2.625677453238495e-14,0,0
744,2500,132.4818580949006,1400,285.6761787464232,1312730.217497273,0.04990513654196831,24.9376272971549,1452.250271611395,1100,284.2279559893663,1152083.000009502,0.04950344406057253,24.74087156722362,1319.768413516495,0.499051365419683,0.4950344406057253,0.0004,0.0009581473081319581,0.0005299274323796025,-0.248731033140146,-1.455191522836685e-09,1.54977897182107e-09,2.91038304567337e-10,8.146261443187086e-15,-3.197442310920451e-14,-2.431388423929093e-14,0,0
746.4,2500,132.5746936567812,1400,285.6780303643148,1312907.444182884,0.04990452268713781,24.93731502530888,1452.426877672901,1100,284.228911421643,1152134.350086473,0.04950139173746611,24.73984347894932,1319.85218401612,0.4990452268713781,0.4950139173746611,0.0004,0.0009588174721289615,0.0005302987746271246,-0.2497591214144528,-1.498847268521786e-09,1.282387529499829e-09,-2.328306436538696e-10,9.63812363252714e-15,-3.352873534367973e-14,-2.431388423929093e-14,0,0
748.8,2500,132.6670064436616,1400,285.6798609878526,1313082.423535446,0.04990390692994845,24.93700186472074,1452.601499874257,1100,284.2298501377361,1152183.923983349,0.04949933791885717,24.73881468512688,1319.934493430595,0.4990390692994845,0.4949933791885717,0.0004,0.0009594759474447637,0.0005306680257746466,-0.250787915236895,-1.586158759891987e-09,1.868102117441595e-09,4.802132025361061e-10,1.134509153288832e-14,-3.069766663088558e-14,-1.981748098955904e-14,0,0
751.2,2500,132.7587610563139,1400,285.6816707394777,1313255.168698641,0.04990328928145262,24.93668782058131,1452.774149263365,1100,284.2307726700687,1152231.778214013,0.049497282652245,24.73778520816883,1320.015388207051,0.4990328928145262,0.49497282652245,0.0004,0.0009601231056564065,0.0005310350442252556,-0.2518173921949369,-1.127773430198431e-09,1.684384187683463e-09,5.384208634495735e-10,7.41073868937292e-15,-3.691491556878645e-14,-2.997602166487923e-14,0,0
753.6,2500,132.8499253186826,1400,285.6834597493147,1313425.69363669,0.04990266975340091,24.93637289840661,1452.944837633238,1100,284.2316795226458,1152277.96627865,0.04949522598259794,24.73675506929346,1320.094912314556,0.4990266975340091,0.4949522598259793,0.0004,0.0009607592985164464,0.0005313997012747305,-0.2528475310703122,-1.185981091111898e-09,1.744410838000476e-09,5.529727786779404e-10,1.117855807919454e-14,-3.713696017371149e-14,-2.636779683484747e-14,0,0
756,2500,132.940470044201,1400,285.6852281544357,1313594.013055835,0.04990204835817528,24.9360571040067,1453.113577452018,1100,284.2325711729308,1152322.538862909,0.04949316795252044,24.73572428860362,1320.173107407817,0.4990204835817528,0.4949316795252044,0.0004,0.0009613848592625327,0.0005317618801768039,-0.253878311760154,-1.251464709639549e-09,1.635271473787725e-09,3.637978807091713e-10,7.341349750333848e-15,-3.247402347028583e-14,-2.55351295663786e-14,0,0
758.4,2500,133.0303688202607,1400,285.6869760981864,1313760.142332114,0.04990142510872801,24.93574044345713,1453.28038179887,1100,284.2334480735848,1152365.544021925,0.04949110860240765,24.7346928851597,1320.250012978609,0.49901425108728,0.4949110860240765,0.0004,0.0009620001038288737,0.0005321214752810428,-0.2549097152040716,-1.185981091111898e-09,1.502485247328877e-09,5.093170329928398e-10,9.180156634869263e-15,-3.280709037767338e-14,-2.414735078559715e-14,0,0
760.8,2500,133.1195978331127,1400,285.6887037296408,1313924.097453122,0.04990080001853209,24.93542292307579,1453.445264311979,1100,284.2343106538809,1152407.027330766,0.04948904797057169,24.73366087703926,1320.325666478866,0.4990080001853209,0.4948904797057169,0.0004,0.0009626053318309277,0.0005324783913324509,-0.2559417233245149,-1.491571310907602e-09,2.128217602148652e-09,6.257323548197746e-10,3.58046925441613e-15,-3.341771304121721e-14,-3.030908857226677e-14,0,0
763.2,2500,133.2081356758438,1400,285.6904112030018,1314085.894954099,0.04990017310152715,24.93510454939767,1453.608239131619,1100,284.2351593212528,1152447.032048451,0.04948698609337945,24.73262828140197,1320.400103455775,0.4990017310152715,0.4948698609337944,0.0004,0.0009632008276462038,0.0005328325427033751,-0.2569743189618023,-1.578882802277803e-09,2.009983290918171e-09,4.074536263942719e-10,9.409140133698202e-15,-3.275157922644212e-14,-2.381428387820961e-14,0,0
765.6,2500,133.2959631663552,1400,285.6920986770373,1314245.551857436,0.04989954437206789,24.93478532915084,1453.769320846256,1100,284.2359944627643,1152485.599273768,0.04948492300538341,24.73159511455139,1320.473357679901,0.4989954437206788,0.4948492300538341,0.0004,0.0009637868614392082,0.000533183852665421,-0.2580074858123815,-1.229636836796999e-09,1.411535777151585e-09,1.746229827404022e-10,8.777700788442644e-15,-3.314015728506092e-14,-2.475797344914099e-14,0,0
768,2500,133.3830632098068,1400,285.6937663146567,1314403.085627661,0.04989891384488613,24.93446526923864,1453.928524452251,1100,284.2368164462283,1152522.768063854,0.04948285873942112,24.73056139198194,1320.545461242444,0.4989891384488613,0.4948285873942112,0.0004,0.0009643636899395533,0.0005335322528392271,-0.2590412083818343,-1.455191522836685e-09,1.846274244599044e-09,5.966285243630409e-10,6.286637876939949e-15,-2.964295475749168e-14,-2.370326157574709e-14,0,0
770.4,2500,133.469420642796,1400,285.6954142824326,1314558.51412007,0.04989828153504702,24.93414437671933,1454.085865308113,1100,284.2376256214653,1152558.575568007,0.04948079332672767,24.7295271284319,1320.616444665317,0.4989828153504701,0.4948079332672767,0.0004,0.000964931557322534,0.0005338776825711838,-0.2600754719318736,-1.353328116238117e-09,1.817170414142311e-09,6.984919309616089e-10,7.556455461354972e-15,-3.042011087472929e-14,-2.331468351712829e-14,0,0
772.8,2500,133.5550220866694,1400,285.697042750149,1314711.855532635,0.04989764745790817,24.93382265878706,1454.241359091477,1100,284.2384223214965,1152593.057153614,0.04947872679704143,24.72849233793335,1320.686337004807,0.4989764745790817,0.4947872679704143,0.0004,0.0009654906960384578,0.0005342200883466776,-0.2611102624304209,-1.426087692379951e-09,1.709850039333105e-09,5.093170329928398e-10,7.951972413877684e-15,-2.969846590872294e-14,-2.214894934127187e-14,0,0
775.2,2500,133.6398558305132,1400,285.6986518904473,1314863.12836813,0.04989701162908786,24.93350012275681,1454.39502176515,1100,284.239206863493,1152626.246507459,0.04947665917868898,24.72745703385228,1320.755165934637,0.4989701162908786,0.4947665917868898,0.0004,0.0009660413274770944,0.0005345594233220526,-0.2621455665114922,-1.244188752025366e-09,1.557054929435253e-09,5.384208634495735e-10,9.284240043427872e-15,-3.47499806707674e-14,-2.586819647376615e-14,0,0
777.6,2500,133.7239117094671,1400,285.700241878458,1315012.351394747,0.04989637406443104,24.93317677604885,1454.546869541935,1100,284.2399795497703,1152658.175740591,0.0494745904986734,24.72642122893016,1320.822957832468,0.4989637406443104,0.494745904986734,0.0004,0.000966583662659741,0.0005348956468378683,-0.2631813714336069,-1.251464709639549e-09,1.504304236732423e-09,2.619344741106033e-10,5.204170427930421e-15,-2.797762022055394e-14,-2.314815006343451e-14,0,0
780,2500,133.8071809872008,1400,285.7018128914451,1315159.543608034,0.04989573477997754,24.93285262617362,1454.6969188506,1100,284.240740668744,1152688.875490023,0.04947252078275951,24.72538493532421,1320.889737863399,0.4989573477997754,0.494725207827595,0.0004,0.00096711790290719,0.0005352287239488033,-0.2642176650395562,-1.520675141364336e-09,1.691660145297647e-09,3.92901711165905e-10,6.640521466039218e-15,-3.097522238704187e-14,-2.486899575160351e-14,0,0
782.4,2500,133.8896562535058,1400,285.7033651085001,1315304.724198217,0.04989509379193397,24.93252768071882,1454.845186306502,1100,284.2414904957684,1152718.375007417,0.04947045005554834,24.72434816464258,1320.955530052996,0.4989509379193397,0.4947045005554834,0.0004,0.0009676442404239696,0.0005355586250140232,-0.2652544357211859,-1.331500243395567e-09,1.491571310907602e-09,3.783497959375381e-10,7.258083023486961e-15,-2.925437669887287e-14,-2.248201624865942e-14,0,0
784.8,2500,133.9713313318168,1400,285.7048987102661,1315447.912520893,0.04989445111664897,24.93220194733775,1454.991688685212,1100,284.2422292938936,1152746.702239546,0.04946837834054481,24.7233109279762,1321.020357353395,0.4989445111664896,0.4946837834054481,0.0004,0.0009681628588271632,0.0005358853253272672,-0.2662916723875703,-1.586158759891987e-09,1.6025296645239e-09,2.91038304567337e-11,1.12340692304258e-14,-2.597921877622866e-14,-1.515454428613339e-14,0,0
787.2,2500,134.0522011854343,1400,285.7064138786614,1315589.128067289,0.04989380677058784,24.93187543373758,1455.136442895939,1100,284.2429573146355,1152773.883909822,0.04946630566022609,24.72227323593108,1321.084241710504,0.4989380677058783,0.4946630566022609,0.0004,0.0009686739336840346,0.0005362088047417374,-0.2673293644326939,-1.622538547962904e-09,1.587977749295533e-09,-2.91038304567337e-11,5.703770789011742e-15,-2.864375403532904e-14,-2.325917236589703e-14,0,0
789.6,2500,134.1322618263039,1400,285.7079107966092,1315728.390435385,0.04989316077030821,24.93154814766791,1455.27946595556,1100,284.2436747987248,1152799.945597703,0.04946423203610833,24.72123509865981,1321.147204129256,0.4989316077030821,0.4946423203610832,0.0004,0.0009691776330340507,0.0005365290473052155,-0.2683675017039633,-1.615262590348721e-09,1.633452484384179e-09,1.455191522836685e-11,7.376044219853384e-15,-2.636779683484747e-14,-1.937339177970898e-14,0,0
792,2500,134.2115102477092,1400,285.7093896478445,1315865.71930935,0.04989251313244242,24.93122009691255,1455.420774970063,1100,284.2443819766652,1152824.911797917,0.04946215748879648,24.72019652588499,1321.209264722354,0.4989251313244242,0.4946215748879647,0.0004,0.0009696741177788299,0.0005368460409908366,-0.2694060744787805,-1.156877260655165e-09,1.859007170423865e-09,4.656612873077393e-10,6.911138328291599e-15,-2.814415367424772e-14,-2.153832667772804e-14,0,0
794.4,2500,134.2899443451615,1400,285.7108506166828,1316001.134434935,0.04989186387367655,24.93089128927989,1455.560387112288,1100,284.245079069385,1152848.805989454,0.04946008203804199,24.7191575269266,1321.270442767126,0.4989186387367655,0.4946008203804199,0.0004,0.0009701635421370119,0.0005371597773806461,-0.2704450734371697,-1.513399183750153e-09,1.831722329370677e-09,3.055902197957039e-10,1.039446306805303e-14,-2.670086374223501e-14,-1.665334536937735e-14,0,0
796.8,2500,134.3675628436511,1400,285.7122938878121,1316134.6555969,0.04989121301073141,24.93056173259383,1455.698319601859,1100,284.2457662888399,1152871.650699638,0.04945800570279692,24.71811811072735,1321.330756758208,0.4989121301073141,0.4945800570279691,0.0004,0.0009706460540656626,0.0005374702513746043,-0.2714844896364177,-1.477019395679235e-09,1.664375304244459e-09,-5.820766091346741e-11,1.233041446724314e-14,-2.919886554764162e-14,-1.715294573045867e-14,0,0
799.2,2500,134.4443652408831,1400,285.7137196461314,1316266.302602165,0.04989056056034805,24.93023143468722,1455.834589689645,1100,284.2464438384876,1152893.4675542,0.04945592850125576,24.71707828587256,1321.390224448762,0.4989056056034805,0.4945592850125575,0.0004,0.000971121795590092,0.0005377774609635326,-0.2725243144912071,-1.84809323400259e-09,1.564330887049437e-09,-2.764863893389702e-10,1.30589983271534e-14,-2.875477633779155e-14,-1.598721155460225e-14,0,0
801.6,2500,134.5203517456337,1400,285.715128076578,1316396.095261086,0.04988990653927201,24.92990040339436,1455.969214641063,1100,284.2471119138009,1152914.277331917,0.04945385045090143,24.71603806061178,1321.448862895429,0.4988990653927201,0.4945385045090143,0.0004,0.0009715909031634328,0.0005380814069825346,-0.2735645397519875,-1.746229827404022e-09,1.522494130767882e-09,-2.328306436538696e-10,1.139366379021567e-14,-2.825517597671023e-14,-1.720845688168993e-14,0,0
804,2500,134.5955232186832,1400,285.7165193639615,1316524.053369778,0.04988925096423814,24.92956864654405,1456.10221171996,1100,284.2477707027602,1152934.100016665,0.04945177156854903,24.71499744287943,1321.506688501277,0.4988925096423814,0.4945177156854902,0.0004,0.0009720535080102145,0.0005383820928747328,-0.2746051574843413,-1.680746208876371e-09,1.595253706909716e-09,-8.731149137020111e-11,8.68749516769185e-15,-3.003153281611048e-14,-2.170486013142181e-14,0,0
806.4,2500,134.6698811245467,1400,285.7178936928317,1316650.19669602,0.04988859385195866,24.92923617195397,1456.233598175889,1100,284.248420386262,1152952.954840709,0.04944969187038205,24.71395644031195,1321.563717051342,0.4988859385195866,0.4944969187038205,0.0004,0.0009725097364107387,0.0005386795244981868,-0.2756461600518207,-1.702574081718922e-09,1.282387529499829e-09,-1.891748979687691e-10,9.3119956190435e-15,-2.720046410331634e-14,-1.820765760385257e-14,0,0
808.8,2500,134.7434274836746,1400,285.7192512473478,1316774.544965431,0.04988793521911153,24.92890298742522,1456.363391231451,1100,284.2490611385193,1152970.86032728,0.04944761137198827,24.71291506026467,1321.619963747776,0.4988793521911153,0.4944761137198826,0.0004,0.0009729597099822076,0.0005389737099346985,-0.2766875400991005,-1.484295353293419e-09,1.451553544029593e-09,-1.455191522836685e-11,8.951173136040325e-15,-2.708944180085382e-14,-1.854072451124011e-14,0,0
811.2,2500,134.8161648257521,1400,285.720592211154,1316897.117847868,0.0498872750823286,24.92856910073694,1456.491608070107,1100,284.2496931274596,1152987.834332587,0.04944553008839496,24.71187330982847,1321.675443244355,0.498872750823286,0.4944553008839496,0.0004,0.0009734035459548413,0.0005392646593030086,-0.277729290535305,-1.353328116238117e-09,1.706212060526013e-09,1.164153218269348e-10,9.547918011776346e-15,-2.670086374223501e-14,-1.748601263784622e-14,0,0
813.6,2500,134.8880961470766,1400,285.7219167672652,1317017.934945322,0.0498866134581856,24.92823451964149,1456.618265825124,1100,284.2503165150836,1153003.894084158,0.04944344803410116,24.71083119584494,1321.730169678048,0.498866134581856,0.4944344803410116,0.0004,0.0009738413574243804,0.0005395523845883063,-0.2787714045188281,-1.367880031466484e-09,1.482476363889873e-09,3.492459654808044e-10,5.745404152435185e-15,-2.436939539052219e-14,-1.887379141862766e-14,0,0
816,2500,134.9592248748647,1400,285.7232250979744,1317137.015782253,0.04988595036319377,24.92789925186065,1456.743381570564,1100,284.2509314577742,1153019.056213116,0.04944136522310473,24.70978872491922,1321.784156695699,0.4988595036319377,0.4944136522310473,0.0004,0.0009742732535655922,0.0005398368994994589,-0.2798138754445496,-1.469743438065052e-09,1.546140993013978e-09,2.91038304567337e-10,8.895661984809067e-15,-2.464695114667848e-14,-1.609823385706477e-14,0,0
818.4,2500,135.02955482946,1400,285.7245173847559,1317254.379795006,0.04988528581379079,24.9275633050814,1456.866972311811,1100,284.2515381066187,1153033.336788682,0.04943928166893131,24.70874590343362,1321.837417482351,0.4988528581379079,0.4943928166893131,0.0004,0.0009746993398588092,0.0005401182193178402,-0.2808566969301474,-1.607986632734537e-09,1.469743438065052e-09,-1.455191522836685e-10,7.070732888081466e-15,-2.51465515077598e-14,-1.837419105754634e-14,0,0
820.8,2500,135.0990901879293,1400,285.7257938081721,1317370.046321847,0.04988461982633249,24.927226686952,1456.989054976372,1100,284.2521366077202,1153046.751351191,0.04943719738466217,24.70770273756075,1321.889964788443,0.4988461982633248,0.4943719738466216,0.0004,0.0009751197183075401,0.0005403963607517171,-0.2818998628030229,-1.578882802277803e-09,1.500666257925332e-09,-1.01863406598568e-10,7.147060721024445e-15,-2.331468351712829e-14,-1.643130076445232e-14,0,0
823.2,2500,135.1678354569829,1400,285.7270545478078,1317484.034596133,0.04988395241708683,24.92688940507925,1457.109646407591,1100,284.2527271024379,1153059.314937256,0.04943511238295514,24.70665923327343,1321.941810950608,0.4988395241708683,0.4943511238295513,0.0004,0.0009755344876048675,0.0005406713418279314,-0.2829433670903398,-1.54977897182107e-09,1.558873918838799e-09,-2.473825588822365e-10,1.110223024625157e-14,-2.592370762499741e-14,-1.504352198367087e-14,0,0
825.6,2500,135.2357954421452,1400,285.7282997821949,1317596.363738112,0.04988328360222701,24.92655146702527,1457.228763357116,1100,284.2533097276515,1153071.042108305,0.0494330266760688,24.70561539635608,1321.99296791497,0.4988328360222701,0.4943302667606879,0.0004,0.0009759437433197635,0.0005409431817685809,-0.283987204007687,-1.360604073852301e-09,1.589796738699079e-09,2.328306436538696e-10,9.797718192317006e-15,-2.331468351712829e-14,-1.376676550535194e-14,0,0
828,2500,135.3029752210159,1400,285.7295296887504,1317707.05274828,0.04988261339782583,24.92621288030487,1457.346422478785,1100,284.2538846159998,1153081.946975233,0.04943094027588297,24.70457123241442,1322.043447257769,0.4988261339782583,0.4943094027588297,0.0004,0.0009763475780621501,0.0005412119008840636,-0.285031367949351,-1.433363649994135e-09,1.480657374486327e-09,2.619344741106033e-10,8.000544671205034e-15,-2.703393064962256e-14,-1.931788062847772e-14,0,0
830.4,2500,135.3693801224097,1400,285.7307444437289,1317816.120502522,0.04988194181985153,24.92587365238359,1457.462640324002,1100,284.2544518960653,1153092.043218552,0.04942885319391591,24.70352674688349,1322.093260201593,0.4988194181985153,0.4942885319391591,0.0004,0.0009767460816127403,0.0005414775204896386,-0.2860758534802841,-1.324224285781384e-09,1.575244823470712e-09,2.328306436538696e-10,1.126182480604143e-14,-2.51465515077598e-14,-1.4210854715202e-14,0,0
832.8,2500,135.4350156936525,1400,285.7319442221442,1317923.585743388,0.04988126888416023,24.92553379067427,1457.577433333904,1100,284.2550116926593,1153101.344118268,0.04942676544134914,24.70248194503946,1322.142417640252,0.4988126888416023,0.4942676544134914,0.0004,0.0009771393411220142,0.0005417400627746101,-0.2871206553243084,-1.833541318774223e-09,1.809894456528127e-09,-2.619344741106033e-10,4.760081218080359e-15,-2.625677453238495e-14,-2.181588243388433e-14,0,0
835.2,2500,135.4998876789764,1400,285.7331291977192,1318029.467075094,0.04988059460649189,24.92519330253508,1457.690817834477,1100,284.2555641270131,1153109.862574303,0.04942467702904467,24.70143683200778,1322.190930155501,0.4988059460649189,0.4942467702904467,0.0004,0.0009775274412440048,0.0005419995507159055,-0.2881657683559915,-1.86992110684514e-09,1.47520040627569e-09,-4.220055416226387e-10,5.058453655948369e-15,-2.642330798607873e-14,-2.170486013142181e-14,0,0
837.6,2500,135.5640019911882,1400,285.7342995428196,1318133.782956238,0.04987991900246395,24.92485219526663,1457.802810030006,1100,284.2561093170281,1153117.611132811,0.04942258796756725,24.70039141277354,1322.238808038818,0.4987991900246395,0.4942258796756725,0.0004,0.0009779104643105438,0.0005422560079647528,-0.289211187590233,-1.629814505577087e-09,1.551597961224616e-09,-1.01863406598568e-10,1.145611383535083e-14,-2.353672812205332e-14,-1.232347557333924e-14,0,0
840,2500,135.6273647005612,1400,285.7354554284385,1318236.551698271,0.04987924208756996,24.9245104761113,1457.913426001455,1100,284.2566473773833,1153124.601997794,0.049420498267194,24.69934569218611,1322.286061300894,0.4987924208756996,0.49420498267194,0.0004,0.0009782884904071506,0.0005425094588022448,-0.2902569081776605,-1.615262590348721e-09,1.642547431401908e-09,2.473825588822365e-10,7.570333249162786e-15,-1.94844140821715e-14,-1.221245327087672e-14,0,0
842.4,2500,135.6899820743124,1400,285.7365970243408,1318337.791480743,0.04987856387719272,24.9241681522594,1458.022681719996,1100,284.2571784192427,1153130.847000056,0.04941840793788825,24.69829967494684,1322.332699645684,0.4987856387719272,0.4941840793788825,0.0004,0.0009786615971654681,0.0005427599282972496,-0.2913029254169324,-1.702574081718922e-09,1.620719558559358e-09,-3.346940502524376e-10,1.063038546078587e-14,-2.126077092157175e-14,-1.088018564132653e-14,0,0
844.8,2500,135.7518604471347,1400,285.737724498679,1318437.520310473,0.04987788438656939,24.92382523083288,1458.130593010137,1100,284.2577025513089,1153136.35770878,0.04941631698939346,24.69725336565326,1322.378732563003,0.4987788438656939,0.4941631698939346,0.0004,0.0009790298605040207,0.0005430074417885389,-0.2923492347105068,-1.513399183750153e-09,1.529770088382065e-09,0,1.393329895904571e-14,-2.076117056049043e-14,-7.105427357601002e-15,0,0
847.2,2500,135.8130062920525,1400,285.7388380182327,1318535.756047095,0.0498772036308132,24.9234817188955,1458.237175572581,1100,284.2582198792785,1153141.145373867,0.04941422543118468,24.69620676877625,1322.424169280529,0.4987720363081319,0.4941422543118468,0.0004,0.0009793933542442282,0.0005432520251682099,-0.2933958315875174,-1.57160684466362e-09,1.615262590348721e-09,2.328306436538696e-10,1.053324094613117e-14,-2.597921877622866e-14,-1.576516694967722e-14,0,0
849.6,2500,135.8734261765837,1400,285.7399377482952,1318632.516390726,0.04987652162490299,24.92313762344797,1458.342444972934,1100,284.2587305062133,1153145.220965215,0.04941213327250153,24.6951598886756,1322.46901879635,0.4987652162490299,0.4941213327250153,0.0004,0.0009797521503708013,0.0005434937047063349,-0.2944427116881698,-1.578882802277803e-09,1.200533006340265e-09,-1.891748979687691e-10,9.783840404509192e-15,-2.159383782895929e-14,-1.204591981718295e-14,0,0
852,2500,135.9331267348146,1400,285.7410238526033,1318727.818874905,0.04987583838367725,24.92279295142509,1458.446416635066,1100,284.2592345327831,1153148.595198568,0.04941004052236989,24.69411272961021,1322.513289900251,0.4987583838367725,0.4941004052236989,0.0004,0.0009801063192020119,0.0005437325069392582,-0.2954898707535563,-1.418811734765768e-09,1.035004970617592e-09,-4.074536263942719e-10,4.690692279041286e-15,-2.675637489346627e-14,-2.231548279496565e-14,0,0
854.4,2500,135.9921147248176,1400,285.7420964935361,1318821.680887305,0.04987515392185158,24.92244770970402,1458.549105859786,1100,284.2597320568256,1153151.278488855,0.04940794718956281,24.6930652957197,1322.556991134968,0.4987515392185158,0.4940794718956281,0.0004,0.0009804559290797459,0.0005439684588992704,-0.2965373046440689,-1.768057700246572e-09,1.364242052659392e-09,-4.365574568510056e-10,8.187894806610529e-15,-2.098321516541546e-14,-1.315614284180811e-14,0,0
856.8,2500,136.0503969178146,1400,285.7431558317918,1318914.11963567,0.04987446825398977,24.92210190509072,1458.650527793907,1100,284.2602231742574,1153153.281046628,0.04940585328268146,24.69201759106251,1322.600130876093,0.4987446825398977,0.4940585328268146,0.0004,0.0009808010470087429,0.0005442015876712585,-0.2975850093012617,-1.236912794411182e-09,1.178705133497715e-09,1.600710675120354e-10,5.35682609381638e-15,-2.070565940925917e-14,-1.570965579844597e-14,0,0
859.2,2500,136.1079801545959,1400,285.7442020265805,1319005.152168129,0.04987378139452112,24.92175554432806,1458.750697448408,1100,284.2607079786378,1153154.612832017,0.04940375881011645,24.69096961959773,1322.642717293812,0.4987378139452112,0.4940375881011645,0.0004,0.0009811417383504941,0.0005444319206183836,-0.2986329807660368,-1.375155989080667e-09,1.178705133497715e-09,-2.328306436538696e-10,7.868705687030797e-15,-1.992850329202156e-14,-1.243449787580175e-14,0,0
861.6,2500,136.164871328082,1400,285.7452352355887,1319094.795369518,0.04987309335773714,24.92140863409429,1458.849629694904,1100,284.2611865613294,1153155.283571526,0.0494016637800619,24.68992138519175,1322.684758366822,0.4987309335773714,0.494016637800619,0.0004,0.0009814780669345727,0.0005446594853123278,-0.2996812151720185,-1.258740667253733e-09,1.522494130767882e-09,2.619344741106033e-10,7.549516567451064e-15,-2.137179322403426e-14,-1.409983241273949e-14,0,0
864,2500,136.221077338824,1400,285.7462556148638,1319183.065949109,0.04987240415778123,24.92106118099827,1458.947339254465,1100,284.2616590118763,1153155.30279834,0.04939956820054933,24.6888728916342,1322.726261915641,0.4987240415778122,0.4939956820054932,0.0004,0.0009818100953251287,0.000544884309355296,-0.3007297087295662,-1.440639607608318e-09,1.21144694276154e-09,-2.328306436538696e-10,9.367506770274758e-15,-2.325917236589703e-14,-1.426636586643326e-14,0,0
866.4,2500,136.2766051428284,1400,285.7472633189756,1319269.980457671,0.04987171380866312,24.92071319158612,1459.04384071295,1100,284.2621254176364,1153154.679813331,0.04939747207941501,24.68782414262254,1322.767235570121,0.4987171380866312,0.4939747207941501,0.0004,0.0009821378845609689,0.0005451064205713137,-0.3017784577412321,-1.426087692379951e-09,1.47520040627569e-09,2.473825588822365e-10,5.814793091474257e-15,-2.531308496145357e-14,-1.976196983832779e-14,0,0
868.8,2500,136.3314616908583,1400,285.7482585008537,1319355.555270252,0.04987102232424422,24.92036467233453,1459.139148505152,1100,284.2625858642917,1153153.42373893,0.049395375424345,24.68677514178336,1322.807686814294,0.4987102232424422,0.49395375424345,0.0004,0.0009824614945143494,0.0005453258467634332,-0.3028274585804098,-1.33877620100975e-09,1.293301465921104e-09,-7.275957614183426e-11,6.38378239159465e-15,-2.614575222992244e-14,-2.009503674571533e-14,0,0
871.2,2500,136.3856539449346,1400,285.7492413118527,1319439.806593231,0.04987032971824361,24.9200156296534,1459.23327692107,1100,284.2630404357324,1153151.543507048,0.04939327824286519,24.68572589266764,1322.847622976135,0.4987032971824361,0.4939327824286519,0.0004,0.0009827809838090797,0.0005455426157797383,-0.3038767076961264,-1.629814505577087e-09,1.682565198279917e-09,4.365574568510056e-11,3.524958103184872e-15,-2.797762022055394e-14,-2.475797344914099e-14,0,0
873.6,2500,136.4391888890414,1400,285.7502119018035,1319522.750469503,0.04986963600424241,24.91966606988803,1459.326240110494,1100,284.2634892139876,1153149.047851843,0.04939118054233512,24.68467639874788,1322.887051221453,0.4986963600424241,0.4939118054233512,0.0004,0.0009830964097716241,0.0005457567555561654,-0.3049262016158885,-1.382431946694851e-09,1.695298124104738e-09,2.91038304567337e-10,6.661338147750939e-15,-2.231548279496565e-14,-1.598721155460225e-14,0,0
876,2500,136.492073479988,1400,285.7511704188847,1319604.402765084,0.04986894119567235,24.91931599931374,1459.418052070742,1100,284.2639322796458,1153145.945353867,0.0493890823299851,24.68362666343555,1322.925978590754,0.4986894119567234,0.493890823299851,0.0004,0.0009834078287260344,0.0005459682939199519,-0.305975936928224,-1.498847268521786e-09,1.567968865856528e-09,-1.746229827404022e-10,7.53563877964325e-15,-2.170486013142181e-14,-1.448841047135829e-14,0,0
878.4,2500,136.5443146842397,1400,285.7521170097482,1319684.779182281,0.04986824530582699,24.91896542414107,1459.508726658354,1100,284.2643697115699,1153142.244410411,0.04938698361289135,24.68257669006938,1322.964411974114,0.4986824530582699,0.4938698361289135,0.0004,0.0009837152957929156,0.0005461772587369587,-0.3070259102943957,-1.658918336033821e-09,1.400621840730309e-09,-2.91038304567337e-10,3.316791286067655e-15,-2.459143999544722e-14,-2.164934898019055e-14,0,0
880.8,2500,136.5959194515021,1400,285.7530518194591,1319763.895253527,0.04986754834785649,24.91861435051343,1459.598277583354,1100,284.2648015871316,1153137.953259864,0.04938488439799631,24.68152648192501,1323.002358131852,0.4986754834785649,0.4938488439799631,0.0004,0.0009840188650548133,0.0005463836778060086,-0.308076118438759,-1.287844497710466e-09,1.749867806211114e-09,4.365574568510056e-10,6.591949208711867e-15,-2.858824288409778e-14,-2.225997164373439e-14,0,0
883.2,2500,136.6468947046826,1400,285.7539749914853,1319841.766339925,0.04986685033476623,24.9182627845064,1459.686718408001,1100,284.2652279823131,1153133.079992845,0.04938278469211826,24.68047604221943,1323.039823703318,0.4986685033476623,0.4938278469211825,0.0004,0.0009843185896265458,0.0005465875788187304,-0.3091265581443423,-1.491571310907602e-09,1.75168679561466e-09,4.802132025361061e-10,6.38378239159465e-15,-2.103872631664672e-14,-1.498801083243961e-14,0,0
885.6,2500,136.6972473627914,1400,285.7548866677773,1319918.407640105,0.04986615127942452,24.91791073213133,1459.774062554394,1100,284.2656489715325,1153127.632533528,0.0493806845019353,24.67942537410348,1323.076815191602,0.4986615127942451,0.493806845019353,0.0004,0.0009846145215328197,0.0005467889894511654,-0.3101772262602864,-1.411535777151585e-09,1.584339770488441e-09,1.455191522836685e-10,4.829470157119431e-15,-2.09277040141842e-14,-1.63202784619898e-14,0,0
888,2500,136.7469843013193,1400,285.7557869886747,1319993.834180058,0.0498654511945537,24.91755819933129,1459.860323295289,1100,284.2660646279917,1153121.618676533,0.04937858383401655,24.6783744806766,1323.11333899397,0.498654511945537,0.4937858383401654,0.0004,0.0009849067119517604,0.0005469879372052773,-0.3112281196871756,-1.244188752025366e-09,1.640728441998363e-09,5.966285243630409e-10,4.121702978920894e-15,-2.708944180085382e-14,-2.331468351712829e-14,0,0
890.4,2500,136.7961123742834,1400,285.7566760929828,1320068.06082142,0.04986475009273747,24.91720519198431,1459.945513761432,1100,284.2664750235084,1153115.046069233,0.04937648269480735,24.67732336497972,1323.149401387149,0.4986475009273747,0.4937648269480735,0.0004,0.0009851952110971906,0.0005471844494971338,-0.3122792353840538,-1.586158759891987e-09,1.866283128038049e-09,1.455191522836685e-11,5.48172618408671e-15,-2.770006446439766e-14,-2.253752739989068e-14,0,0
892.8,2500,136.8446384065862,1400,285.7575541179685,1320141.10226099,0.04986404798642004,24.91685171590325,1460.02964694094,1100,284.266880228597,1153107.922220155,0.04937438109063604,24.67627202999865,1323.185008534354,0.4986404798642003,0.4937438109063604,0.0004,0.00098548006827483,0.0005473785536263449,-0.313330570365121,-1.637090463191271e-09,1.913576852530241e-09,2.473825588822365e-10,4.898859096158503e-15,-2.503552920529728e-14,-2.048361480433414e-14,0,0
895.2,2500,136.892569176641,1400,285.7584211993293,1320212.973027387,0.04986334488790373,24.91649777683442,1460.112735676222,1100,284.267280312631,1153100.254516354,0.04937227902772889,24.67522047867093,1323.220166499581,0.4986334488790373,0.4937227902772888,0.0004,0.0009857613319966512,0.0005475702767065641,-0.3143821216928409,-1.447915565222502e-09,1.959051587618887e-09,7.130438461899757e-10,4.454769886308441e-15,-2.747801985947262e-14,-2.348121697082206e-14,0,0
897.6,2500,136.9399114374655,1400,285.759277471264,1320283.687488731,0.04986264080935519,24.91614338046068,1460.194792670689,1100,284.2676753436804,1153092.050206172,0.04937017651219534,24.67416871387903,1323.254881233223,0.4986264080935519,0.4937017651219534,0.0004,0.000986039049865787,0.0005477596457498621,-0.3154338864847439,-1.469743438065052e-09,1.797161530703306e-09,3.055902197957039e-10,7.438494264988549e-15,-2.575717417130363e-14,-1.865174681370263e-14,0,0
900,2500,136.9866718903272,1400,285.7601230664212,1320353.259846927,0.04986193576280061,24.91578853239911,1460.27583048363,1100,284.2680653887533,1153083.316424755,0.04936807355004964,24.67311673846042,1323.289158593303,0.4986193576280061,0.4936807355004964,0.0004,0.0009863132687464239,0.0005479466875613089,-0.3164858619033524,-1.520675141364336e-09,1.697117113508284e-09,1.309672370553017e-10,9.381384558082573e-15,-2.642330798607873e-14,-1.748601263784622e-14,0,0
902.4,2500,137.0328571954731,1400,285.7609581159403,1320421.70414235,0.04986122976012967,24.9154332382029,1460.355861534133,1100,284.2684505137186,1153074.060185927,0.04936597014720386,24.6720645552044,1323.32300433866,0.4986122976012967,0.4936597014720385,0.0004,0.0009865840347092817,0.0005481314287818922,-0.3175380451593703,-1.840817276388407e-09,1.575244823470712e-09,-3.055902197957039e-10,1.984523656517467e-15,-2.536859611268483e-14,-2.364775042451583e-14,0,0
904.8,2500,137.078473973753,1400,285.7617827494729,1320489.034255876,0.04986052281309733,24.91507750336219,1460.434898102894,1100,284.2688307833088,1153064.288382456,0.04936386630946827,24.67101216685218,1323.356424129141,0.4986052281309733,0.4936386630946827,0.0004,0.0009868513930331281,0.0005483138958950121,-0.318590433511595,-1.535227056592703e-09,1.886292011477053e-09,3.055902197957039e-10,7.480127628411992e-15,-2.442490654175344e-14,-1.73749903353837e-14,0,0
907.2,2500,137.1235287894526,1400,285.7625970951532,1320555.263905893,0.04985981493332112,24.91472133330279,1460.512952329365,1100,284.269206261283,1153054.00780344,0.04936176204256574,24.66995957610375,1323.389423539913,0.4985981493332112,0.4936176204256574,0.0004,0.0009871153883193001,0.0005484941151578104,-0.3196430242600208,-1.331500243395567e-09,1.557054929435253e-09,1.891748979687691e-10,4.454769886308441e-15,-2.808864252301646e-14,-2.398081733190338e-14,0,0
909.6,2500,137.168028165129,1400,285.7634012796522,1320620.406653844,0.049859106132286,24.91436473338846,1460.59003621676,1100,284.2695770103148,1153043.225122369,0.04935965735212197,24.66890678561322,1323.422008051631,0.49859106132286,0.4935965735212197,0.0004,0.000987376064413047,0.0005486721126605162,-0.3206958147505539,-1.375155989080667e-09,1.860826159827411e-09,2.037268131971359e-10,2.400857290751901e-15,-2.559064071760986e-14,-2.353672812205332e-14,0,0
912,2500,137.2119785699256,1400,285.7641954281606,1320684.475902868,0.04985839642134311,24.91400770892034,1460.666161630445,1100,284.2699430921086,1153031.946909308,0.0493575522436756,24.66785379799355,1323.454183060519,0.4985839642134311,0.493575522436756,0.0004,0.0009876334644841518,0.0005488479142797023,-0.3217488023702195,-1.724401954561472e-09,2.233718987554312e-09,2.473825588822365e-10,4.496403249731884e-15,-2.964295475749168e-14,-2.547961841514734e-14,0,0
914.4,2500,137.2553864186909,1400,285.7649796644051,1320747.484899074,0.04985768581171077,24.91365026513746,1460.741340299256,1100,284.2703045674234,1153020.179633697,0.04935544672268044,24.66680061581777,1323.485953880565,0.4985768581171077,0.4935544672268044,0.0004,0.0009878876310445211,0.0005490215456747637,-0.3228019845459968,-1.258740667253733e-09,1.749867806211114e-09,4.511093720793724e-10,-3.747002708109903e-16,-2.070565940925917e-14,-2.137179322403426e-14,0,0
916.8,2500,137.2982580797329,1400,285.7657541106792,1320809.446735077,0.04985697431447769,24.91329240721814,1460.815583818421,1100,284.2706614960189,1153007.929658489,0.04935334079450072,24.66574724161655,1323.517325738688,0.4985697431447769,0.4935334079450072,0.0004,0.0009881386059095074,0.0005491930323189317,-0.3238553587472204,-1.59343471750617e-09,1.857188181020319e-09,4.802132025361061e-10,2.955968803064479e-15,-2.65898414397725e-14,-2.386979502944087e-14,0,0
919.2,2500,137.3405998602532,1400,285.7665188878254,1320870.374348034,0.04985626194060102,24.91293414027917,1460.888903647774,1100,284.2710139368012,1152995.203255565,0.04935123446442406,24.6646936778844,1323.548303787521,0.4985626194060102,0.4935123446442406,0.0004,0.0009883864303001663,0.0005493623994410127,-0.32490892247937,-1.491571310907602e-09,1.891748979687691e-09,3.637978807091713e-10,3.816391647148976e-15,-2.264854970235319e-14,-1.915134717478395e-14,0,0
921.6,2500,137.3824180158142,1400,285.76727411527,1320930.280523435,0.0498555487009097,24.9125754693774,1460.961311114937,1100,284.271361947751,1152982.006598276,0.04934912773765499,24.66363992707665,1323.578893099123,0.498555487009097,0.4934912773765499,0.0004,0.0009886311447929856,0.0005495296720632568,-0.325962673287119,-1.404259819537401e-09,1.778971636667848e-09,5.675246939063072e-10,3.913536161803677e-15,-2.564615186884112e-14,-2.203792703880936e-14,0,0
924,2500,137.4237187469253,1400,285.7680199110312,1320989.177895835,0.04985483460610512,24.91221639950993,1461.032817416019,1100,284.2717055859711,1152968.345766361,0.04934702061931937,24.66258599161146,1323.609098669093,0.4985483460610511,0.4934702061931937,0.0004,0.0009888727893527466,0.000549694874987701,-0.327016608752313,-1.222360879182816e-09,1.828084350563586e-09,5.529727786779404e-10,3.649858193455202e-15,-2.114974861910923e-14,-1.781907954523376e-14,0,0
926.4,2500,137.464508193611,1400,285.7687563917211,1321047.078949215,0.04985411966676129,24.91185693561434,1461.103433615796,1100,284.2720449077503,1152954.226752748,0.0493449131144698,24.66153187387244,1323.638925422185,0.4985411966676129,0.493449131144698,0.0004,0.0009891114033774792,0.0005498580327744439,-0.3280707264913296,-1.207808963954449e-09,2.115484676323831e-09,1.091393642127514e-09,3.927413949611491e-15,-2.153832667772804e-14,-1.793010184769628e-14,0,0
928.8,2500,137.5047924438713,1400,285.7694836725763,1321103.99602024,0.04985340389332769,24.91149708256991,1461.173170650433,1100,284.2723799684991,1152939.655456692,0.04934280522808013,24.66047757620602,1323.668378206562,0.4985340389332769,0.4934280522808013,0.0004,0.0009893470256524942,0.0005500191697754853,-0.3291250241577544,-1.091393642127514e-09,2.264641807414591e-09,9.022187441587448e-10,4.746203430272544e-15,-2.248201624865942e-14,-1.804112415015879e-14,0,0
931.2,2500,137.5445775233068,1400,285.7702018674534,1321159.941297684,0.04985268729612871,24.91113684519743,1461.242039327072,1100,284.2727108228614,1152924.637695846,0.04934069696505549,24.65942310092616,1323.697461803765,0.4985268729612871,0.4934069696505549,0.0004,0.0009895796944301199,0.000550178310093227,-0.3301794994376124,-1.156877260655165e-09,1.911757863126695e-09,4.802132025361061e-10,-1.373900992973631e-15,-1.904032487232143e-14,-2.081668171172169e-14,0,0
933.6,2500,137.5838694007241,1400,285.7709110888524,1321214.926825037,0.0498519698853659,24.91077622826023,1461.310050325926,1100,284.2730375246765,1152909.179201963,0.04933858833022858,24.65836845031268,1323.726180925202,0.498519698853659,0.4933858833022858,0.0004,0.0009898094474016144,0.0005503354776028964,-0.3312341500510882,-1.105945557355881e-09,1.695298124104738e-09,5.384208634495735e-10,-6.938893903907228e-17,-2.453592884421596e-14,-2.492450690283476e-14,0,0
936,2500,137.6226739882916,1400,285.7716114479311,1321268.964501951,0.04985125167111911,24.91041523646473,1461.377214201579,1100,284.2733601269917,1152893.285622399,0.04933647932836112,24.65731362661188,1323.754540213287,0.4985125167111911,0.4933647932836112,0.0004,0.0009900363217062987,0.0005504906959531663,-0.3322889737518864,-1.098669599741697e-09,1.855369191616774e-09,7.130438461899757e-10,-3.608224830031759e-16,-2.592370762499741e-14,-2.664535259100376e-14,0,0
938.4,2500,137.6609971360006,1400,285.77230305451,1321322.066084797,0.04985053266334707,24.91005387446068,1461.443541383392,1100,284.2736786821304,1152876.962527291,0.04933436996414976,24.65625863203935,1323.782544247391,0.4985053266334707,0.4933436996414975,0.0004,0.0009902603539791307,0.0005506439885440023,-0.3333439683244244,-1.127773430198431e-09,2.024535206146538e-09,1.076841726899147e-09,-1.568190022283034e-15,-2.459143999544722e-14,-2.653433028854124e-14,0,0
940.8,2500,137.6988446375994,1400,285.7729860170932,1321374.24318908,0.04984981287188937,24.90969214684213,1461.509042177487,1100,284.2739932416465,1152860.215404745,0.04933226024222202,24.65520346877804,1323.810197539888,0.4984981287188937,0.4933226024222202,0.0004,0.0009904815803191032,0.0005507953785503978,-0.3343991315857302,-1.113221514970064e-09,2.015440259128809e-09,1.091393642127514e-09,3.524958103184872e-15,-2.559064071760986e-14,-2.23709939461969e-14,0,0
943.2,2500,137.7362222261827,1400,285.7736604428787,1321425.507290239,0.04984909230646703,24.90933005814768,1461.573726767502,1100,284.2743038563847,1152843.049667189,0.04933015016714177,24.65414813898086,1323.83750454132,0.4984909230646703,0.4933015016714177,0.0004,0.0009907000363305579,0.0005509448889047307,-0.3354544613829091,-1.375155989080667e-09,1.977241481654346e-09,5.384208634495735e-10,-3.608224830031759e-16,-2.570166302007237e-14,-2.631228568361621e-14,0,0
945.6,2500,137.7731355750636,1400,285.7743264377713,1321475.869725219,0.04984837097668405,24.9089676128612,1461.637605215924,1100,284.274610576485,1152825.470651918,0.0493280397434095,24.65309264477083,1323.864469640861,0.4984837097668405,0.493280397434095,0.0004,0.0009909157571268861,0.0005510925423002545,-0.3365099555929447,-8.585629984736443e-10,1.808075467124581e-09,9.022187441587448e-10,2.997602166487923e-15,-2.886579864025407e-14,-2.620126338115369e-14,0,0
948,2500,137.8095903003602,1400,285.7749841063985,1321525.341694212,0.04984764889202864,24.90860481541243,1461.70068746549,1100,284.2749134513694,1152807.483619619,0.04932592897546124,24.65203698824052,1323.89109716513,0.4984764889202864,0.4932592897546124,0.0004,0.0009911287773210387,0.0005512383612014409,-0.3375656121232531,-1.076841726899147e-09,1.966327545233071e-09,5.966285243630409e-10,3.136380044566067e-15,-1.915134717478395e-14,-1.63202784619898e-14,0,0
950.4,2500,137.8455919564383,1400,285.7756335521214,1321573.934261628,0.04984692606187421,24.90824167017742,1461.762983340031,1100,284.2752125298034,1152789.093761091,0.04932381786767409,24.65098117145468,1323.917391383592,0.4984692606187421,0.4932381786767409,0.0004,0.0009913391310687385,0.0005513823678257531,-0.3386214289090894,-1.280568540096283e-09,1.59343471750617e-09,5.093170329928398e-10,-3.747002708109903e-16,-2.964295475749168e-14,-3.030908857226677e-14,0,0
952.8,2500,137.8811460397728,1400,285.7762748770489,1321621.65835787,0.04984620249548079,24.90787818147921,1461.824502545986,1100,284.2755078598709,1152770.306194202,0.04932170642436386,24.64992519644914,1323.943356506213,0.4984620249548078,0.4932170642436385,0.0004,0.0009915468520497034,0.0005515245841590913,-0.3396774039146351,-1.193257048726082e-09,2.08092387765646e-09,8.440110832452774e-10,3.178013407989511e-15,-2.614575222992244e-14,-2.325917236589703e-14,0,0
955.2,2500,137.9162579878528,1400,285.7769081820522,1321668.524780679,0.04984547820199619,24.90751435358836,1461.885254673551,1100,284.2757994889974,1152751.125966831,0.04931959464978718,24.64886906523182,1323.968996685698,0.4984547820199619,0.4931959464978717,0.0004,0.0009917519734855868,0.000551665031951411,-0.3407335351319496,-1.477019395679235e-09,1.980879460461438e-09,4.365574568510056e-10,3.552713678800501e-15,-2.486899575160351e-14,-2.159383782895929e-14,0,0
957.6,2500,137.9509331779448,1400,285.7775335667775,1321714.544196519,0.04984475319045713,24.9071501907235,1461.945249197844,1100,284.2760874639799,1152731.558059647,0.04931748254814421,24.64781277978398,1323.994316019899,0.4984475319045713,0.4931748254814421,0.0004,0.0009919545281591908,0.0005518037327117791,-0.3417898205797947,-1.440639607608318e-09,2.073647920042276e-09,5.966285243630409e-10,2.17881268582687e-15,-1.898481372109018e-14,-1.715294573045867e-14,0,0
960,2500,137.9851769303739,1400,285.7781511296574,1321759.727142031,0.04984402746979045,24.90678569705193,1462.004495480127,1100,284.2763718309621,1152711.607383694,0.0493153701235764,24.64675634205914,1324.019318549753,0.4984402746979045,0.493153701235764,0.0004,0.0009921545483980243,0.0005519407077214955,-0.3428462583046326,-1.098669599741697e-09,2.066371962428093e-09,9.313225746154785e-10,2.747801985947262e-15,-2.203792703880936e-14,-1.959543638463401e-14,0,0
962.4,2500,138.0189945051632,1400,285.7787609679282,1321804.084025516,0.04984330104881446,24.90642087669017,1462.063002769059,1100,284.2766526354877,1152691.278785983,0.04931325738017125,24.6456997539854,1324.044008263895,0.4984330104881446,0.4931325738017125,0.0004,0.0009923520661111634,0.0005520759780206526,-0.3439028463783664,-1.200533006340265e-09,1.838998286984861e-09,5.820766091346741e-10,-1.387778780781446e-16,-2.403632848313464e-14,-2.459143999544722e-14,0,0
964.8,2500,138.0523911050198,1400,285.7793631776389,1321847.625128222,0.04984257393624002,24.90605573370448,1462.120780201868,1100,284.2769299224792,1152670.577047364,0.04931114432196064,24.64464301746455,1324.068389096849,0.4984257393624001,0.4931114432196064,0.0004,0.0009925471127747896,0.0005522095644200789,-0.344959582899218,-1.200533006340265e-09,2.026354195550084e-09,1.004082150757313e-09,4.232725281383409e-15,-2.681188604469753e-14,-2.287059430727822e-14,0,0
967.2,2500,138.08537187552,1400,285.7799578536648,1321890.360605694,0.04984184614067148,24.9056902721114,1462.177836805339,1100,284.2772037362486,1152649.506883419,0.04930903095292123,24.64358613437242,1324.092464929819,0.4984184614067148,0.4930903095292123,0.0004,0.0009927397194385503,0.0005523414875020799,-0.3460164659913545,-1.2732925824821e-09,1.9754224922508e-09,4.220055416226387e-10,6.231126725708691e-15,-2.631228568361621e-14,-2.037259250187162e-14,0,0
969.6,2500,138.1179419034279,1400,285.7805450897257,1321932.300489476,0.04984111767060836,24.90532449587843,1462.234181497529,1100,284.2774741205344,1152628.07294869,0.04930691727697845,24.64252910656055,1324.116239594101,0.4984111767060835,0.4930691727697845,0.0004,0.0009929299167528115,0.0005524717676137115,-0.3470734938032223,-1.309672370553017e-09,1.780790626071393e-09,4.220055416226387e-10,2.42861286636753e-15,-2.298161660974074e-14,-2.098321516541546e-14,0,0
972,2500,138.1501062181576,1400,285.7811249783919,1321973.454688319,0.04984038853444622,24.9049584089245,1462.289823088465,1100,284.2777411184946,1152606.279835602,0.04930480329800527,24.64147193585579,1324.139716870307,0.4984038853444621,0.4930480329800527,0.0004,0.0009931177349624559,0.0005526004248726303,-0.3481306645079769,-1.280568540096283e-09,1.955413608811796e-09,6.548361852765083e-10,1.720845688168993e-15,-2.55351295663786e-14,-2.40918396343659e-14,0,0
974.4,2500,138.1818697921383,1400,285.7816976111041,1322013.832989651,0.04983965874047799,24.90459201512054,1462.34477028173,1100,284.2780047727192,1152584.132076217,0.0493026890198239,24.64041462406101,1324.162900489592,0.4983965874047799,0.4930268901982389,0.0004,0.0009933032039167373,0.0005527274791685531,-0.3491879763027583,-1.055013854056597e-09,2.122760633938015e-09,1.033185981214046e-09,-2.345346139520643e-15,-2.231548279496565e-14,-2.498001805406602e-14,0,0
976.8,2500,138.2132375406434,1400,285.7822630781803,1322053.445060884,0.04983892829689505,24.90422531829002,1462.399031675365,1100,284.2782651252443,1152561.634143356,0.04930057444620648,24.63935717295548,1324.185794134721,0.4983892829689505,0.4930057444620648,0.0004,0.0009934863530777693,0.0005528529501625735,-0.3502454274082858,-1.447915565222502e-09,2.171873347833753e-09,9.313225746154785e-10,3.191891195797325e-16,-2.242650509742816e-14,-2.242650509742816e-14,0,0
979.2,2500,138.244214321955,1400,285.782821468831,1322092.300450662,0.04983819721178818,24.90385832220943,1462.452615762972,1100,284.2785222175614,1152538.790451673,0.04929845958087629,24.63829958429537,1324.208401441017,0.4983819721178818,0.4929845958087629,0.0004,0.0009936672115281361,0.0005529768572878201,-0.3513030160684032,-1.055013854056597e-09,2.122760633938015e-09,1.01863406598568e-09,4.399258735077183e-15,-2.547961841514734e-14,-2.142730437526552e-14,0,0
981.6,2500,138.2748049381173,1400,285.7833728711761,1322130.408590894,0.04983746549314944,24.90349103060909,1462.505530935522,1100,284.2787760906295,1152515.605359289,0.04929634442750889,24.63724185981434,1324.230725997405,0.4983746549314944,0.4929634442750889,0.0004,0.0009938458079792381,0.0005530992197524692,-0.3523607405494289,-1.01863406598568e-09,2.190063241869211e-09,9.022187441587448e-10,5.10702591327572e-15,-2.281508315604697e-14,-1.815214645262131e-14,0,0
984,2500,138.3050141346228,1400,285.7839173722547,1322167.778797639,0.04983673314887278,24.90312344717347,1462.557785482122,1100,284.2790267848893,1152492.083168606,0.04929422898973293,24.63618400122391,1324.252771347499,0.4983673314887277,0.4929422898973293,0.0004,0.0009940221707799956,0.000553220056538491,-0.3534185991398573,-1.171429175883532e-09,1.718944986350834e-09,2.764863893389702e-10,2.983724378680108e-15,-2.231548279496565e-14,-1.976196983832779e-14,0,0
986.4,2500,138.3348466010382,1400,285.7844550580384,1322204.420272661,0.04983600018675548,24.90275557554187,1462.609387591256,1100,284.2792743402682,1152468.228127612,0.0492921132711311,24.63512601021395,1324.274540990218,0.4983600018675548,0.492921132711311,0.0004,0.0009941963279217452,0.0005533393864041527,-0.3544765901498224,-1.047737896442413e-09,2.139131538569927e-09,1.047737896442413e-09,5.537237335317968e-15,-2.636779683484747e-14,-2.114974861910923e-14,0,0
988.8,2500,138.3643069807988,1400,285.7849860134235,1322240.342102537,0.04983526661449725,24.902387419308,1462.66034535008,1100,284.2795187960623,1152444.044416845,0.04928999727522937,24.63406788844752,1324.296038369281,0.4983526661449725,0.4928999727522937,0.0004,0.0009943683069542457,0.0005534572279231952,-0.3555347119162491,-1.222360879182816e-09,2.297383616678417e-09,1.033185981214046e-09,3.413935800722356e-15,-2.120525977034049e-14,-1.815214645262131e-14,0,0
991.2,2500,138.3933998597513,1400,285.7855103222697,1322275.55326283,0.04983453243970392,24.90201898202168,1462.710666747887,1100,284.2797601911055,1152419.536167635,0.04928788100551217,24.6330096375681,1324.317266888135,0.4983453243970392,0.4928788100551217,0.0004,0.0009945381351050817,0.0005535735994390052,-0.3565929627956734,-1.193257048726082e-09,1.942680682986975e-09,4.802132025361061e-10,3.538835890992686e-15,-2.586819647376615e-14,-2.264854970235319e-14,0,0
993.6,2500,138.4221297639979,1400,285.78602806742,1322310.062620119,0.04983379766988895,24.90165026718961,1462.760359678245,1100,284.2799985638188,1152394.707467096,0.0492857644654267,24.63195125920157,1324.338229914247,0.4983379766988895,0.492857644654267,0.0004,0.000994705839313974,0.0005536885190559914,-0.357651341162196,-1.251464709639549e-09,1.984517439268529e-09,4.802132025361061e-10,1.332267629550188e-15,-2.686739719592879e-14,-2.592370762499741e-14,0,0
996,2500,138.450501169295,1400,285.7865393306911,1322343.878931154,0.04983306231247296,24.90128127827505,1462.809431937738,1100,284.2802339520893,1152369.5623454,0.04928364765837213,24.6308927549512,1324.358930768443,0.4983306231247296,0.4928364765837213,0.0004,0.000994871446147541,0.0005538020046771798,-0.358709845412573,-1.251464709639549e-09,1.809894456528127e-09,7.566995918750763e-10,1.484923295436147e-15,-2.609024107869118e-14,-2.498001805406602e-14,0,0
998.4,2500,138.4785184990774,1400,285.7870441928909,1322377.010844577,0.04983232637478496,24.90091201869852,1462.857891227856,1100,284.2804663933139,1152344.104780522,0.04928153058770367,24.62983412639945,1324.379372728778,0.4983232637478496,0.4928153058770367,0.0004,0.0009950349818302255,0.0005539140739963095,-0.3597684739643228,-1.091393642127514e-09,1.973603502847254e-09,1.06228981167078e-09,4.760081218080359e-15,-2.675637489346627e-14,-2.225997164373439e-14,0,0
1000.8,2500,138.506186129584,1400,285.787542733793,1322409.466898281,0.04983158986406024,24.90054249183669,1462.905745152324,1100,284.2806959243109,1152318.338688801,0.04927941325672459,24.62877537510431,1324.39955902274,0.4983158986406024,0.4927941325672459,0.0004,0.0009951964721819221,0.0005540247445183358,-0.3608272252594595,-1.135049387812614e-09,2.120941644534469e-09,9.458744898438454e-10,6.63358257213531e-15,-2.620126338115369e-14,-1.98729921407903e-14,0,0
1003.2,2500,138.5335083782809,1400,285.7880350322405,1322441.255530447,0.04983085278744969,24.90017270102683,1462.953001227173,1100,284.2809225815666,1152292.267950908,0.04927729566870803,24.62771650260957,1324.419492848892,0.4983085278744969,0.4927729566870803,0.0004,0.0009953559427911386,0.0005541340335131236,-0.3618860977542049,-1.382431946694851e-09,2.004526322707534e-09,8.149072527885437e-10,5.467848396278896e-15,-2.575717417130363e-14,-2.059463710679665e-14,0,0
1005.6,2500,138.560489513686,1400,285.7885211660872,1322472.385073331,0.0498301151520145,24.89980264956429,1462.999666874884,1100,284.2811464010567,1152265.896393175,0.04927517782688141,24.62665751043739,1324.439177361198,0.498301151520145,0.4927517782688141,0.0004,0.0009955134188895862,0.0005542419580547438,-0.3629450899263844,-1.258740667253733e-09,1.924490788951516e-09,6.111804395914078e-10,6.855627177060342e-15,-2.364775042451583e-14,-1.709743457922741e-14,0,0
1008,2500,138.5871337534822,1400,285.7890012122292,1322502.863756576,0.04982937696472899,24.89943234070386,1463.045749427532,1100,284.2813674183031,1152239.227793569,0.04927305973443132,24.6255984000907,1324.45861567405,0.4982937696472899,0.4927305973443131,0.0004,0.0009956689253924015,0.000554348535013929,-0.3640042002730688,-1.29512045532465e-09,1.82626536116004e-09,4.802132025361061e-10,6.078471059822732e-15,-2.564615186884112e-14,-1.992850329202156e-14,0,0
1010.4,2500,138.6134452658025,1400,285.7894752465862,1322532.699705203,0.04982863823247898,24.89906177765892,1463.091256124876,1100,284.281585668339,1152212.265877861,0.04927094139450038,24.62453917305169,1324.477810859074,0.4982863823247897,0.4927094139450038,0.0004,0.0009958224868725882,0.00055445378106321,-0.3650634273120765,-1.29512045532465e-09,2.05909600481391e-09,7.421476766467094e-10,5.925815393936773e-15,-2.831068712794149e-14,-2.259303855112194e-14,0,0
1012.8,2500,138.6394281686707,1400,285.7899433441445,1322561.900944469,0.04982789896206565,24.89869096360341,1463.136194118514,1100,284.2818011857611,1152185.01432542,0.04926882281019211,24.62347983078409,1324.496765949844,0.4982789896206565,0.4926882281019211,0.0004,0.000995974127598749,0.0005545577126746829,-0.3661227695796825,-1.29512045532465e-09,2.097294782288373e-09,7.712515071034431e-10,4.926614671774132e-15,-2.742250870824137e-14,-2.281508315604697e-14,0,0
1015.2,2500,138.6650865299575,1400,285.7904055789932,1322590.475403261,0.04982715916020875,24.89831990167313,1463.180570475168,1100,284.2820140047691,1152157.476772956,0.04926670398457406,24.62242037473463,1324.515483945211,0.4982715916020875,0.4926670398457406,0.0004,0.0009961238715616872,0.0005546603461198301,-0.3671822256291435,-1.513399183750153e-09,2.051820047199726e-09,2.619344741106033e-10,4.871103520542874e-15,-2.881028748902281e-14,-2.420286193682841e-14,0,0
1017.6,2500,138.6904243690938,1400,285.7908620242939,1322618.430911259,0.049826418833544,24.89794859496468,1463.224392173938,1100,284.2822241591132,1152129.656809529,0.04926458492067357,24.62136080633111,1324.533967804845,0.49826418833544,0.4926458492067357,0.0004,0.0009962717424387574,0.000554761697476375,-0.3682417940326559,-1.178705133497715e-09,1.909938873723149e-09,4.656612873077393e-10,7.133182933216631e-15,-2.642330798607873e-14,-1.970645868709653e-14,0,0
1020,2500,138.7154456570395,1400,285.7913127523036,1322645.775201245,0.04982567798862499,24.89757704653628,1463.267666108367,1100,284.2824316821202,1152101.557978836,0.04926246562147982,24.6203011269833,1324.552220451328,0.4982567798862499,0.4926246562147982,0.0004,0.0009964177636106214,0.0005548617826281579,-0.3693014733804674,-1.105945557355881e-09,2.099113771691918e-09,9.458744898438454e-10,2.414735078559715e-15,-2.076117056049043e-14,-1.870725796493389e-14,0,0
1022.4,2500,138.7401543174951,1400,285.7917578343317,1322672.515904572,0.04982493663191952,24.89720525940609,1463.310399082244,1100,284.2826366066298,1152073.183772851,0.04926034608993831,24.61924133808036,1324.570244764749,0.4982493663191952,0.4926034608993831,0.0004,0.0009965619581179944,0.0005549606172699805,-0.3703612622834065,-1.135049387812614e-09,1.877197064459324e-09,6.83940015733242e-10,3.344546861683284e-15,-2.664535259100376e-14,-2.353672812205332e-14,0,0
1024.8,2500,138.7645542258776,1400,285.7921973408774,1322698.660565617,0.04982419476982172,24.89683323655781,1463.352597822774,1100,284.2828389651581,1152044.53764879,0.04925822632896528,24.61818144099767,1324.588043596896,0.4982419476982171,0.4925822632896528,0.0004,0.0009967043487751706,0.0005550582169035105,-0.3714211593661005,-1.193257048726082e-09,2.111846697516739e-09,8.731149137020111e-10,1.304512053934559e-15,-2.325917236589703e-14,-2.220446049250313e-14,0,0
1027.2,2500,138.7886492109178,1400,285.7926313415429,1322724.216632932,0.04982345240864457,24.89646098093731,1463.394268972381,1100,284.2830387897849,1152015.62301745,0.04925610634143784,24.6171214370921,1324.605619761463,0.4982345240864456,0.4925610634143783,0.0004,0.0009968449580917058,0.0005551545968436713,-0.3724811632716722,-1.33877620100975e-09,1.995431375689805e-09,3.783497959375381e-10,6.036837696399289e-15,-2.320366121466577e-14,-1.754152378907747e-14,0,0
1029.6,2500,138.8124430548091,1400,285.7930599050734,1322749.191463097,0.04982270955462312,24.896088495454,1463.435419092203,1100,284.2832361121922,1151986.443247142,0.04925398613019723,24.61606132770364,1324.622976037394,0.4982270955462312,0.4925398613019723,0.0004,0.0009969838082991519,0.0005552497722192365,-0.3735412726601304,-9.313225746154785e-10,2.233718987554312e-09,1.251464709639549e-09,4.746203430272544e-15,-2.525757381022231e-14,-2.087219286295294e-14,0,0
1032,2500,138.8359394947556,1400,285.793483099336,1322773.592318747,0.04982196621391295,24.89571578298019,1463.476054660304,1100,284.2834309636273,1151957.001659943,0.04925186569804575,24.6150011141539,1324.640115165548,0.4982196621391295,0.4925186569804574,0.0004,0.0009971209213243855,0.0005553437579790225,-0.374601486209869,-1.324224285781384e-09,1.888111000880599e-09,5.093170329928398e-10,4.371503159461554e-15,-2.559064071760986e-14,-2.153832667772804e-14,0,0
1034.4,2500,138.8591422224829,1400,285.7939009913582,1322797.426372523,0.04982122239259341,24.89534284635259,1463.516182075245,1100,284.283623374947,1151927.301536206,0.04924974504775058,24.61394079774789,1324.657039852762,0.4982122239259341,0.4924974504775058,0.0004,0.0009972563188220993,0.0005554365688899316,-0.375661802615884,-1.236912794411182e-09,1.913576852530241e-09,3.637978807091713e-10,9.561795799584161e-15,-2.636779683484747e-14,-1.726396803292118e-14,0,0
1036.8,2500,138.8820548839069,1400,285.794313647369,1322820.700711597,0.04982047809667136,24.89496968837408,1463.555807659958,1100,284.283813376667,1151897.346119899,0.04924762418204816,24.61288037977612,1324.673752776051,0.4982047809667136,0.4924762418204816,0.0004,0.0009973900222084047,0.0005555282195356275,-0.3767222205876486,-1.236912794411182e-09,2.120941644534469e-09,6.111804395914078e-10,3.497202527569243e-15,-2.831068712794149e-14,-2.51465515077598e-14,0,0
1039.2,2500,138.9046810810573,1400,285.7947211327648,1322843.422333939,0.04981973333207834,24.89459631181228,1463.594937658527,1100,284.2840009989041,1151867.138612377,0.04924550310363896,24.61181986151219,1324.69025657747,0.4981973333207833,0.4924550310363896,0.0004,0.0009975220526197608,0.0005556187243242293,-0.3777827388515824,-1.426087692379951e-09,2.37923813983798e-09,1.135049387812614e-09,7.91033905045424e-15,-2.881028748902281e-14,-2.126077092157175e-14,0,0
1041.6,2500,138.9270243720553,1400,285.795123512133,1322865.598150903,0.04981898810467227,24.89422271940053,1463.633578238346,1100,284.2841862713991,1151836.682175023,0.04924338181518986,24.61075924421377,1324.70655386629,0.4981898810467227,0.4924338181518986,0.0004,0.0009976524309303222,0.000555708097488221,-0.3788433561500035,-1.033185981214046e-09,2.170054358430207e-09,8.585629984736443e-10,-9.992007221626409e-16,-2.547961841514734e-14,-2.681188604469753e-14,0,0
1044,2500,138.9490882725015,1400,285.7955208492035,1322887.2349819,0.04981824242023342,24.89384891383585,1463.671735485469,1100,284.2843692234495,1151805.979921998,0.04924126031932782,24.60969852911975,1324.722647212968,0.4981824242023342,0.4924126031932781,0.0004,0.0009977811777037405,0.000555796353090006,-0.3799040712440238,-1.396983861923218e-09,2.079104888252914e-09,4.074536263942719e-10,5.342948306008566e-15,-2.997602166487923e-14,-2.492450690283476e-14,0,0
1046.4,2500,138.9708762540622,1400,285.7959132069872,1322908.339569606,0.04981749628447697,24.89347489778485,1463.709415417966,1100,284.284549884077,1151775.034937936,0.049239138618655,24.60863771745729,1324.738539163903,0.4981749628447697,0.49239138618655,0.0004,0.000997908313311227,0.0005558835050162488,-0.3809648829064791,-1.06228981167078e-09,2.05000105779618e-09,9.458744898438454e-10,1.609823385706477e-15,-2.481348460037225e-14,-2.359223927328458e-14,0,0
1048.8,2500,138.9923917466551,1400,285.7963006476936,1322928.918570524,0.04981674970304514,24.8931006738801,1463.746623977818,1100,284.2847282819112,1151743.850265687,0.04923701671573823,24.60757681043691,1324.754232231163,0.4981674970304514,0.4923701671573822,0.0004,0.0009980338578493011,0.0005559695669866205,-0.3820257899268569,-1.29512045532465e-09,2.157321432605386e-09,8.149072527885437e-10,2.789435349370706e-15,-2.564615186884112e-14,-2.320366121466577e-14,0,0
1051.2,2500,139.0136381381672,1400,285.7966832327614,1322948.97855883,0.0498160026815104,24.89272624472159,1463.783367033941,1100,284.284904445227,1151712.428910199,0.04923489461311246,24.60651580925407,1324.769728895773,0.498160026815104,0.4923489461311246,0.0004,0.0009981578311661868,0.0005560545525526686,-0.3830867911096973,-1.251464709639549e-09,1.822627382352948e-09,5.384208634495735e-10,1.568190022283034e-15,-2.403632848313464e-14,-2.281508315604697e-14,0,0
1053.6,2500,139.0346187746968,1400,285.797061022844,1322968.526024483,0.04981525522537393,24.89235161287601,1463.819650380732,1100,284.2850784019244,1151680.773836615,0.04923277231327901,24.60545471508838,1324.785031606035,0.4981525522537393,0.4923277231327901,0.0004,0.0009982802528482808,0.0005561384750987872,-0.3841478852753895,-1.280568540096283e-09,2.190063241869211e-09,1.076841726899147e-09,2.817190924986335e-15,-2.592370762499741e-14,-2.353672812205332e-14,0,0
1056,2500,139.0553369612305,1400,285.7974340778352,1322987.567376222,0.04981450734006809,24.89197678087791,1463.855479740555,1100,284.28525017955,1151648.887972387,0.04923064981870753,24.60439352910447,1324.800142779325,0.4981450734006809,0.4923064981870753,0.0004,0.0009984011422345975,0.0005562213478449221,-0.3852090712593039,-1.266016624867916e-09,2.162778400816023e-09,1.091393642127514e-09,9.353628982466944e-15,-2.875477633779155e-14,-1.981748098955904e-14,0,0
1058.4,2500,139.0757959632722,1400,285.7978024569245,1323006.108947217,0.04981375903096119,24.89160175123196,1463.89086076899,1100,284.285419805339,1151616.774211619,0.04922852713183944,24.60333225245369,1324.815064805718,0.4981375903096119,0.4922852713183944,0.0004,0.0009985205184457426,0.0005563031838530887,-0.3862703479100809,-1.309672370553017e-09,2.195520210079849e-09,8.294591680169106e-10,4.121702978920894e-15,-2.90878432451791e-14,-2.525757381022231e-14,0,0
1060.8,2500,139.0959990060119,1400,285.7981662185517,1323024.156990456,0.04981301030335373,24.89122652641114,1463.925799050471,1100,284.2855873061734,1151584.435410886,0.04922640425508455,24.60227088627248,1324.829800044459,0.4981301030335373,0.4922640425508455,0.0004,0.0009986384003556703,0.0005563839960240474,-0.3873317140912924,-1.236912794411182e-09,2.064552973024547e-09,5.675246939063072e-10,9.034439862887211e-15,-2.847722058163527e-14,-1.98729921407903e-14,0,0
1063.2,2500,139.1159492752097,1400,285.7985254204352,1323041.717681572,0.04981226116248059,24.89085110885779,1463.960300100895,1100,284.2857527086028,1151551.874391231,0.04922428119082273,24.60120943168312,1324.844350825685,0.4981226116248059,0.4922428119082273,0.0004,0.0009987548066054787,0.0005564637971008388,-0.388393168680647,-1.193257048726082e-09,2.100932761095464e-09,8.585629984736443e-10,4.329869796038111e-15,-3.003153281611048e-14,-2.609024107869118e-14,0,0
1065.6,2500,139.1356499151739,1400,285.7988801195165,1323058.797113044,0.04981151161350628,24.8904755009814,1463.994369362446,1100,284.2859160388084,1151519.093934527,0.0492221579414008,24.60014788979235,1324.858719447272,0.4981151161350628,0.492221579414008,0.0004,0.0009988697555781783,0.0005565425996606955,-0.3894547105714246,-1.178705133497715e-09,2.346496330574155e-09,1.120497472584248e-09,5.509481759702339e-15,-2.819966482547898e-14,-2.314815006343451e-14,0,0
1068,2500,139.1551040345657,1400,285.7992303721026,1323075.401309514,0.04981076166153777,24.89009970516461,1464.028012217094,1100,284.2860773226896,1151486.096792662,0.04922003450914032,24.59908626169493,1324.872908182528,0.4981076166153777,0.4922003450914031,0.0004,0.0009989832654602269,0.0005566204161382629,-0.3905163386688457,-1.004082150757313e-09,2.044544089585543e-09,1.207808963954449e-09,5.495603971894525e-15,-2.781108676686017e-14,-2.275957200481571e-14,0,0
1070.4,2500,139.1743147029999,1400,285.7995762337806,1323091.536218268,0.04981001131161659,24.88972372375947,1464.061233978413,1100,284.2862365858115,1151452.885681647,0.0492179108963325,24.59802454847137,1324.886919275413,0.4981001131161659,0.492179108963325,0.0004,0.0009990953542033058,0.0005566972588119997,-0.3915780518924024,-1.033185981214046e-09,2.546585164964199e-09,1.222360879182816e-09,3.386180225106727e-15,-3.341771304121721e-14,-3.036459972349803e-14,0,0
1072.8,2500,139.1932849524146,1400,285.7999177594471,1323107.207712906,0.04980926056872181,24.88934755908889,1464.094039894454,1100,284.2863938534207,1151419.463283727,0.04921578710524026,24.59696275118877,1324.900754942039,0.4980926056872181,0.4921578710524026,0.0004,0.0009992060395363131,0.0005567731398096584,-0.3926398491750014,-1.076841726899147e-09,2.579326974228024e-09,1.455191522836685e-09,2.92821322744885e-15,-3.241851231905457e-14,-2.986499936241671e-14,0,0
1075.2,2500,139.2120177766383,1400,285.800255003298,1323122.421591852,0.04980850943776881,24.88897121344603,1464.126435146621,1100,284.2865491504374,1151385.832246327,0.049213663138097,24.59590087090035,1324.914417369982,0.4980850943776881,0.49213663138097,0.0004,0.0009993153389598593,0.0005568480711065531,-0.3937017294634195,-9.313225746154785e-10,2.224624040536582e-09,1.004082150757313e-09,1.804112415015879e-15,-3.175237850427948e-14,-3.036459972349803e-14,0,0
1077.6,2500,139.2305161323313,1400,285.800588018845,1323137.183580256,0.04980775792361087,24.8885946890951,1464.158424851342,1100,284.2867025014641,1151351.995183113,0.04921153899710769,24.59483890864591,1324.927908719011,0.4980775792361087,0.4921153899710768,0.0004,0.0009994232697520874,0.0005569220645293253,-0.3947636917178592,-1.251464709639549e-09,2.119122655130923e-09,6.111804395914078e-10,5.148659276699163e-15,-3.314015728506092e-14,-2.847722058163527e-14,0,0
1080,2500,139.248782941127,1400,285.8009168589729,1323151.499336221,0.04980700603104453,24.88821798827376,1464.190014065533,1100,284.2868539308246,1151317.95467771,0.04920941468445202,24.59377686545331,1324.941231124406,0.4980700603104453,0.4920941468445201,0.0004,0.0009995298489952455,0.0005569951317645082,-0.3958257349104599,-1.324224285781384e-09,1.840817276388407e-09,4.656612873077393e-10,1.52655665885959e-15,-2.525757381022231e-14,-2.420286193682841e-14,0,0
1082.4,2500,139.2668210883016,1400,285.801241575896,1323165.374445943,0.04980625376480544,24.88784111319125,1464.221207782307,1100,284.2870034625273,1151283.713280576,0.04920729020228161,24.59271474233718,1324.954386694006,0.4980625376480544,0.4920729020228161,0.0004,0.000999635093552044,0.0005570672843532065,-0.3968878580265915,-9.749783203005791e-10,2.077285898849368e-09,1.06228981167078e-09,3.094746681142624e-15,-3.214095656289828e-14,-2.942091015256665e-14,0,0
1084.8,2500,139.2846334236137,1400,285.8015622211821,1323178.814426431,0.04980550112957048,24.88746406602945,1464.252010933427,1100,284.2871511202877,1151249.273510549,0.0492051655527215,24.59165254029962,1324.967377509813,0.4980550112957048,0.4920516555272149,0.0004,0.000999739020078503,0.0005571385336944549,-0.3979500600641543,-9.167706593871117e-10,2.562956069596112e-09,1.586158759891987e-09,3.164135620181696e-15,-3.008704396734174e-14,-2.736699755701011e-14,0,0
1087.2,2500,139.3022227597819,1400,285.8018788457057,1323191.824720542,0.04980474812995392,24.88708684894089,1464.282428384643,1100,284.2872969274886,1151214.637851333,0.0492030407378671,24.59059026032871,1324.980205624861,0.4980474812995392,0.4920304073786709,0.0004,0.0009998416449988909,0.0005572088910391276,-0.3990123400350569,-1.149601303040981e-09,2.421074896119535e-09,1.207808963954449e-09,1.762479051592436e-15,-2.986499936241671e-14,-2.858824288409778e-14,0,0
1089.6,2500,139.3195918771137,1400,285.8021914997701,1323204.410709808,0.04980399477051787,24.88670946405385,1464.312464947406,1100,284.2874409072635,1151179.808759953,0.04920091575979126,24.58952790340195,1324.992873070292,0.4980399477051787,0.4920091575979126,0.0004,0.0009999429845623361,0.0005572783675084547,-0.4000746969618163,-1.149601303040981e-09,2.220986061729491e-09,1.01863406598568e-09,-9.992007221626409e-16,-3.291811268013589e-14,-3.441691376337985e-14,0,0
1092,2500,139.3367435210134,1400,285.8025002330368,1323216.577707161,0.04980324105576647,24.88633191346952,1464.342125372249,1100,284.2875830824491,1151144.788661673,0.04919879062054012,24.5884654704842,1325.005381851235,0.4980324105576647,0.4919879062054012,0.0004,0.001000043054809881,0.0005573469740840537,-0.4011371298795687,-1.047737896442413e-09,2.337401383556426e-09,1.251464709639549e-09,4.98212582300539e-15,-2.758904216193514e-14,-2.298161660974074e-14,0,0
1094.4,2500,139.353680403133,1400,285.802805094552,1323228.33095947,0.04980248699014784,24.8859541992629,1464.371414351031,1100,284.2877234755971,1151109.579951532,0.04919666532213426,24.58740296252827,1325.017733947898,0.4980248699014784,0.4919666532213426,0.0004,0.001000141871583188,0.000557414721612532,-0.4021996378355013,-1.091393642127514e-09,2.259184839203954e-09,8.731149137020111e-10,-3.608224830031759e-16,-2.775557561562891e-14,-2.853273173286652e-14,0,0
1096.8,2500,139.3704052009052,1400,285.8031061327333,1323239.675646546,0.04980173257805329,24.88557632348251,1464.400336515943,1100,284.2878621089687,1151074.18499359,0.04919453986656815,24.58634038047467,1325.029931315037,0.4980173257805329,0.4919453986656815,0.0004,0.001000239450520299,0.0005574816208036208,-0.403262219889104,-8.87666828930378e-10,2.239175955764949e-09,1.542503014206886e-09,3.386180225106727e-15,-2.842170943040401e-14,-2.542410726391608e-14,0,0
1099.2,2500,139.3869205582557,1400,285.8034033953832,1323250.616882123,0.04980097782381809,24.88519828815071,1464.428896440559,1100,284.2879990045385,1151038.606121414,0.04919241425581058,24.58527772525177,1325.041975882303,0.4980097782381809,0.4919241425581057,0.0004,0.001000335807058424,0.0005575476822330228,-0.4043248751120032,-1.033185981214046e-09,2.533852239139378e-09,1.236912794411182e-09,7.355227538141662e-15,-2.864375403532904e-14,-2.176037128265307e-14,0,0
1101.6,2500,139.4032290879238,1400,285.8036969297475,1323261.159720501,0.04980022273172727,24.88482009526638,1464.457098645568,1100,284.2881341840333,1151002.845642082,0.04919028849180799,24.58421499777741,1325.053869557644,0.4980022273172727,0.4919028849180799,0.0004,0.001000430956461152,0.0005576129163516952,-0.4053876025863588,-1.06228981167078e-09,2.142769517377019e-09,1.251464709639549e-09,8.201772594418344e-15,-2.492450690283476e-14,-1.731947918415244e-14,0,0
1104,2500,139.419333369985,1400,285.8039867824724,1323271.309151536,0.04979946730601111,24.8844417468029,1464.484947594521,1100,284.2882676689004,1150966.905832932,0.04918816257648172,24.5831521989576,1325.065614224536,0.4979946730601111,0.4918816257648171,0.0004,0.001000524913796285,0.00055767733347994,-0.4064504014061754,-1.091393642127514e-09,2.535671228542924e-09,1.629814505577087e-09,6.578071420904053e-15,-2.520206265899105e-14,-1.909583602355269e-14,0,0
1106.4,2500,139.4352359526572,1400,285.8042729996241,1323281.070103228,0.04979871155084763,24.88406324470917,1464.512447695864,1100,284.2883994803217,1150930.788943031,0.04918603651172922,24.58208932968708,1325.077211743207,0.4979871155084763,0.4918603651172921,0.0004,0.001000617693945654,0.0005577409438106288,-0.4075132706766951,-1.047737896442413e-09,2.364686224609613e-09,1.280568540096283e-09,7.16093850883226e-15,-3.008704396734174e-14,-2.34257058195908e-14,0,0
1108.8,2500,139.4509393505334,1400,285.8045556266524,1323290.447437385,0.04979795547035867,24.88368459090793,1464.539603299225,1100,284.2885296391916,1150894.497190836,0.04918391029942226,24.58102639084845,1325.088663948692,0.4979795547035867,0.4918391029942225,0.0004,0.001000709311589535,0.0005578037574021337,-0.4085762095153207,-1.149601303040981e-09,2.077285898849368e-09,1.120497472584248e-09,6.439293542825908e-15,-2.375877272697835e-14,-1.77635683940025e-14,0,0
1111.2,2500,139.4664460495756,1400,285.8048347084894,1323299.445960505,0.04979719906861921,24.88330578730005,1464.5664187051,1100,284.2886581661709,1150858.032769899,0.04918178394141141,24.57996338331437,1325.099972655525,0.4979719906861921,0.4918178394141141,0.0004,0.001000799781244197,0.0005578657841983022,-0.4096392170493992,-7.712515071034431e-10,2.064552973024547e-09,1.236912794411182e-09,6.272760089132134e-15,-2.564615186884112e-14,-1.98729921407903e-14,0,0
1113.6,2500,139.4817585044225,1400,285.8051102894993,1323308.070418252,0.04979644234965271,24.88292683576233,1464.59289815984,1100,284.2887850816589,1150821.397845892,0.04917965743952397,24.57890030794644,1325.111139655417,0.497964423496527,0.4917965743952397,0.0004,0.001000889117243339,0.0005579270340176899,-0.4107022924173336,-8.294591680169106e-10,1.989974407479167e-09,1.353328116238117e-09,3.996802888650564e-15,-2.137179322403426e-14,-1.77635683940025e-14,0,0
1116,2500,139.4968791395097,1400,285.8053824134938,1323316.325497074,0.04979568531743243,24.88254773814814,1464.619045857169,1100,284.2889104058001,1150784.59455741,0.04917753079556416,24.57783716559544,1325.122166717659,0.4979568531743243,0.4917753079556416,0.0004,0.001000977333741273,0.0005579875165580388,-0.4117654347683306,-7.566995918750763e-10,1.962689566425979e-09,9.313225746154785e-10,3.386180225106727e-15,-2.692290834716005e-14,-2.398081733190338e-14,0,0
1118.4,2500,139.511810348484,1400,285.8056511237256,1323324.215823634,0.04979492797588102,24.88216849628722,1464.644865937607,1100,284.2890341584824,1150747.625015694,0.0491754040113133,24.57677395710132,1325.133055589123,0.4979492797588101,0.491754040113133,0.0004,0.001001064444712985,0.000558047241393936,-0.4128286432624471,-9.458744898438454e-10,2.168235369026661e-09,1.193257048726082e-09,4.107825191113079e-15,-2.831068712794149e-14,-2.475797344914099e-14,0,0
1120.8,2500,139.5265544944043,1400,285.8059164628916,1323331.745965036,0.04979417032887059,24.88178911198576,1464.670362488698,1100,284.2891563593389,1150710.491304725,0.04917327708852962,24.57571068329317,1325.143807994293,0.4979417032887059,0.4917327708852962,0.0004,0.001001150463954347,0.0005581062179776172,-0.4138919170706039,-9.458744898438454e-10,2.146407496184111e-09,1.135049387812614e-09,5.134781488891349e-15,-3.036459972349803e-14,-2.575717417130363e-14,0,0
1123.2,2500,139.541113913273,1400,285.8061784731965,1323338.920435677,0.04979341238022862,24.88140958702907,1464.695539551096,1100,284.2892770277758,1150673.195484532,0.04917115002895123,24.57464734499053,1325.154425637823,0.4979341238022862,0.4917115002895123,0.0004,0.001001235405102581,0.0005581644556530919,-0.4149552553732399,-8.440110832452774e-10,2.19915818888694e-09,1.309672370553017e-09,-9.159339953157541e-16,-2.642330798607873e-14,-2.786659791809143e-14,0,0
1125.6,2500,139.5554909113512,1400,285.8064371963052,1323345.743692219,0.04979265413373373,24.88102992317968,1464.720401114084,1100,284.2893961829524,1150635.739588735,0.04916902283429384,24.57358394300245,1325.164910202732,0.4979265413373373,0.4916902283429384,0.0004,0.00100131928162186,0.0005582219636454047,-0.4160186573613167,-8.87666828930378e-10,2.359229256398976e-09,1.658918336033821e-09,4.163336342344337e-16,-2.792210906932269e-14,-2.808864252301646e-14,0,0
1128,2500,139.5696877665116,1400,285.8066926733669,1323352.220136029,0.04979189559311759,24.88065012217822,1464.744951117767,1100,284.2895138437915,1150598.125625716,0.04916689550625206,24.57252047812796,1325.175263351256,0.4979189559311759,0.4916689550625206,0.0004,0.001001402106810046,0.0005582787510660464,-0.417082122235815,-9.022187441587448e-10,2.313754521310329e-09,1.367880031466484e-09,8.409939411535561e-15,-2.40918396343659e-14,-1.620925615952729e-14,0,0
1130.4,2500,139.5837067264331,1400,285.80694494498,1323358.354109565,0.04979113676206193,24.880270185742,1464.769193449721,1100,284.2896300289606,1150560.355576795,0.04916476804649748,24.57145695115527,1325.185486723288,0.4979113676206193,0.4916476804649748,0.0004,0.001001483893786306,0.0005583348269057323,-0.4181456492085047,-1.076841726899147e-09,2.492015482857823e-09,1.600710675120354e-09,8.368306048112117e-15,-2.842170943040401e-14,-2.042810365310288e-14,0,0
1132.8,2500,139.59755001292,1400,285.8071940512755,1323364.149905231,0.04979037764420613,24.87989011556856,1464.793131953063,1100,284.2897447569153,1150522.431400609,0.04916264045668264,24.57039336286362,1325.195581940143,0.4979037764420613,0.4916264045668264,0.0004,0.001001564655521148,0.0005583902000516801,-0.419209237500155,-1.105945557355881e-09,2.159140422008932e-09,1.01863406598568e-09,2.511879593214417e-15,-2.886579864025407e-14,-2.686739719592879e-14,0,0
1135.2,2500,139.6112198200181,1400,285.8074400318812,1323369.611761551,0.04978961824314396,24.87950991333414,1464.816770422847,1100,284.2898580458794,1150484.35503118,0.04916051273843943,24.56932971402243,1325.205550602829,0.4978961824314396,0.4916051273843943,0.0004,0.001001644404822633,0.0005584448792800722,-0.420272886341337,-1.033185981214046e-09,2.173692337237298e-09,1.105945557355881e-09,1.193489751472043e-15,-2.420286193682841e-14,-2.353672812205332e-14,0,0
1137.6,2500,139.6247183146279,1400,285.80768292593,1323374.743863979,0.04978885856242411,24.87912958069398,1464.84011260703,1100,284.2899699138491,1150446.128378301,0.04915838489337904,24.56826600539149,1325.215394292402,0.497888585624241,0.4915838489337904,0.0004,0.001001723154339215,0.0005584988732585116,-0.4213365949722814,-1.149601303040981e-09,2.139131538569927e-09,9.313225746154785e-10,2.997602166487923e-15,-3.202993426043577e-14,-2.942091015256665e-14,0,0
1140,2500,139.6380476360878,1400,285.807922772056,1323379.550344723,0.04978809860555015,24.87874911928225,1464.863162205957,1100,284.2900803785922,1150407.753327396,0.04915625692309238,24.5672022377209,1325.225114569869,0.4978809860555015,0.4915625692309238,0.0004,0.00100180091655895,0.0005585521905443511,-0.4224003626428754,-1.236912794411182e-09,2.231899998150766e-09,9.895302355289459e-10,1.443289932012704e-15,-3.363975764614224e-14,-3.275157922644212e-14,0,0
1142.4,2500,139.6512098963726,1400,285.8081596083938,1323384.035282358,0.0497873383759803,24.87836853071193,1464.885922872317,1100,284.2901894576452,1150369.231739293,0.04915412882914948,24.56613841175096,1325.234712975944,0.4978733837598029,0.4915412882914947,0.0004,0.001001877703807553,0.0005586048395854904,-0.4234641886128117,-1.149601303040981e-09,2.237356966361403e-09,8.294591680169106e-10,2.386979502944087e-15,-3.075317778211684e-14,-2.886579864025407e-14,0,0
1144.8,2500,139.6642071831527,1400,285.8083934726398,1323388.202708655,0.04978657787713298,24.87798781657748,1464.908398217131,1100,284.2902971683459,1150330.565453673,0.04915200061310251,24.56507452821357,1325.244191033978,0.4978657787713298,0.4915200061310251,0.0004,0.001001953528271824,0.0005586568287326108,-0.4245280721502027,-9.313225746154785e-10,2.151864464394748e-09,1.164153218269348e-09,2.248201624865942e-15,-3.175237850427948e-14,-2.997602166487923e-14,0,0
1147.2,2500,139.677041557502,1400,285.8086244020081,1323392.056603708,0.04978581711238292,24.8776069784529,1464.930591805302,1100,284.2904035278099,1150291.756286551,0.04914987227648372,24.56401058783121,1325.2535502478,0.4978581711238292,0.4914987227648372,0.0004,0.001002028401982401,0.0005587081662300079,-0.4255920125325616,-9.749783203005791e-10,2.23008100874722e-09,1.207808963954449e-09,-4.718447854656915e-16,-2.969846590872294e-14,-3.064215547965432e-14,0,0
1149.6,2500,139.6897150551254,1400,285.8088524332517,1323395.600898197,0.04978505608506293,24.87722601789268,1464.9525071578,1100,284.2905085529411,1150252.80603139,0.04914774382080635,24.56294659131739,1325.262792102675,0.4978505608506293,0.4914774382080634,0.0004,0.001002102336821397,0.0005587588602205014,-0.4266560090463827,-1.047737896442413e-09,2.184606273658574e-09,8.731149137020111e-10,-1.665334536937735e-16,-2.864375403532904e-14,-2.942091015256665e-14,0,0
1152,2500,139.7022296846651,1400,285.809077602632,1323398.839470366,0.04978429479846136,24.87684493643057,1464.974147748705,1100,284.2906122604171,1150213.71645759,0.04914561524756331,24.56188253937604,1325.27191806404,0.4978429479846136,0.4914561524756331,0.0004,0.001002175344512318,0.0005588089187386604,-0.4277200609877347,-9.604264050722122e-10,2.19915818888694e-09,1.193257048726082e-09,2.42861286636753e-15,-3.380629109983602e-14,-3.186340080674199e-14,0,0
1154.4,2500,139.7145874316388,1400,285.8092999459909,1323401.776153212,0.04978353325582828,24.8764637355824,1464.995517012016,1100,284.2907146667222,1150174.489314012,0.04914348655823021,24.56081843270293,1325.280929580377,0.4978353325582828,0.491434865582302,0.0004,0.001002247436643016,0.0005588583497265554,-0.4287841676608402,-1.207808963954449e-09,2.184606273658574e-09,9.167706593871117e-10,6.369904603786836e-15,-3.319566843629218e-14,-2.720046410331634e-14,0,0
1156.8,2500,139.7267902566673,1400,285.8095194987216,1323404.414732009,0.04978277146037324,24.87608241684515,1465.016618338975,1100,284.2908157881376,1150135.126327736,0.04914135775426426,24.55975427198517,1325.289828082308,0.4978277146037323,0.4914135775426426,0.0004,0.001002318624658463,0.0005589071610266692,-0.429848328378597,-1.06228981167078e-09,2.250089892186224e-09,1.353328116238117e-09,5.218048215738236e-15,-2.436939539052219e-14,-1.965094753586527e-14,0,0
1159.2,2500,139.738840096082,1400,285.8097362957748,1323406.75894449,0.04978200941526553,24.87570098169697,1465.037455078618,1100,284.2909156407393,1150095.62920412,0.0491392288371044,24.5586900579012,1325.298614982536,0.4978200941526552,0.491392288371044,0.0004,0.001002388919860286,0.0005589553603843278,-0.4309125424625684,-9.458744898438454e-10,2.341039362363517e-09,1.120497472584248e-09,4.926614671774132e-15,-3.003153281611048e-14,-2.564615186884112e-14,0,0
1161.6,2500,139.7507388617983,1400,285.809950371658,1323408.812480955,0.04978124712363419,24.87531943159728,1465.058030537606,1100,284.2910142403988,1150055.999626865,0.04913709980817119,24.55762579112088,1325.307291675808,0.4978124712363419,0.4913709980817119,0.0004,0.001002458333406461,0.000559002955447193,-0.4319768092428902,-1.135049387812614e-09,2.211891114711761e-09,1.033185981214046e-09,-2.997602166487923e-15,-2.892130979148533e-14,-3.241851231905457e-14,0,0
1164,2500,139.7624884407367,1400,285.8101617604266,1323410.578983413,0.04978048458856745,24.87493776798641,1465.078347979509,1100,284.2911116027819,1150016.239257603,0.04913497066886674,24.55656147230526,1325.315859538772,0.4978048458856745,0.4913497066886674,0.0004,0.001002526876310178,0.0005590499537629466,-0.4330411280585089,-9.604264050722122e-10,2.346496330574155e-09,1.353328116238117e-09,2.05391259555654e-15,-3.042011087472929e-14,-2.897682094271659e-14,0,0
1166.4,2500,139.7740906984213,1400,285.810370495749,1323412.062052344,0.04977972181311825,24.87455599228822,1465.098410630927,1100,284.2912077433764,1149976.349739053,0.04913284142057706,24.55549710210789,1325.324319932506,0.4977972181311825,0.4913284142057706,0.0004,0.001002594559460049,0.0005590963627936853,-0.4341054982558816,-8.440110832452774e-10,1.969965524040163e-09,8.294591680169106e-10,4.6074255521944e-15,-3.147482274812319e-14,-2.742250870824137e-14,0,0
1168.8,2500,139.7855474765599,1400,285.8105766108616,1323413.26524197,0.04977895880030029,24.87417410590831,1465.118221677239,1100,284.2913026774715,1149936.332692808,0.0491307120646704,24.5544326811739,1325.332674200679,0.4977895880030029,0.491307120646704,0.0004,0.001002661393605431,0.0005591421899062397,-0.4351699191898746,-9.749783203005791e-10,2.115484676323831e-09,8.585629984736443e-10,-2.484124017598788e-15,-3.26405569239796e-14,-3.563815909046752e-14,0,0
1171.2,2500,139.7968605941544,1400,285.8107801385877,1323414.192062358,0.04977819555308993,24.87379211023481,1465.137784264388,1100,284.2913964201659,1149896.189720305,0.04912858260249803,24.55336821014041,1325.340923670234,0.4977819555308993,0.4912858260249803,0.0004,0.001002727389361869,0.0005591874423766176,-0.4362343902233654,-6.693881005048752e-10,2.048182068392634e-09,1.324224285781384e-09,3.469446951953614e-16,-2.786659791809143e-14,-2.797762022055394e-14,0,0
1173.6,2500,139.808031846022,1400,285.8109811113151,1323414.845976917,0.04977743207442392,24.8734100066374,1465.157101496701,1100,284.2914889863599,1149855.92240168,0.04912645303539317,24.55230368963604,1325.349069650679,0.4977743207442392,0.4912645303539317,0.0004,0.00100279255720543,0.000559232127384088,-0.4372989107277263,-7.712515071034431e-10,2.139131538569927e-09,1.309672370553017e-09,-3.747002708109903e-16,-3.175237850427948e-14,-3.252953462151709e-14,0,0
1176,2500,139.8190630058989,1400,285.8111795610496,1323415.230408161,0.04977666836720444,24.87302779646958,1465.176176442013,1100,284.2915803907778,1149815.532298411,0.04912432336467339,24.55123912028204,1325.357113436114,0.4977666836720444,0.4912432336467339,0.0004,0.001002856907488913,0.0005592762520235956,-0.4383634800817298,-9.167706593871117e-10,2.126398612745106e-09,1.164153218269348e-09,2.858824288409778e-15,-3.541611448554249e-14,-3.319566843629218e-14,0,0
1178.4,2500,139.8299558258875,1400,285.8113755194018,1323415.348736334,0.04977590443429768,24.87264548106812,1465.195012130519,1100,284.2916706479612,1149775.020952689,0.04912219359163999,24.55017450269195,1325.365056304631,0.4977590443429768,0.4912219359163998,0.0004,0.001002920450437048,0.00055931982330355,-0.4394280976718186,-1.193257048726082e-09,2.166416379623115e-09,1.135049387812614e-09,-7.077671781985373e-16,-2.797762022055394e-14,-2.919886554764162e-14,0,0
1180.8,2500,139.8407120358843,1400,285.8115690175853,1323415.204299101,0.04977514027853391,24.872263061753,1465.213611554357,1100,284.2917597722717,1149734.389887267,0.0491200637175777,24.54910983747157,1325.372899518473,0.4977514027853391,0.491200637175777,0.0004,0.001002983196147785,0.0005593628481435371,-0.4404927628921982,-9.604264050722122e-10,2.253727870993316e-09,1.004082150757313e-09,1.193489751472043e-15,-2.903233209394784e-14,-2.831068712794149e-14,0,0
1183.2,2500,139.8513333441738,1400,285.8117600864184,1323414.800391886,0.04977437590270747,24.87188053982742,1465.231977668016,1100,284.2918477778878,1149693.640605619,0.04911793374375528,24.54804512521905,1325.380644323842,0.4977437590270746,0.4911793374375528,0.0004,0.001003045154590734,0.0005594053333766951,-0.4415574751447195,-8.003553375601768e-10,2.130036591552198e-09,1.29512045532465e-09,-4.524158825347513e-15,-3.314015728506092e-14,-3.808064974464287e-14,0,0
1185.6,2500,139.8618214365306,1400,285.811948756313,1323414.140266668,0.04977361130957594,24.87149791657748,1465.250113387106,1100,284.2919346788012,1149652.774591375,0.04911580367142452,24.54698036652465,1325.388291950575,0.4977361130957593,0.4911580367142452,0.0004,0.0010031063356046,0.0005594472857461223,-0.4426222338391241,-1.01863406598568e-09,2.131855580955744e-09,1.033185981214046e-09,-1.582067810090848e-15,-3.003153281611048e-14,-3.208544541166702e-14,0,0
1188,2500,139.8721779797536,1400,285.8121350573379,1323413.227138538,0.04977284650186565,24.87111519327462,1465.268021594486,1100,284.2920204888473,1149611.793311356,0.04911367350182308,24.54591556197191,1325.395843614732,0.4977284650186565,0.4911367350182308,0.0004,0.001003166748917856,0.0005594887119190143,-0.4436870383918645,-1.120497472584248e-09,2.240994945168495e-09,1.091393642127514e-09,-3.344546861683284e-15,-3.469446951953614e-14,-3.852473895449293e-14,0,0
1190.4,2500,139.8824046192155,1400,285.8123190191741,1323412.064181201,0.04977208148226775,24.87073237117395,1465.285705135929,1100,284.2921052216823,1149570.698213489,0.04911154323617273,24.54485071213689,1325.403300516714,0.4977208148226775,0.4911154323617273,0.0004,0.001003226404133711,0.0005595296184768622,-0.4447518882268824,-7.712515071034431e-10,2.341039362363517e-09,1.266016624867916e-09,-2.969846590872294e-15,-3.408384685599231e-14,-3.763656053479281e-14,0,0
1192.8,2500,139.8925029799786,1400,285.8125006711348,1323410.654528912,0.04977131625344009,24.87034945151498,1465.303166822134,1100,284.2921888907946,1149529.490727696,0.04910941287568002,24.54378581758847,1325.410663842155,0.4977131625344009,0.4910941287568002,0.0004,0.001003285310737239,0.0005595700119199145,-0.445816782775303,-9.749783203005791e-10,2.331944415345788e-09,1.29512045532465e-09,-1.582067810090848e-15,-3.602673714908633e-14,-3.819167204710538e-14,0,0
1195.2,2500,139.9024746655944,1400,285.8126800421444,1323409.001274432,0.0497705508180052,24.86996643552079,1465.320409426502,1100,284.2922715094928,1149488.172264934,0.04910728242153553,24.54272087888799,1325.417934760907,0.497705508180052,0.4910728242153553,0.0004,0.001003343478087259,0.0005596098986623773,-0.4468817214757799,-1.091393642127514e-09,2.341039362363517e-09,1.207808963954449e-09,-2.636779683484747e-16,-3.169686735304822e-14,-3.252953462151709e-14,0,0
1197.6,2500,139.9123212607012,1400,285.8128571607834,1323407.10747356,0.04976978517855438,24.86958332439985,1465.337435689743,1100,284.2923530909279,1149446.74421931,0.04910515187491556,24.54165589659008,1325.425114429042,0.4976978517855438,0.4910515187491555,0.0004,0.001003400915432338,0.0005596492850428049,-0.4479467037736917,-1.280568540096283e-09,2.099113771691918e-09,1.004082150757313e-09,-5.509481759702339e-15,-3.408384685599231e-14,-4.019007349143067e-14,0,0
1200,2500,139.9220443304819,1400,285.8130320552818,1323404.976144662,0.04976901933764714,24.86920011934584,1465.354248318944,1100,284.2924336480905,1149405.207967855,0.04910302123698206,24.54059087124259,1325.432203988462,0.4976901933764714,0.4910302123698205,0.0004,0.001003457631907695,0.0005596881773219275,-0.4490117291211853,-1.193257048726082e-09,2.191882231272757e-09,9.749783203005791e-10,-5.162537064506978e-15,-3.003153281611048e-14,-3.574918139293004e-14,0,0
1200,2500,139.9220443304819,1400,285.8130320552818,1323404.976144662,0.04976901933764714,24.86920011934584,1465.354248318944,1100,284.2924336480905,1149405.207967855,0.04910302123698206,24.54059087124259,1325.432203988462,0.4976901933764714,0.4910302123698205,0.0004,0.001003457631907695,0.0005596881773219275,-0.4490117291211853,-1.193257048726082e-09,2.191882231272757e-09,9.749783203005791e-10,-5.162537064506978e-15,-3.003153281611048e-14,-3.574918139293004e-14,0,0
