time,Q_total,dp_series,eva1.Qb_flow,eva1.T,eva1.U,eva1.level,eva1.m,eva1.p,eva2.Qb_flow,eva2.T,eva2.U,eva2.level,eva2.m,eva2.p,liquidFraction1,liquidFraction2,m_feed,m_out,m_series,massChange2,r_energy1,r_energy2,r_energyTotal,r_mass1,r_mass2,r_massTotal,r_seriesEnergy,r_seriesMass
0,1800,100,1000,285.1194651444556,1256965.336575714,0.05,24.98664827043165,1400,800,284.0009833160033,1139854.958256216,0.05,24.98960260036377,1300,0.5,0.5,0.0004,0.0007999999999999999,0.0004,0,0,0,0,0,0,0,0,0
2.4,1800,100.3656343948455,1000,285.1194836033834,1256967.18183022,0.04999999654543815,24.98664649205609,1400.001704670365,800,283.9967764188647,1139370.354003183,0.04999806907195498,24.98864790689092,1299.63607027552,0.4999999654543815,0.4999806907195498,0.0004,0.0007970885622041587,0.0004014625375793821,-0.0009546934728490442,-4.188658309089988e-10,-7.717062544543296e-10,-9.578116078046151e-10,3.473849617455205e-15,1.045160052254301e-14,1.392516744275207e-14,0,0
4.8,1800,100.7031003982336,1000,285.1194224808044,1256960.516846391,0.04999998589143159,24.98664134037559,1399.996060045651,800,283.9928092330896,1138911.378711433,0.04999615966224953,24.98770337209931,1299.292959647417,0.4999998589143159,0.4999615966224953,0.0004,0.0007943436771793385,0.0004028124015929343,-0.001899228264459651,-3.107416546299646e-10,-3.974491846747696e-10,-7.082689990056679e-10,1.382915964631259e-15,5.913238648735941e-15,7.296030099523954e-15,0,0
7.2,1800,101.0143028173111,1000,285.11928793934,1256946.000643098,0.04999996859539236,24.98663307655842,1399.983635312055,800,283.9890664779122,1138476.39752644,0.0499942703973285,24.98676834806267,1298.969332494744,0.4999996859539236,0.4999427039732849,0.0004,0.0007917546599579491,0.0004040572112692443,-0.002834252301099127,-1.551221373574663e-10,-5.154561222298071e-10,-6.707523425575346e-10,-5.25552603552245e-15,5.323866347772821e-15,6.765421556309548e-17,0,0
9.6,1800,101.3010195905792,1000,285.1190857246235,1256924.24765201,0.04999994517702941,24.98662194410314,1399.964961221906,800,283.9855338728967,1138063.882724355,0.04999239999376566,24.98584222930901,1298.663941631326,0.4999994517702941,0.4999239999376566,0.0004,0.0007893115330506116,0.000405204078362317,-0.003760371054760014,-1.742250788083766e-10,-1.937223714776337e-10,-1.334683474851772e-10,-2.04422253863995e-15,3.822463179314894e-15,1.779826286352204e-15,0,0
12,1800,101.5649103039698,1000,285.1188211930402,1256895.830683084,0.04999991612085433,24.98660817001377,1399.940532635238,800,283.982198071743,1137672.406611632,0.04999054725227522,24.98492445000722,1298.375622331268,0.4999991612085433,0.4999054725227522,0.0004,0.000787004978650144,0.0004062596412158791,-0.004678150356554056,-2.032436441368191e-10,3.619788913056254e-10,-7.594280759803951e-11,-1.320129986229213e-14,4.713243684228985e-15,-8.488869329692506e-15,0,0
14.4,1800,101.8075241465795,1000,285.1184993376905,1256861.283699658,0.04999988187852705,24.98659196589977,1399.910810900564,800,283.9790466003396,1137300.634882558,0.04998871105211154,24.98401448133501,1298.103286753985,0.4999988187852704,0.4998871105211153,0.0004,0.0007848262940318781,0.0004072300965863178,-0.00558811902876144,4.433786671143025e-11,1.514308678451926e-10,4.215507942717522e-10,-7.907215192944766e-15,4.527628272299467e-15,-3.384445501630751e-15,0,0
16.8,1800,102.0303072976483,1000,285.1181248125293,1256821.104399323,0.04999984287103685,24.98657352899875,1399.876226070578,800,283.9760677991671,1136947.320443068,0.0499868903458633,24.98311182903165,1297.84591877293,0.4999984287103685,0.499868903458633,0.0004,0.0007827673501834396,0.0004081212291905931,-0.006490771332117617,-3.215063770767301e-10,1.887201506178826e-10,-3.719833330251276e-10,-9.317253999580055e-15,5.917141776556889e-15,-3.404394821604484e-15,0,0
19.2,1800,102.2346097992306,1000,285.1177019548587,1256775.756618382,0.0499997994907351,24.98655304312944,1399.837178968278,800,283.9732507696333,1136611.297657988,0.04998508415460617,24.98221603111839,1297.602569169047,0.4999979949073509,0.4998508415460616,0.0004,0.0007808205533523778,0.0004089384391969224,-0.007386569245376506,-3.666400516522117e-10,7.503331289626658e-11,-5.315996531862766e-10,-1.028201775023913e-14,5.534635250104003e-15,-4.750540238962486e-15,0,0
21.6,1800,102.4216920009401,1000,285.1172348064511,1256725.672590162,0.04999975210324416,24.98653067958669,1399.794043128777,800,283.9705853236787,1136291.476949235,0.04998329156335235,24.98132665575797,1297.372351127837,0.4999975210324415,0.4998329156335235,0.0004,0.000778978809022692,0.0004096867680037603,-0.008275944605802721,-1.082867129298393e-10,-1.00953911896795e-10,-2.150954969692975e-10,-1.068074665169783e-14,9.327608130327292e-15,-1.360023205165817e-15,0,0
24,1800,102.5927305615057,1000,285.1167271332433,1256671.255050779,0.04999970104923785,24.98650659797596,1399.747166611095,800,283.9680619367865,1135986.839759647,0.04998151171680939,24.98044329925892,1297.154436049589,0.4999970104923785,0.4998151171680938,0.0004,0.0007772354883967128,0.0004103709222460229,-0.009159301104848083,-5.093170329928398e-11,3.469722287263721e-10,5.638867150992155e-11,-9.185035544645448e-15,3.851086116668512e-15,-5.341213582532589e-15,0,0
26.4,1800,102.7488239385611,1000,285.1161824433684,1256612.879166821,0.049999646646071,24.98648094697731,1399.696873657886,800,283.9656717049655,1135696.433943391,0.0499797438154987,24.97956558424904,1296.948049719325,0.49999646646071,0.499797438154987,0.0004,0.000775584397754601,0.0004109952957542445,-0.01003701611472962,2.148681232938543e-11,3.064997144974768e-10,9.00399754755199e-11,-1.071926293387537e-14,9.669348655094723e-15,-1.054711873393899e-15,0,0
28.8,1800,102.8909977541307,1000,285.1156040048099,1256550.894423273,0.0499995891893761,24.98645386509351,1399.643466321624,800,283.9634063026197,1135419.369252146,0.04997798711195636,24.97869315788657,1296.752468567493,0.499995891893761,0.4997798711195636,0.0004,0.0007740197485399476,0.0004115639910165227,-0.0109094424771996,1.733724275254644e-10,-2.000888343900442e-10,-3.274180926382542e-11,-1.135045833364212e-14,5.708974959439672e-15,-5.646524914304507e-15,0,0
31.2,1800,103.020209413241,1000,285.1149948605964,1256485.626248024,0.0499995289544366,24.98642548129389,1399.58722586479,800,283.9612579463006,1135154.81345115,0.04997624090746387,24.97782569032118,1296.567016451549,0.499995289544366,0.4997624090746386,0.0004,0.0007725361316123908,0.000412080837652964,-0.01177691004258818,-1.118678483180702e-10,-1.509761204943061e-10,-3.910827217623591e-11,-8.175399376572634e-15,6.515621375768887e-15,-1.667069260413712e-15,0,0
33.6,1800,103.1373528871954,1000,285.1143578445785,1256417.377698837,0.0499994661976137,24.98639591568286,1399.528414214534,800,283.9592193570571,1134901.988286911,0.04997450454865573,24.97696287309601,1296.391061327339,0.499994661976137,0.4997450454865573,0.0004,0.0007711284906187102,0.0004125494115487818,-0.0126397272677643,1.637090463191271e-11,-1.855369191616774e-10,-4.038156475871801e-10,-7.968506497008088e-15,7.284103875626613e-15,-6.886852199627924e-16,0,0
36,1800,103.2432627136361,1000,285.113695594609,1256346.430872932,0.04999940115753839,24.98636528005848,1399.467275178558,800,283.9572837289761,1134660.166117192,0.04997277742468387,24.97610441781217,1296.224012464922,0.4999940115753839,0.4997277742468387,0.0004,0.0007697920997193778,0.0004129730508545444,-0.01349818255159718,-3.341256160638295e-10,3.865352482534945e-10,4.274625098332763e-11,-1.183585564626388e-14,6.539907504432563e-15,-5.299580219109146e-15,0,0
38.4,1800,103.3387181114945,1000,285.1130105661379,1256273.048360602,0.0499993340563407,24.98633367848857,1399.404035699577,800,283.9554446967443,1134428.666437229,0.04997105896429619,24.97525005475221,1296.065317588083,0.499993340563407,0.4997105896429619,0.0004,0.00076852254070466,0.0004133548724459779,-0.0143525456115583,-3.078639565501362e-10,8.640199666842818e-11,-2.191882231272757e-10,-7.6235133657232e-15,8.167078124898808e-15,5.429684479807406e-16,0,0
40.8,1800,103.4244464190156,1000,285.1123050435584,1256197.474458429,0.04999926510067588,24.98630120779142,1399.338906902812,800,283.9536963085628,1134206.852978884,0.04996934863339628,24.97439953173045,1295.914460483796,0.4999926510067588,0.4996934863339628,0.0004,0.0007673156838703689,0.0004136977856760623,-0.01520306863332266,4.672529030358419e-11,1.982698449864984e-10,0,-6.040578193894364e-15,5.205905151406398e-15,-8.396061623727746e-16,0,0
43.2,1800,103.501126880645,1000,285.1115811527419,1256119.936509941,0.04999919448285813,24.98626795806716,1399.272085253516,800,283.9520329962239,1133994.130507463,0.04996764593235101,24.97355261282365,1295.770958372871,0.4999919448285813,0.4996764593235101,0.0004,0.0007661676669829703,0.0004140045075225798,-0.01604998754012499,6.969003152335063e-11,1.791704562492669e-10,4.856701707467437e-10,-5.331509973088844e-15,4.440892098500626e-15,-8.951173136040325e-16,0,0
45.6,1800,103.5693933357327,1000,285.1108408699101,1256040.645854222,0.04999912238166315,24.98623401307359,1399.203753376675,800,283.9504495539277,1133789.942552424,0.04996595039408133,24.97270907747166,1295.634360040943,0.4999912238166315,0.4996595039408133,0.0004,0.0007650748803275419,0.0004142775733429307,-0.01689352289211143,-6.991740519879386e-11,5.911715561524034e-11,-3.183231456205249e-11,-5.127734174770193e-15,1.613292832658431e-15,-3.524958103184872e-15,0,0
48,1800,103.6298378768672,1000,285.1100860337741,1255959.799124064,0.04999904896342602,24.98619945074068,1399.134081178521,800,283.9489411093025,1133593.768306738,0.04996426158145725,24.9718687192487,1295.504243301654,0.4999904896342601,0.4996426158145725,0.0004,0.0007640339464132284,0.0004145193515074688,-0.01773388111507401,3.365130396559834e-11,1.182343112304807e-10,1.527951098978519e-10,-2.255411569312971e-15,1.221245327087672e-15,-1.037364638634131e-15,0,0
50.4,1800,103.6830128823437,1000,285.109318352232,1255877.5789625,0.04999897438264739,24.98616434345448,1399.063226465845,800,283.9475031073964,1133405.120911154,0.04996257908585431,24.97103134518334,1295.380213583501,0.4999897438264739,0.4996257908585431,0.0004,0.0007630417086680063,0.000414732051529375,-0.0185712551804329,8.617462299298495e-11,-9.367795428261161e-11,2.28283170145005e-10,1.782103110914424e-15,3.882311139236094e-15,5.658667978636345e-15,0,0
52.8,1800,103.7294341767736,1000,285.1085394128668,1255794.155145077,0.04999889878294268,24.98612875850188,1398.991335916277,800,283.9461312856157,1133223.544773354,0.04996090252490148,24.97019677469612,1295.261901739504,0.4999889878294267,0.4996090252490147,0.0004,0.0007620952139160308,0.0004149177367070943,-0.01940582566765059,2.182787284255028e-11,1.091393642127514e-11,2.65572452917695e-10,2.757126124630638e-16,2.133709875451473e-15,2.397387843799947e-15,0,0
55.2,1800,103.7695832745137,1000,285.1077506903739,1255709.685374546,0.04999882229771442,24.98609275838552,1398.918545765159,800,283.9448216559688,1133048.61366691,0.04995923154088335,24.96936483884616,1295.148962490646,0.4999882229771442,0.4995923154088335,0.0004,0.0007611916999251661,0.0004150783330980548,-0.0202377615176097,2.569322532508522e-11,-1.236912794411182e-10,1.373336999677122e-10,-3.044439700339296e-15,-1.755540157688529e-15,-4.808653475407709e-15,0,0
57.6,1800,103.8039095807969,1000,285.1069535538601,1255624.316061202,0.04999874505081228,24.98605640113302,1398.844982480657,800,283.9435704876315,1132879.928865223,0.04995756579917226,24.96853537959162,1295.04107289986,0.4999874505081227,0.4995756579917225,0.0004,0.0007603285831988778,0.0004152156383231877,-0.0210672207721494,-8.594724931754172e-11,-2.710294211283326e-10,-3.565219230949879e-10,5.664956351236761e-16,5.113964807179627e-15,5.672545766444159e-15,0,0
60,1800,103.8328326096,1000,285.106149274204,1255538.183110282,0.04999866715719908,24.98601974060898,1398.770763444515,800,283.9423742893485,1132717.117258675,0.04995590498664625,24.96770824904347,1294.937930834915,0.4999866715719908,0.4995590498664625,0.0004,0.0007595034466793222,0.0004153313304384001,-0.02189435132029871,1.045918907038867e-11,-3.656168701127172e-10,-3.528839442878962e-10,-4.506377909718751e-15,-4.510281037539698e-17,-4.558853294867049e-15,0,0
62.4,1800,103.856743896406,1000,285.1053390304038,1255451.412600481,0.04999858872352506,24.98598282678394,1398.695997539339,800,283.9412297942667,1132559.829731365,0.04995424881032566,24.96688330882225,1294.839253642933,0.4999858872352506,0.4995424881032566,0.0004,0.0007587140291434626,0.0004154269755856239,-0.02271929154152019,3.094555722782388e-10,-6.748450687155128e-10,-3.54702933691442e-10,7.980812191665798e-16,1.283695372222837e-16,9.26342336171615e-16,0,0
64.8,1800,103.8760088349161,1000,285.1045239156706,1255364.121436144,0.04999850984867923,24.98594570599272,1398.620785712469,800,283.9401339453496,1132407.739600718,0.04995259699606207,24.96606042943959,1294.744776877553,0.4999850984867923,0.4995259699606207,0.0004,0.0007579582150204223,0.0004155040353396643,-0.02354217092417699,8.526512829121202e-11,-2.419255906715989e-10,-3.747118171304464e-10,-2.758752427889366e-15,7.008282842946301e-16,-2.057382042508493e-15,0,0
67.2,1800,103.8909684620235,1000,285.1037049433612,1255276.417981348,0.04999843062432612,24.98590842118579,1398.545221524745,800,283.9390838812008,1132260.541100465,0.04995094928726438,24.96523948969705,1294.654253062721,0.4999843062432612,0.4995094928726438,0.0004,0.0007572340245017712,0.0004155638738480939,-0.02436311066671948,2.987690095324069e-10,-4.05634636990726e-10,-9.276845958083868e-11,-5.64706701539075e-15,2.425143419415576e-15,-3.223116218364908e-15,0,0
69.59999999999999,1800,103.9019410269627,1000,285.1028830521859,1255188.402617033,0.04999835113537685,24.98587101215001,1398.469391632679,800,283.9380769235934,1132117.948046941,0.04994930544377866,24.96442037615751,1294.567450605716,0.4999835113537685,0.4994930544377866,0.0004,0.0007565396048457296,0.0004156077641078509,-0.02518222420626515,1.866737875388935e-10,-4.401954356580973e-10,-2.437445800751448e-10,-2.650657471292561e-15,1.738192922928761e-15,-9.124645483638005e-16,0,0
72,1800,103.9092234932834,1000,285.1020591111995,1255100.168274746,0.04999827146044081,24.98583351572008,1398.393376250253,800,283.9371105655308,1131979.692561303,0.0499476652408148,24.96360298263877,1294.484152756969,0.4999827146044081,0.499476652408148,0.0004,0.000755873222055754,0.0004156368939731337,-0.02599961772499881,2.021351974690333e-10,9.094947017729282e-13,-1.637090463191271e-11,-5.81381730951902e-15,1.214306433183765e-15,-4.600486658290492e-15,0,0
74.40000000000001,1800,103.9130929362818,1000,285.1012339244419,1255011.800933032,0.04999819167224558,24.98579596597537,1398.317249578453,800,283.9361824601289,1131845.523880765,0.04994602846794848,24.96278720974246,1294.404156642171,0.4999819167224557,0.4994602846794848,0.0004,0.0007552332531373703,0.0004156523717451273,-0.02681539062130867,8.026290743146092e-11,2.582964953035116e-10,5.820766091346741e-10,-5.107676434579211e-15,3.098216128094577e-15,-2.012279232133096e-15,0,0
76.8,1800,103.9138078599212,1000,285.1004082353161,1254923.380085556,0.04999811183803284,24.9857583944253,1398.241080210507,800,283.9352904101376,1131715.207237302,0.04994439492817956,24.96197296440959,1294.327272350586,0.4999811183803284,0.4994439492817956,0.0004,0.0007546181788046888,0.0004156552314396849,-0.02762963595418455,1.798525772755966e-10,-1.182343112304807e-11,1.764419721439481e-10,-4.619134935657243e-15,4.721917301608869e-15,1.006139616066548e-16,0,0
79.2,1800,103.9116094251954,1000,285.0995827306684,1254834.979177569,0.04999803201992788,24.98572083018241,1398.164931509614,800,283.9344323581597,1131588.52281181,0.04994276443705395,24.96116015950606,1294.253322084418,0.4999803201992788,0.4994276443705395,0.0004,0.0007540265766753473,0.0004156464377007814,-0.02844244085770598,-1.004991645459086e-10,1.418811734765768e-10,5.093170329928398e-11,-5.49224294515982e-15,3.840677775812651e-15,-1.654926196081874e-15,0,0
81.59999999999999,1800,103.906722588963,1000,285.0987580445742,1254746.66601071,0.0499979522752818,24.98568330012267,1398.088861959219,800,283.9336063775791,1131465.264763796,0.04994113682184883,24.96034871343818,1294.182139370256,0.4999795227528179,0.4994113682184882,0.0004,0.0007534571149620441,0.0004156268903558521,-0.02925388692559139,-5.002220859751105e-12,-3.092281986027956e-11,-2.546585164964199e-11,-2.399881508796664e-15,2.997602166487923e-15,6.002143226879753e-16,0,0
84,1800,103.8993571715839,1000,285.0979347618845,1254658.503122472,0.04999787265699263,24.98564582903594,1398.01292549152,800,283.9328106640541,1131345.240321463,0.04993951192080892,24.95953854979194,1294.113568319936,0.4999787265699263,0.4993951192080892,0.0004,0.0007529085465594853,0.0004155974286863356,-0.03006405057183059,1.409716787748039e-10,-1.091393642127514e-11,1.400621840730309e-10,-1.301042606982605e-15,4.548444954011188e-15,3.247402347028583e-15,0,0
86.40000000000001,1800,103.8897088542481,1000,285.0971134215421,1254570.548140609,0.04999779321380518,24.98560843976635,1397.937171794251,800,283.9320435275669,1131228.268931553,0.04993788958243253,24.95872959699614,1294.047462940003,0.4999779321380518,0.4993788958243253,0.0004,0.0007523797035200204,0.0004155588354169922,-0.03087300336763121,1.364242052659392e-12,-2.128217602148652e-10,-1.982698449864984e-10,-8.321685354695241e-15,2.42861286636753e-17,-8.298917109073045e-15,0,0
88.8,1800,103.8779601110361,1000,285.0962945196764,1254482.854114418,0.04999771399059141,24.98557115334363,1397.86164659732,800,283.9313033849878,1131114.181464361,0.04993626966480445,24.95792178800731,1293.983686486284,0.4999771399059141,0.4993626966480444,0.0004,0.0007518694918902747,0.0004155118404441446,-0.0316808123564627,2.364686224609613e-11,-2.364686224609613e-11,-2.219167072325945e-10,-6.025345153370942e-15,6.689093723366568e-15,6.522560269672795e-16,0,0
91.2,1800,103.8642810796694,1000,285.0954785124987,1254395.469824193,0.04999763502861197,24.98553398910571,1397.786391940712,800,283.9305887531298,1131002.819470753,0.04993465203497199,24.95711506001519,1293.922110861043,0.4999763502861196,0.4993465203497198,0.0004,0.0007513768868883416,0.0004154571243186774,-0.03248754034858337,8.094502845779061e-11,6.730260793119669e-11,3.910827217623591e-10,1.490344306298574e-15,2.491062911502695e-15,3.975986206938842e-15,0,0
93.59999999999999,1800,103.8488303741271,1000,285.0946658190015,1254308.440069969,0.04999755636576065,24.98549696481312,1397.711446424325,800,283.9298982422608,1130894.034488614,0.04993303656836301,24.95630935416793,1293.862616050198,0.4999755636576065,0.4993303656836301,0.0004,0.0007509009284015865,0.0004153953214965085,-0.03329324619584284,-1.646185410209e-10,-2.019078237935901e-10,-3.54702933691442e-10,1.942022931356036e-15,2.109423746787797e-15,4.045375145977914e-15,0,0
96,1800,103.8317558434401,1000,285.0938568234785,1254221.805941036,0.04999747803679241,24.98546009675584,1397.636845441373,800,283.9292305500446,1130787.687395119,0.04993142314824218,24.95550461531532,1293.805089597933,0.499974780367924,0.4993142314824218,0.0004,0.000750440716783467,0.0004153270233737603,-0.03409798504845085,-6.366462912410498e-12,-1.873559085652232e-10,-4.147295840084553e-10,4.22817163225897e-15,2.80331313717852e-15,7.029099524658022e-15,0,0
98.40000000000001,1800,103.8131952828755,1000,285.0930518778864,1254135.60506868,0.04999740007353713,24.98542339985343,1397.562621396839,800,283.928584455859,1130683.647799035,0.0499298116652009,24.95470079176796,1293.749426113963,0.4999740007353712,0.499298116652009,0.0004,0.0007499954089117054,0.0004152527811315022,-0.03490180859581216,-3.501554601825774e-11,1.036823960021138e-10,-1.546140993013978e-10,3.969697834338426e-15,2.123301534595612e-15,6.085409953726639e-15,0,0
100.8,1800,103.7932770961943,1000,285.0922513040463,1254049.871861264,0.04999732250509849,24.98538688774819,1397.488803911287,800,283.9279588155039,1130581.79347512,0.04992820201668256,24.95389783507308,1293.695526815093,0.4999732250509848,0.4992820201668255,0.0004,0.0007495642145207421,0.0004151731083847771,-0.03570476529068856,1.214175426866859e-10,-4.729372449219227e-11,8.549250196665525e-11,6.489600523629235e-15,1.311450947838466e-15,7.799316747991725e-15,0,0
103.2,1800,103.7721209150009,1000,285.0914553956967,1253964.637724193,0.04999724535804006,24.9853505728923,1397.415420010876,800,283.9273525562485,1130482.009834577,0.04992659410653812,24.95309569980469,1293.643299095875,0.4999724535804005,0.4992659410653812,0.0004,0.0007491463927670029,0.0004150884836600035,-0.03650690055908257,6.45741238258779e-11,5.275069270282984e-11,1.2732925824821e-10,-7.819699748834452e-15,9.922618282587337e-16,-6.820932707540805e-15,0,0
105.6,1800,103.7498381774897,1000,285.0906644204165,1253879.931265342,0.04999716865655921,24.98531446662933,1397.342494305316,800,283.9267646722024,1130384.189430199,0.04992498784461086,24.9522943433674,1293.592656127826,0.4999716865655921,0.4992498784461086,0.0004,0.0007487412490226088,0.0004149993527099586,-0.03730825699636853,-1.386979420203716e-10,2.091837814077735e-10,-1.509761204943061e-10,-2.8646789801412e-15,-1.894318035766673e-15,-4.760081218080359e-15,0,0
108,1800,103.7265326691811,1000,285.0898786214181,1253795.778486895,0.04999709242264916,24.98527857927009,1397.270049153806,800,283.9261942199892,1130288.231493917,0.04992338314634824,24.9514937258132,1293.543516484625,0.4999709242264916,0.4992338314634824,0.0004,0.0007483481318770027,0.0004149061306767244,-0.03810887455056644,-3.319655661471188e-11,3.401510184630752e-10,3.183231456205249e-10,-2.028325424285882e-15,9.020562075079397e-17,-1.942890293094024e-15,0,0
110.4,1800,103.7023010275618,1000,285.089098219222,1253712.202964391,0.04999701667625065,24.98524292016375,1397.198104819955,800,283.9256403147056,1130194.04150487,0.0499217799324393,24.95069380967021,1293.495803792394,0.4999701667625065,0.499217799324393,0.0004,0.0007479664303391492,0.0004148092041102472,-0.0389087906935579,1.400621840730309e-10,2.892193151637912e-10,6.71207089908421e-10,-3.966011546951975e-15,-7.840950111415168e-16,-4.746203430272544e-15,0,0
112.8,1800,103.6772332154947,1000,285.0883234132251,1253629.22601456,0.04999694143539384,24.98520749776424,1397.126679616933,800,283.9251021261303,1130101.530784219,0.04992017812847487,24.94989455978212,1293.449446401439,0.4999694143539383,0.4992017812847487,0.0004,0.0007475955712115082,0.0004147089328619786,-0.03970804058164745,7.139533408917487e-11,3.019522409886122e-10,3.819877747446299e-10,-3.996369207781569e-15,2.199629367538591e-15,-1.783295733304158e-15,0,0
115.2,1800,103.651412961163,1000,285.08755438316,1253546.866851239,0.04999686671633023,24.98517231969208,1397.055790042491,800,283.9245788752003,1130010.616118417,0.04991857766463122,24.94909594315887,1293.404377081328,0.4999686671633023,0.4991857766463121,0.0004,0.0007472350166506257,0.0004146056518446521,-0.04050665720490443,-2.496562956366688e-10,2.65572452917695e-10,2.546585164964199e-10,-5.390002680294437e-15,2.8796409701215e-15,-2.504940699310509e-15,0,0
117.6,1800,103.6249181702058,1000,285.0867912904584,1253465.142731467,0.04999679253365626,24.98513739279228,1396.985450905106,800,283.9240698307049,1129921.219405918,0.04991697847537367,24.9482979288366,1293.360532734901,0.4999679253365625,0.4991697847537367,0.0004,0.000746884261879204,0.0004144996726808231,-0.04130467152716832,2.646629582159221e-10,4.165485734120011e-10,6.875779945403337e-10,7.739035107201531e-16,-6.869504964868156e-16,9.020562075079397e-17,0,0
120,1800,103.5978213111978,1000,285.0860342795304,1253384.069091804,0.04999671890042856,24.98510272318833,1396.915675442192,800,283.9235743061972,1129833.267327185,0.04991538049917976,24.94750048774694,1293.317854130995,0.4999671890042856,0.4991538049917975,0.0004,0.0007465428330479571,0.0004143912852447911,-0.04210211261683483,2.382876118645072e-10,2.710294211283326e-10,7.47604644857347e-10,-3.463158579353198e-15,-1.040834085586084e-15,-4.489464355827977e-15,0,0
122.4,1800,103.5701897690653,1000,285.0852834789301,1253303.659673571,0.04999664582827001,24.98506831633188,1396.846475428163,800,283.9230916571562,1129746.691041212,0.04991378367828444,24.94670359259662,1293.276285659097,0.4999664582827,0.4991378367828443,0.0004,0.0007462102852727785,0.0004142807590762613,-0.04289900776715427,1.455191522836685e-10,-2.546585164964199e-11,1.309672370553017e-10,1.648637823481458e-15,4.232725281383409e-16,2.081668171172169e-15,0,0
124.8,1800,103.542086182277,1000,285.0845390024746,1253223.92664197,0.04999657332747043,24.98503417704988,1396.77786127762,800,283.9226212782819,1129661.425896595,0.04991218795843781,24.94590721775303,1293.235775095343,0.4999657332747043,0.4991218795843781,0.0004,0.0007458862007627467,0.0004141683447291079,-0.04369538261074268,3.61524143954739e-10,6.893969839438796e-10,1.056832843460143e-09,2.059984127722458e-17,-2.012279232133096e-16,-1.804112415015879e-16,0,0
127.2,1800,103.5135687805432,1000,285.0838009503567,1253144.880705627,0.0499965014070877,24.98500030959201,1396.709842148582,800,283.9221626007821,1129577.411141643,0.04991059328866174,24.9451113391293,1293.196273368039,0.499965014070877,0.4991059328866174,0.0004,0.0007455701869443128,0.0004140542751221728,-0.0444912612344659,3.119566827081144e-10,1.364242052659392e-10,2.200977178290486e-10,3.455135483276806e-15,-1.873501354054952e-16,3.275157922644212e-15,0,0
129.6,1800,103.4846916654005,1000,285.083069410075,1253066.531215636,0.04999643007503159,24.9849667176699,1396.642426028174,800,283.9217150901193,1129494.589683405,0.04990899962104765,24.94431593408881,1293.157734362774,0.4999643007503159,0.4990899962104765,0.0004,0.0007452618749021894,0.0004139387666616021,-0.04528666627496492,1.51885615196079e-10,3.310560714453459e-10,4.911271389573812e-10,-1.125835535908948e-15,-4.100886297209172e-15,-5.218048215738236e-15,0,0
132,1800,103.4555050531437,1000,285.0823444572323,1252988.88625106,0.04999635933813606,24.98493340449103,1396.575619806711,800,283.9212782440563,1129412.907879074,0.04990740691058177,24.94352098136247,1293.120114753567,0.4999635933813606,0.4990740691058177,0.0004,0.0007449609180285352,0.0004138220202125749,-0.0460816190013027,2.801243681460619e-10,3.310560714453459e-10,3.856257535517216e-10,3.207070026212122e-16,5.211109321834329e-15,5.544176229221875e-15,0,0
134.4,1800,103.4260555733072,1000,285.0816261565221,1252911.952724537,0.04999628920224856,24.98490037280056,1396.50942936872,800,283.9208515902561,1129332.315279379,0.04990581511492938,24.94272646094704,1293.083373795413,0.4999628920224856,0.4990581511492938,0.0004,0.0007446669903633047,0.0004137042222932287,-0.04687613941673519,6.548361852765083e-11,3.346940502524376e-10,1.746229827404022e-10,2.425793940719068e-15,5.898059818321144e-16,3.018418848199644e-15,0,0
136.8,1800,103.3963865036237,1000,285.0809145625026,1252835.736464958,0.04999621967230005,24.9848676249141,1396.443859664596,800,283.9204346843923,1129252.764426723,0.0499042241942659,24.94193235402514,1293.047473160972,0.4999621967230005,0.4990422419426589,0.0004,0.0007443797852877797,0.0004135855460144949,-0.0476702463386296,4.956746124662459e-10,2.310116542503238e-10,7.34871719032526e-10,3.480939494981961e-15,6.453171330633722e-16,4.135580766728708e-15,0,0
139.2,1800,103.3665379544339,1000,285.0802097202019,1252760.242282179,0.04999615075235963,24.98483516274337,1396.378914766501,800,283.9200271086613,1129174.210696282,0.04990263411114324,24.94113864290225,1293.012376812067,0.4999615075235962,0.4990263411114324,0.0004,0.000744099014496538,0.0004134661518177354,-0.04846395746151799,3.03771230392158e-10,4.82032191939652e-10,5.620677256956697e-10,4.789571517171964e-15,-2.622901895676932e-15,2.17881268582687e-15,0,0
141.6,1800,103.3365471087866,1000,285.079511665909,1252685.474051723,0.04999608244570625,24.98480298782975,1396.314597941471,800,283.9196284698498,1129096.612089366,0.04990104483031652,24.94034531092481,1292.978050832684,0.4999608244570625,0.4990104483031652,0.0004,0.0007438244066614734,0.0004133461884351463,-0.04925728943895891,4.720277502201498e-10,5.129550117999315e-10,9.931682143360376e-10,1.398620802506301e-16,-5.037636974236648e-15,-4.884981308350689e-15,0,0
144,1800,103.3064484323438,1000,285.0788204278648,1252611.434788492,0.04999601475489111,24.98477110137351,1396.250911715282,800,283.919238397644,1129019.929053,0.0498994563185929,24.93955234240871,1292.944463282938,0.4999601475489111,0.4989945631859289,0.0004,0.0007435557062635053,0.0004132257937293752,-0.05005025795505702,-8.276401786133647e-11,3.765308065339923e-10,3.03771230392158e-10,1.821893330644642e-15,4.926614671774132e-16,2.331468351712829e-15,0,0
146.4,1800,103.2762738177646,1000,285.078136026733,1252538.1266973,0.04999594768178035,24.98473950425381,1396.187857915965,800,283.9188565434612,1128944.124354979,0.04989786854472641,24.93875972258976,1292.9115840982,0.4999594768178034,0.4989786854472641,0.0004,0.0007432926727856011,0.0004131050952710584,-0.05084287777401286,2.446540747769177e-10,5.784386303275824e-10,8.294591680169106e-10,1.109572503321665e-15,-4.010680676458378e-15,-2.8796409701215e-15,0,0
148.8,1800,103.2460527760079,1000,285.0774584762289,1252465.551240081,0.04999588122761175,24.98470819705535,1396.125437731848,800,283.9184825789081,1128869.16291903,0.04989628147927987,24.93796743755837,1292.87938495584,0.4999588122761174,0.4989628147927987,0.0004,0.0007430350796467209,0.0004129842111040316,-0.05163516280540037,3.519744495861232e-10,3.092281986027956e-10,4.383764462545514e-10,1.119764003743029e-15,-5.349887199912473e-15,-4.218847493575595e-15,0,0
151.2,1800,103.2158126116244,1000,285.0767877836947,1252393.709197231,0.04999581539304695,24.98467718009268,1396.063651764737,800,283.9181161943643,1128795.01167402,0.04989469509449837,24.93717547419979,1292.847839153113,0.4999581539304694,0.4989469509449837,0.0004,0.0007427827132249039,0.0004128632504464977,-0.05242712616397682,3.401510184630752e-10,2.746673999354243e-10,6.220943760126829e-10,2.741730453781344e-15,-1.249000902703301e-15,1.505739977147869e-15,0,0
153.6,1800,103.1855785357952,1000,285.0761239504655,1252322.600707027,0.0499957501782045,24.98464645342582,1396.00250006378,800,283.9177570980688,1128721.639455632,0.04989310936422669,24.93638382015511,1292.816921527985,0.499957501782045,0.4989310936422668,0.0004,0.0007425353722238797,0.0004127423141431809,-0.05321878020866322,2.801243681460619e-10,1.364242052659392e-10,1.946318661794066e-10,1.579465724876883e-15,-1.077610223276793e-14,-9.18709552877317e-15,0,0
156,1800,103.1553738300042,1000,285.0754669724065,1252252.225322905,0.04999568558270841,24.98461601688296,1395.941982174952,800,283.9174050147946,1128649.01686531,0.04989152426379107,24.93559246376538,1292.786608344948,0.4999568558270841,0.4989152426379107,0.0004,0.0007422928667595861,0.0004126214953200169,-0.05401013659838938,3.03771230392158e-10,2.437445800751448e-10,7.876224117353559e-10,2.703566537309854e-15,-9.180156634869263e-15,-6.46011022453763e-15,0,0
158.4,1800,103.1252199764085,1000,285.0748168403381,1252182.58205888,0.0499956216057266,24.98458587007844,1395.882097180373,800,283.9170596847946,1128577.116157582,0.04988993976990466,24.93480139402694,1292.756877203964,0.499956216057266,0.4988993976990466,0.0004,0.0007420550176317137,0.000412500879905634,-0.05480120633682972,2.046363078989089e-10,2.619344741106033e-10,2.419255906715989e-10,2.078632405089209e-15,-5.252742685257772e-15,-3.157196726277789e-15,0,0
160.8,1800,103.0951367612015,1000,285.0741735403695,1252113.669425403,0.0499955582460011,24.98455601242699,1395.82284372916,800,283.9167208629631,1128505.91115033,0.04988835586059207,24.93401060055584,1292.727706967958,0.499955582460011,0.4988835586059207,0.0004,0.0007418216557436644,0.000412380547044806,-0.05559199980793395,4.18367562815547e-11,1.600710675120354e-10,2.091837814077735e-10,-1.218643241873707e-15,-5.904998712225051e-15,-7.098488463697095e-15,0,0
163.2,1800,103.0651424067269,1000,285.0735370543313,1252045.485475437,0.04999549550188728,24.984526443162,1395.76422007727,800,283.9163883177648,1128435.377110555,0.04988677251509375,24.93322007354257,1292.699077670544,0.4999549550188728,0.4988677251509375,0.0004,0.0007415926213643488,0.0004122605696269075,-0.05638252682119926,3.055902197957039e-10,5.147740012034774e-10,5.984475137665868e-10,-2.988494868239044e-15,-1.013078509970455e-14,-1.311450947838466e-14,0,0
165.6,1800,103.0352536715243,1000,285.0729073600987,1251978.027839083,0.0499954333713828,24.98449716134918,1395.706224117345,800,283.916061830423,1128365.490667609,0.04988518971379321,24.93242980371771,1292.67097044582,0.499954333713828,0.498851897137932,0.0004,0.0007413677635665626,0.0004121410146860972,-0.05717279664606068,8.458300726488233e-11,3.637978807091713e-11,-9.822542779147625e-11,6.678685382510707e-17,-1.004751837285767e-14,-9.971190539914687e-15,0,0
168,1800,103.0054859408826,1000,285.0722844318835,1251911.293754852,0.04999537185215429,24.98446816589902,1395.648853405729,800,283.9157411941829,1128296.229734485,0.0498836074381508,24.93163978232066,1292.643367464847,0.4999537185215429,0.498836074381508,0.0004,0.000741146939718772,0.0004120219437635305,-0.05796281804311221,5.184119800105691e-11,3.510649548843503e-10,4.110916052013636e-10,-6.722053469410127e-16,-9.721390359374027e-15,-1.038752417414912e-14,0,0
170.4,1800,102.9758533342253,1000,285.0716682405832,1251845.280106938,0.04999531094156882,24.98443945558154,1395.592105194589,800,283.9154262134389,1128227.573414705,0.04988202567062566,24.93085000106278,1292.616251860364,0.4999531094156882,0.4988202567062565,0.0004,0.0007409300148829115,0.0004119034133369014,-0.05875259930098764,5.911715561524034e-11,4.547473508864641e-10,7.60337570682168e-10,1.530893467549532e-15,-5.669076319492206e-15,-4.121702978920894e-15,0,0
172.8,1800,102.9463687817481,1000,285.0710587540268,1251779.983451488,0.04999525063671607,24.98441102903666,1395.535976454652,800,283.9151167031106,1128159.501935628,0.04988044439461987,24.93006045210095,1292.589607672904,0.4999525063671607,0.4988044439461987,0.0004,0.0007407168613832309,0.0004117854751269924,-0.05954214826281756,5.547917680814862e-11,1.418811734765768e-10,4.474713932722807e-10,4.66423774603264e-15,-4.496403249731884e-15,1.873501354054952e-16,0,0
175.2,1800,102.9170441026888,1000,285.0704559372255,1251715.400043544,0.04999519093443116,24.98438288478496,1395.480463898298,800,283.9148124880036,1128091.996580162,0.04987886359442109,24.92927112801049,1292.563419795609,0.4999519093443116,0.4987886359442109,0.0004,0.0007405073583648755,0.0004116681764107552,-0.06033147235327618,-1.591615728102624e-10,2.019078237935901e-10,5.820766091346741e-11,3.686721067319709e-15,-5.946632075648495e-15,-2.248201624865942e-15,0,0
177.6,1800,102.8878900927143,1000,285.0698597526561,1251651.525867102,0.0499951318313201,24.98435502123951,1395.425564005724,800,283.9145134020994,1128025.039610988,0.04987728325513902,24.92848202175515,1292.53767391301,0.499951318313201,0.4987728325513902,0.0004,0.0007403013913040776,0.0004115515603708573,-0.06112057860862308,-2.337401383556426e-10,3.474269760772586e-10,3.601599019020796e-10,9.727461891539946e-16,-8.56259507742152e-15,-7.577272143066693e-15,0,0
180,1800,102.8589165829478,1000,285.0692701604476,1251588.356655246,0.04999507332377676,24.98432743671392,1395.371273042069,800,283.9142192880697,1127958.614218649,0.04987570336266179,24.92769312666649,1292.512356459122,0.4999507332377676,0.4987570336266179,0.0004,0.0007400988516729722,0.0004114356663317912,-0.06190947369727695,-2.764863893389702e-10,2.837623469531536e-10,1.818989403545856e-11,6.707308319864325e-15,-7.896461262646426e-15,-1.179611963664229e-15,0,0
182.4,1800,102.830132507286,1000,285.0686871185953,1251525.887913094,0.04999501540800221,24.98430012943137,1395.317587077307,800,283.9139299967273,1127892.704462891,0.04987412390360683,24.9269044364207,1292.487454570021,0.499950154080022,0.4987412390360683,0.0004,0.0007398996365601688,0.0004113205300291438,-0.06269816394307526,-8.185452315956354e-11,2.619344741106033e-10,2.000888343900442e-10,6.154365211896717e-15,-5.204170427930421e-15,9.853229343548264e-16,0,0
184.8,1800,102.8015459729447,1000,285.0681105831887,1251464.114941935,0.0499949580800253,24.98427309753421,1395.264502007047,800,283.9136453864489,1127827.295211145,0.04987254486526916,24.92611594501411,1292.462956034102,0.499949580800253,0.4987254486526916,0.0004,0.0007397036482728163,0.0004112061838917789,-0.06348665534966003,-1.818989403545856e-12,3.237801138311625e-10,1.055013854056597e-10,5.669943681230194e-15,-8.93729534823251e-15,-3.233524559220768e-15,0,0
187.2,1800,102.7731643068939,1000,285.0675405085555,1251403.032854814,0.04999490133571577,24.98424633909015,1395.212013565986,800,283.913365322793,1127762.372097599,0.04987096623558727,24.9253276467471,1292.438849259092,0.4999490133571577,0.4987096623558727,0.0004,0.0007395107940727357,0.0004110926572275757,-0.06427495361667113,4.547473508864641e-12,6.657501216977835e-10,9.167706593871117e-10,-2.082969213779151e-15,-6.841749389252527e-15,-8.923417560424696e-15,0,0
189.6,1800,102.7449941125299,1000,285.0669768474414,1251342.636595775,0.04999484517080043,24.98421985209987,1395.160117344389,800,283.9130896780341,1127697.921473486,0.04986938800310105,24.92453953620428,1292.415123231859,0.4999484517080042,0.4986938800310105,0.0004,0.0007393209858548743,0.0004109799764501194,-0.06506306415949226,8.185452315956354e-11,2.364686224609613e-10,3.346940502524376e-10,1.383008291222509e-15,-6.092348847630547e-15,-4.690692279041286e-15,0,0
192,1800,102.7170413270205,1000,285.0664195511925,1251282.920959224,0.04999478958087963,24.98419363450467,1395.108808804921,800,283.9128183306927,1127633.930357069,0.04986781015691023,24.92375160823472,1292.391767477901,0.4999478958087963,0.4986781015691023,0.0004,0.0007391341398232052,0.0004108681653080821,-0.06585099212904666,6.821210263296962e-11,3.292370820418e-10,4.220055416226387e-10,-2.950764632636549e-15,-5.176414852314792e-15,-8.118505867571457e-15,0,0
194.4,1800,102.6893112575297,1000,285.0658685698681,1251223.880602017,0.04999473456143755,24.98416768419131,1395.058083292939,800,283.9125511652352,1127570.386401204,0.04986623268664694,24.9229638579391,1292.368772035409,0.4999473456143755,0.4986623268664693,0.0004,0.0007389501762832751,0.0004107572450301186,-0.06663874242466861,1.455191522836685e-11,5.456968210637569e-10,3.492459654808044e-10,1.16009632455949e-15,-7.216449660063518e-15,-6.022959908591474e-15,0,0
196.8,1800,102.6618086292649,1000,285.065323852389,1251165.510059485,0.04999468010785555,24.98414199899831,1395.007936050315,800,283.9122880716758,1127507.277851403,0.04986465558244052,24.92217628065306,1292.34612742105,0.4999468010785555,0.4986465558244052,0.0004,0.0007387690193683993,0.0004106472345170596,-0.06742631971071233,-8.913048077374697e-11,6.311893230304122e-10,3.310560714453459e-10,1.525689297121602e-15,-6.897260540483785e-15,-5.370703881624195e-15,0,0
199.2,1800,102.634537631378,1000,285.0647853466846,1251107.803760886,0.04999462621542537,24.98411657672213,1394.958362228836,800,283.9120289452013,1127444.593505271,0.04986307883488364,24.92138887193112,1292.323824597458,0.4999462621542536,0.4986307883488364,0.0004,0.0007385905967796606,0.0004105381505255118,-0.06821372843264584,6.184563972055912e-11,3.619788913056254e-10,4.474713932722807e-10,4.552348081832136e-15,-7.105427357601002e-15,-2.511879593214417e-15,0,0
201.6,1800,102.6075019459317,1000,285.0642529997782,1251050.75603882,0.04999457287935705,24.98409141512083,1394.909356898114,800,283.9117736859264,1127382.322686586,0.04986150243501044,24.92060162753646,1292.301854952182,0.4999457287935705,0.4986150243501044,0.0004,0.0007384148396174586,0.0004104300077837269,-0.06900097282731465,1.182343112304807e-11,3.783497959375381e-10,6.402842700481415e-10,2.542237254044011e-15,-4.718447854656915e-15,-2.151057110211241e-15,0,0
204,1800,102.5807047885189,1000,285.0637267579149,1250994.361142704,0.04999452009479045,24.9840665119195,1394.86091505736,800,283.9115221985588,1127320.45520954,0.04985992637426653,24.91981454342664,1292.280210268841,0.4999452009479045,0.4985992637426653,0.0004,0.0007382416821507304,0.0004103228191540756,-0.06978805693712786,6.366462912410498e-11,3.910827217623591e-10,4.765752237290144e-10,9.84455572616838e-16,-7.105427357601002e-15,-6.106226635438361e-15,0,0
206.4,1800,102.5541489439445,1000,285.0632065666718,1250938.613250532,0.04999446785680497,24.98404186481485,1394.813031645474,800,283.9112743921025,1127258.981347132,0.04985835064448255,24.91902761574121,1292.25888270153,0.4999446785680497,0.4985835064448255,0.0004,0.0007380710616122377,0.0004102165957757779,-0.07057498462256362,3.055902197957039e-10,3.255991032347083e-10,6.548361852765083e-10,-5.28656979303932e-16,-5.245803791353865e-15,-5.731526364627371e-15,0,0
208.8,1800,102.5278367906421,1000,285.0626923710298,1250883.506476738,0.04999441616042634,24.98401747147835,1394.765701547703,800,283.9110301796522,1127197.891809052,0.04985677523785549,24.91824084079281,1292.237864757061,0.4999441616042634,0.4985677523785549,0.0004,0.0007379029180564902,0.0004101113471625686,-0.07136175957096569,3.819877747446299e-11,3.747118171304464e-10,2.037268131971359e-10,2.094678597241995e-16,-6.022959908591474e-15,-5.787037515858628e-15,0,0
211.2,1800,102.5017703347546,1000,285.0621841154787,1250829.03488331,0.049994365000636,24.98399332956063,1394.7189196053,800,283.9107894781104,1127137.177711656,0.04985520014692368,24.91745421505535,1292.217149270545,0.4999436500063599,0.4985520014692368,0.0004,0.0007377371941643632,0.0004100070813390184,-0.07214838530842016,-1.51885615196079e-10,6.093614501878619e-10,2.510205376893282e-10,-6.89986262569775e-16,-7.66053886991358e-15,-8.31279489688086e-15,0,0
213.6,1800,102.4759512366545,1000,285.0616817440988,1250775.192488405,0.04999431437237838,24.98396943669491,1394.672680622926,800,283.9105522079643,1127076.830554031,0.04985362536454662,24.91666773515452,1292.196729386271,0.4999431437237837,0.4985362536454662,0.0004,0.000737573835090172,0.000409903804946618,-0.07293486520925541,1.77351466845721e-10,2.055458026006818e-10,1.709850039333105e-10,-1.916435760085378e-15,-1.085243006571091e-14,-1.275368699538149e-14,0,0
216,1800,102.4503808329457,1000,285.061185200623,1250721.973273255,0.0499942642705667,24.98394579049973,1394.626979374502,800,283.9103182931005,1127016.84219823,0.04985205088388832,24.91588139785991,1292.176598541557,0.499942642705667,0.4985205088388832,0.0004,0.0007374127883324527,0.0004098015233317828,-0.07372120250386516,2.728484105318785e-11,3.947207005694509e-10,2.146407496184111e-10,-4.271756559592887e-16,-6.605826996519681e-15,-6.994405055138486e-15,0,0
218.4,1800,102.4250601639019,1000,285.0606944285219,1250669.371191053,0.04999421469009055,24.98392238858245,1394.581810610923,800,283.9100876605745,1126957.204844698,0.04985047669839679,24.9150952000753,1292.156750447021,0.4999421469009055,0.4985047669839679,0.0004,0.0007372540035761703,0.0004097002406556075,-0.07450740028847491,4.456524038687348e-11,4.529283614829183e-10,5.20230969414115e-10,-6.756747938929664e-16,-3.858025010572419e-15,-4.496403249731884e-15,0,0
220.8,1800,102.3999899938715,1000,285.0602093710623,1250617.380173296,0.04999416562582119,24.98389922854182,1394.537169065476,800,283.9098602404382,1126897.911013876,0.04984890280178862,24.91430913883136,1292.137179071605,0.4999416562582119,0.4984890280178861,0.0004,0.0007370974325728384,0.000409599959975486,-0.07529346153241079,3.319655661471188e-10,4.05634636990726e-10,9.858922567218542e-10,5.091413401991929e-16,-5.023759186428833e-15,-4.510281037539698e-15,0,0
223.2,1800,102.3751708303405,1000,285.0597299713637,1250565.994135736,0.04999411707261667,24.98387630797026,1394.493049458992,800,283.9096359655775,1126838.953528831,0.04984732918803431,24.91352321127879,1292.117878628652,0.4999411707261667,0.4984732918803431,0.0004,0.0007369430290292129,0.000409500683321362,-0.07607938908498468,2.02817318495363e-10,6.129994289949536e-10,8.36735125631094e-10,3.1862533445004e-15,-4.968248035197576e-15,-1.720845688168993e-15,0,0
225.6,1800,102.3506029461082,1000,285.0592561724626,1250515.206985417,0.04999406902532755,24.98385362445671,1394.449446505777,800,283.9094147715243,1126780.32549518,0.04984575585134151,24.9127374146803,1292.098843559669,0.4999406902532755,0.4984575585134151,0.0004,0.0007367907484773514,0.0004094024117844328,-0.07686518568346656,9.276845958083868e-11,5.402398528531194e-10,4.147295840084553e-10,-1.482754891091176e-15,-7.119305145408816e-15,-8.576472865229334e-15,0,0
228,1800,102.3262863950551,1000,285.0587879173581,1250465.012625362,0.04999402147880123,24.98383117558848,1394.406354917786,800,283.9091965963228,1126722.020286803,0.04984418278614304,24.91195174640504,1292.08006852273,0.4999402147880123,0.4984418278614304,0.0004,0.0007366405481818438,0.0004093051455802206,-0.07765085395872973,1.282387529499829e-10,5.529727786779404e-10,9.276845958083868e-10,-3.469446951953614e-17,-2.844946500601964e-15,-2.844946500601964e-15,0,0
230.4,1800,102.3022210284446,1000,285.0583251490575,1250415.404959586,0.04999397442788587,24.98380895895323,1394.363769408778,800,283.9089813803869,1126664.031530782,0.04984260998708414,24.91116620392251,1292.061548380334,0.4999397442788587,0.4984260998708414,0.0004,0.0007364923870426701,0.0004092088841137783,-0.07843639644125844,-6.730260793119669e-11,4.492903826758265e-10,4.001776687800884e-10,-2.136745641534432e-15,-1.124100812432971e-14,-1.332267629550188e-14,0,0
232.8,1800,102.2784065129149,1000,285.0578678106284,1250366.377898639,0.04999392786743519,24.98378697214114,1394.321684699145,800,283.9087690663492,1126606.353091019,0.04984103744900893,24.9103807847962,1292.043278186231,0.4999392786743518,0.4984103744900892,0.0004,0.0007363462254898441,0.0004091136260516596,-0.07922181556757124,2.228262019343674e-10,6.893969839438796e-10,9.349605534225702e-10,-2.211772431870429e-16,-6.800116025829084e-15,-6.966649479522857e-15,0,0
235.2,1800,102.2548423423855,1000,285.0574158452308,1250317.925362996,0.04999388179231138,24.98376521274631,1394.280095518781,800,283.9085595989555,1126548.979057166,0.04983946516695091,24.90959548667908,1292.025253176395,0.4999388179231138,0.4983946516695091,0.0004,0.000736202025411163,0.0004090193693695419,-0.08000711368469382,1.682565198279917e-10,4.711182555183768e-10,6.621121428906918e-10,3.120333852413282e-15,-4.704570066849101e-15,-1.554312234475219e-15,0,0
237.6,1800,102.2315278490835,1000,285.0569691961467,1250270.041286158,0.04999383619738763,24.98374367836791,1394.238996609831,800,283.9083529249686,1126491.903734329,0.04983789313612448,24.90881030730959,1292.007468760748,0.4999383619738763,0.4983789313612448,0.0004,0.0007360597500859839,0.0004089261113963339,-0.08079229305418423,4.18367562815547e-11,5.602487362921238e-10,8.585629984736443e-10,-6.223320470066795e-16,-4.177214130152151e-15,-4.746203430272544e-15,0,0
240,1800,102.2084622211876,1000,285.0565278068301,1250222.719620153,0.04999379107755285,24.98372236661247,1394.198382731252,800,283.908148993017,1126435.121626779,0.04983632135191116,24.90802524450517,1291.989920510064,0.4999379107755285,0.4983632135191116,0.0004,0.0007359193640805133,0.0004088338488847503,-0.08157735585860237,-2.946762833744287e-10,5.002220859751105e-10,2.291926648467779e-10,-2.258609965721803e-15,-1.373900992973631e-15,-3.58046925441613e-15,0,0
242.4,1800,102.1856445142594,1000,285.0560916209365,1250175.954338686,0.04999374642771431,24.98370127509503,1394.158248661602,800,283.9079477534939,1126378.627427499,0.04983474980985089,24.9072402961581,1291.972604147343,0.4999374642771431,0.4983474980985089,0.0004,0.0007357808331787437,0.0004087425780570374,-0.0823623042056667,1.364242052659392e-11,5.311449058353901e-10,5.638867150992155e-10,-9.580010396081917e-16,-1.387778780781446e-15,-2.275957200481571e-15,0,0
244.8,1800,102.1630736639258,1000,285.0556605823607,1250129.739440947,0.04999370224280088,24.98368040144069,1394.118589202287,800,283.9077491584488,1126322.416006166,0.04983317850563195,24.90645546023077,1291.955515538361,0.4999370224280087,0.4983317850563195,0.0004,0.0007356441243068857,0.0004086522946557033,-0.08314714013300417,9.367795428261161e-11,3.965396899729967e-10,7.421476766467094e-10,1.074661193367632e-15,-5.564992910933597e-15,-4.440892098500626e-15,0,0
247.2,1800,102.1407485014379,1000,285.055234635277,1250084.068956172,0.04999365851776678,24.98365974328642,1394.079399181502,800,283.9075531614521,1126266.482395134,0.04983160743507922,24.90567073475007,1291.938650680064,0.4999365851776678,0.4983160743507922,0.0004,0.0007355092054405158,0.0004085629940057515,-0.08393186561369603,-1.919033820740879e-10,3.292370820418e-10,1.564330887049437e-10,2.52662474276022e-15,1.110223024625157e-15,3.691491556878645e-15,0,0
249.6,1800,102.1186677535886,1000,285.0548137241348,1250038.936943033,0.04999361524759122,24.98363929828082,1394.040673453596,800,283.9073597175881,1126210.821788445,0.0498300365941532,24.90488611780705,1291.922005700007,0.4999361524759122,0.498300365941532,0.0004,0.0007353760456000582,0.0004084746710143545,-0.08471648255672193,-1.728039933368564e-11,5.657057045027614e-10,5.675246939063072e-10,-1.176576197581269e-15,-2.55351295663786e-15,-3.677613769070831e-15,0,0
252,1800,102.0968300209956,1000,285.0543977935803,1249994.337481332,0.04999357242727126,24.98361906408081,1394.002406891982,800,283.9071687836266,1126155.429560028,0.04982846597896548,24.9041016075641,1291.905576870986,0.4999357242727126,0.4982846597896548,0.0004,0.0007352446149678908,0.0004083873200839826,-0.08550099279967327,2.728484105318785e-10,5.256879376247525e-10,8.185452315956354e-10,-2.408663546393797e-15,-9.020562075079397e-16,-3.247402347028583e-15,0,0
254.4,1800,102.0752338581033,1000,285.0539867887101,1249950.264699034,0.04999353005184478,24.98359903836239,1393.964594412379,800,283.9069803173622,1126100.301193569,0.04982689558571977,24.90331720222715,1291.889360554275,0.4999353005184478,0.4982689558571977,0.0004,0.0007351148844342023,0.0004083009354324131,-0.08628539813661718,-7.73070496506989e-11,4.074536263942719e-10,3.492459654808044e-10,1.360023205165817e-15,-6.75848266240564e-15,-5.342948306008566e-15,0,0
256.8,1800,102.0538777255861,1000,285.0535806549105,1249906.712755158,0.04999348811637581,24.98357921881376,1393.92723095803,800,283.9067942779966,1126045.432322897,0.0498253254107459,24.90253290006174,1291.873353232444,0.4999348811637581,0.498253254107459,0.0004,0.0007349868258595525,0.0004082155109023442,-0.08706970030202754,-1.327862264588475e-10,7.166818249970675e-10,6.075424607843161e-10,-3.554014721407484e-15,1.013078509970455e-15,-2.470246229790973e-15,0,0
259.2,1800,102.0327600109197,1000,285.0531793379172,1249863.675846104,0.04999344661596011,24.98355960313798,1393.890311505186,800,283.9066106259625,1125990.818713619,0.0498237554504842,24.90174869938562,1291.857551494266,0.4999344661596011,0.4982375545048419,0.0004,0.0007348604119541305,0.0004081310400436787,-0.08785390097814982,-2.66481947619468e-10,6.693881005048752e-10,1.855369191616774e-10,-2.720046410331634e-15,-8.285039321265231e-15,-1.092181900474998e-14,0,0
261.6,1800,102.0118790530162,1000,285.0527827838882,1249821.148213575,0.04999340554573173,24.98354018905595,1393.853831069832,800,283.9064293227173,1125936.456240539,0.04982218570146685,24.90096459855993,1291.841952016816,0.4999340554573173,0.4982218570146685,0.0004,0.0007347356161345269,0.0004080475162120647,-0.08863800180383663,-1.2732925824821e-10,7.439666660502553e-10,4.001776687800884e-10,-4.303415263029464e-15,-2.081668171172169e-15,-6.328271240363392e-15,0,0
264,1800,101.9912331080618,1000,285.0523909392894,1249779.124132086,0.04999336490085245,24.98352097430159,1393.817784697,800,283.9062503310131,1125882.340917062,0.04982061616034231,24.90018059600076,1291.826551588938,0.4999336490085244,0.4982061616034231,0.0004,0.0007346124127115072,0.0004079649324322472,-0.08942200436301206,7.185008144006133e-11,4.474713932722807e-10,2.983142621815205e-10,-4.358926414260722e-15,-2.67841304690819e-15,-6.966649479522857e-15,0,0
266.4,1800,101.9708203913274,1000,285.0520037510205,1249737.59792266,0.04999332467652345,24.98350195662718,1393.782167472501,800,283.9060736145505,1125828.468857878,0.04981904682384405,24.89939669016439,1291.811347081174,0.4999332467652345,0.4981904682384405,0.0004,0.0007344907766493924,0.0004078832815653095,-0.09020591019938351,4.547473508864641e-11,4.547473508864641e-10,5.129550117999315e-10,-3.605189063948799e-15,-6.772360450213455e-15,-1.033895191682177e-14,0,0
268.8,1800,101.9506390809179,1000,285.0516211664211,1249696.563953487,0.04999328486798577,24.98348313380366,1393.746974523453,800,283.9058991379388,1125774.836274873,0.0498174776887873,24.8986128795457,1291.796335442535,0.4999328486798577,0.498174776887873,0.0004,0.0007343706835402808,0.0004078025563236715,-0.09098972081807233,-1.928128767758608e-10,4.5656634029001e-10,5.165929906070232e-10,-2.722648495545599e-15,3.538835890992686e-15,8.604228440844963e-16,0,0
271.2,1800,101.9306872913296,1000,285.0512431331832,1249656.016630319,0.04999324547051219,24.98346450361684,1393.712201010032,800,283.9057268669094,1125721.439499679,0.04981590875208765,24.89782916268704,1291.781513718702,0.4999324547051219,0.4981590875208765,0.0004,0.0007342521097496173,0.0004077227491653184,-0.09177343767673563,-1.39152689371258e-10,3.983586793765426e-10,5.129550117999315e-10,-7.799750428860719e-15,2.095545958979983e-15,-5.648259637780484e-15,0,0
273.6,1800,101.9109631209958,1000,285.050869599493,1249615.950411859,0.04999320647942038,24.98344606387345,1393.677842138706,800,283.9055567679153,1125668.274941296,0.04981434001072585,24.89704553816149,1291.76687901771,0.4999320647942038,0.4981434001072585,0.0004,0.000734135032141683,0.0004076438524839832,-0.09255706220228177,-1.764419721439481e-10,5.220499588176608e-10,5.966285243630409e-10,-1.00149923076831e-14,1.387778780781446e-15,-8.56259507742152e-15,0,0
276,1800,101.8914646306334,1000,285.0505005139569,1249576.359801892,0.04999316789006607,24.98342781239808,1393.643893155376,800,283.9053888083047,1125615.339104338,0.04981277146176286,24.89626200458007,1291.752428524743,0.4999316789006606,0.4981277146176286,0.0004,0.000734019428197942,0.0004075658585225337,-0.09334059578369747,-1.90084392670542e-10,3.383320290595293e-10,1.709850039333105e-10,-6.209009001389987e-15,-6.106226635438361e-15,-1.225408663430017e-14,0,0
278.4,1800,101.8721898380991,1000,285.0501358255822,1249537.239346895,0.04999312969784103,24.98340974703218,1393.610349343472,800,283.9052229563576,1125562.62859301,0.04981120310234327,24.89547856059335,1291.738159505373,0.4999312969784102,0.4981120310234327,0.0004,0.000733905276042984,0.0004074887593523963,-0.09412403977042416,-2.673914423212409e-10,5.238689482212067e-10,2.764863893389702e-10,-8.57603918436034e-15,-1.429412144204889e-15,-9.936496070395151e-15,0,0
280.8,1800,101.8531367558487,1000,285.0497754838862,1249498.583648079,0.04999309189818342,24.98339186563886,1393.577206034034,800,283.9050591809686,1125510.140077292,0.04980963492966702,24.89469520487794,1291.724069278185,0.4999309189818342,0.4980963492966702,0.0004,0.0007337925542254797,0.0004074125470233948,-0.09490739548582994,1.091393642127514e-11,5.584297468885779e-10,8.221832104027271e-10,-7.235965299168257e-15,-4.662936703425657e-15,-1.18099974244501e-14,0,0
283.2,1800,101.8343033662145,1000,285.0494194388142,1249460.387352409,0.04999305448657008,24.98337416609935,1393.544458598247,800,283.9048974518468,1125457.870314249,0.04980806694100702,24.89391193614508,1291.710155232033,0.4999305448657008,0.4980806694100702,0.0004,0.0007336812418562621,0.000407337213464858,-0.09569066421868655,-7.639755494892597e-11,4.729372449219227e-10,4.147295840084553e-10,-7.373008453770424e-15,6.938893903907228e-17,-7.230327447871332e-15,0,0
285.6,1800,101.8156876278367,1000,285.0490676407543,1249422.645154244,0.04999301745851793,24.98335664631358,1393.512102448618,800,283.9047377394551,1125405.816141486,0.04980649913370394,24.89312875313793,1291.696414820781,0.4999301745851793,0.4980649913370394,0.0004,0.000733571318566248,0.0004072627505113469,-0.09647384722583752,-1.173248165287077e-10,4.711182555183768e-10,3.747118171304464e-10,-1.189413151303498e-14,-9.103828801926284e-15,-2.09277040141842e-14,0,0
288,1800,101.7972874974719,1000,285.0487200405992,1249385.3518019,0.0499929808095894,24.9833393042029,1393.480133044765,800,283.9045800148239,1125353.974457498,0.04980493150514965,24.89234565462387,1291.682845547293,0.499929808095894,0.4980493150514965,0.0004,0.000733462764378346,0.0004071891499898874,-0.0972569457399004,-3.446984919719398e-10,5.893525667488575e-10,2.91038304567337e-11,-6.482661629725328e-15,-2.206568261442499e-15,-8.604228440844963e-15,0,0
290.4,1800,101.7791009078114,1000,285.0483765896722,1249348.5020898,0.04999294453538614,24.98332213770682,1393.448545886561,800,283.9044242497305,1125302.342240385,0.04980336405280279,24.89156263940182,1291.66944497875,0.4999294453538614,0.4980336405280279,0.0004,0.0007333555598299972,0.0004071164036312457,-0.09803996096195533,-4.474713932722807e-10,3.528839442878962e-10,-8.003553375601768e-11,-9.036174586363188e-15,-6.578071420904053e-15,-1.557087792036782e-14,0,0
292.8,1800,101.7611257850538,1000,285.0480372397762,1249312.090863621,0.04999290863155294,24.98330514478521,1393.417336518577,800,283.904270416544,1125250.91653182,0.04980179677417544,24.89077970629598,1291.656210733524,0.4999290863155293,0.4980179677417544,0.0004,0.0007332496858681898,0.0004070445031402151,-0.09882289406779421,-1.164153218269348e-10,4.547473508864641e-10,5.857145879417658e-10,-1.034892657680864e-14,4.163336342344337e-16,-9.867107131356079e-15,0,0
295.2,1800,101.7433600541697,1000,285.0477019432032,1249276.113021505,0.04999287309377899,24.98328832341863,1393.386500531049,800,283.9041184881779,1125199.694431576,0.04980022966682855,24.88999685415359,1291.64314047688,0.4999287309377899,0.4980022966682854,0.0004,0.0007331451238150385,0.0004069734402166787,-0.09960574621018381,-2.901288098655641e-10,4.69299266114831e-10,1.964508555829525e-10,-9.257785510419225e-15,-8.881784197001252e-16,-1.00752739484733e-14,0,0
297.6,1800,101.7258016222274,1000,285.04737065268,1249240.56350802,0.04999283791779284,24.98327167160605,1393.356033554784,800,283.9039684382238,1125148.673111926,0.04979866272838389,24.88921408185068,1291.630231932556,0.4999283791779284,0.4979866272838389,0.0004,0.0007330418554604512,0.0004069032064889097,-0.1003885185130891,-2.301021595485508e-10,6.96672941558063e-10,4.874891601502895e-10,-1.075918867887715e-14,-5.23192600354605e-15,-1.594557819117881e-14,0,0
300,1800,101.7084484044046,1000,285.0470433214413,1249205.437321995,0.04999280309936882,24.98325518736791,1393.325931267864,800,283.9038202407264,1125097.849793781,0.04979709595650411,24.88843138828262,1291.617482863459,0.4999280309936882,0.4979709595650411,0.0004,0.0007329398629076731,0.0004068337936176185,-0.1011712120811517,-2.219167072325945e-10,6.639311322942376e-10,4.583853296935558e-10,-6.752844811108716e-15,-1.1518563880486e-15,-7.799316747991725e-15,0,0
302.4,1800,101.6912983122061,1000,285.0467199031873,1249170.729512246,0.04999276863432352,24.98323886874439,1393.296189391793,800,283.9036738702771,1125047.221756421,0.04979552934890099,24.8876487723679,1291.604891079587,0.4999276863432351,0.4979552934890099,0.0004,0.0007328391286366932,0.0004067651932488243,-0.1019538279958674,-3.783497959375381e-10,5.893525667488575e-10,-3.637978807091713e-12,-1.086500681091174e-14,-3.996802888650564e-15,-1.480759959093803e-14,0,0
304.8,1800,101.6743492505639,1000,285.0464003520724,1249136.435176055,0.04999273451851464,24.98322271379491,1393.266803690384,800,283.9035293020332,1124996.786339764,0.04979396290333717,24.88686623304914,1291.59245443982,0.4999273451851464,0.4979396290333717,0.0004,0.0007327396355185628,0.0004066973970022554,-0.102736367314634,-1.882654032669961e-10,2.255546860396862e-10,-1.782609615474939e-10,-7.94850296692573e-15,-5.301314942585122e-15,-1.318389841742373e-14,0,0
307.2,1800,101.6575991354339,1000,285.0460846227508,1249102.549464197,0.04999270074784493,24.9832067206,1393.237769973988,800,283.9033865115642,1124946.540927827,0.0497923966176124,24.88608376928643,1291.580170838554,0.4999270074784493,0.497923966176124,0.0004,0.0007326413667084307,0.0004066303965417355,-0.1035188310773449,-8.549250196665525e-11,3.03771230392158e-10,4.729372449219227e-10,-5.948366799124472e-15,-7.008282842946301e-15,-1.290634266126744e-14,0,0
309.6,1800,101.6410458825937,1000,285.0457726703389,1249069.067576927,0.04999266731825908,24.9831908872598,1393.209084095993,800,283.9032454749404,1124896.482958147,0.04979083048957138,24.88530138006114,1291.568038213399,0.4999266731825908,0.4979083048957138,0.0004,0.0007325443057071934,0.000406564183530375,-0.1043012203026308,4.18367562815547e-11,6.83940015733242e-10,9.749783203005791e-10,-1.068329452680317e-14,4.996003610813204e-16,-1.013078509970455e-14,0,0
312,1800,101.6246874096989,1000,285.0454644504163,1249035.984764051,0.04999263422574365,24.98317521189406,1393.180741952932,800,283.9031061687099,1124846.609919515,0.0497892645171019,24.88451906437497,1291.556054543233,0.4999263422574364,0.497892645171019,0.0004,0.0007324484363458668,0.0004064987496387957,-0.105083535988804,-1.973603502847254e-10,8.731149137020111e-10,4.620233085006475e-10,-7.055554057666669e-15,-7.605027718682322e-15,-1.458555498601299e-14,0,0
314.4,1800,101.6085216467554,1000,285.045159919052,1249003.296327648,0.04999260146632939,24.98315969264321,1393.152739486774,800,283.9029685698048,1124796.919341787,0.04978769869812628,24.88373682124596,1291.544217840019,0.4999260146632939,0.4978769869812628,0.0004,0.0007323537427201481,0.0004064340865870217,-0.1058657791178135,-3.128661774098873e-10,5.475158104673028e-10,2.510205376893282e-10,-1.060740037472918e-14,-3.858025010572419e-15,-1.439126595670359e-14,0,0
316.8,1800,101.5925465265118,1000,285.04485903277,1248970.997618595,0.04999256903608836,24.98314432766699,1393.125072681946,800,283.9028326556177,1124747.40880415,0.04978613303060823,24.88295464971171,1291.532526155435,0.4999256903608835,0.4978613303060823,0.0004,0.0007322602092434772,0.0004063701861060472,-0.1066479506520572,-1.864464138634503e-10,8.767528925091028e-10,9.385985322296619e-10,-6.987032480365585e-15,1.679212324745549e-15,-5.218048215738236e-15,0,0
319.2,1800,101.5767599905971,1000,285.0445617485642,1248939.084037978,0.04999253693113499,24.983129115145,1393.097737566492,800,283.9026984039426,1124698.075928728,0.0497845675125476,24.88217254882689,1291.520977575895,0.4999253693113498,0.497845675125476,0.0004,0.0007321678206071574,0.0004063070399623884,-0.1074300515368805,-6.002665031701326e-11,4.729372449219227e-10,4.292814992368221e-10,-2.84147705365001e-15,-3.594347042223944e-15,-6.356026815979021e-15,0,0
321.6,1800,101.561159993576,1000,285.0442680239036,1248907.551037697,0.04999250514762664,24.98311405327697,1393.070730212637,800,283.9025657929374,1124648.918376605,0.04978300214197703,24.88139051766165,1291.509570219061,0.4999250514762664,0.4978300214197703,0.0004,0.0007320765617524902,0.0004062446399743039,-0.1082120827021242,-1.382431946694851e-10,6.912159733474255e-10,3.383320290595293e-10,-7.262419832176903e-15,-3.733124920302089e-15,-1.090794121694216e-14,0,0
324,1800,101.5457444946433,1000,285.043977816705,1248876.394117574,0.0499924736817613,24.98309914028158,1393.044046734306,800,283.9024348011881,1124599.933854745,0.04978143691696764,24.88060855530434,1291.498302239663,0.499924736817613,0.4978143691696764,0.0004,0.0007319864179173055,0.000406182977978573,-0.1089940450594327,-3.183231456205249e-10,8.803908713161945e-10,8.11269273981452e-10,-9.612536461256482e-15,-5.634381849972669e-15,-1.518229986174902e-14,0,0
326.4,1800,101.5305114685241,1000,285.0436910853588,1248845.608828016,0.0499924425297797,24.98308437439755,1393.01768328935,800,283.9023054076108,1124551.120105411,0.04977987183562027,24.87982666085736,1291.487171820826,0.499924425297797,0.4977987183562027,0.0004,0.0007318973745666098,0.0004061220458740963,-0.1097759395064095,-5.184119800105691e-11,6.275513442233205e-10,5.966285243630409e-10,-4.841613221451269e-15,-1.290634266126744e-15,-6.050715484207103e-15,0,0
328.8,1800,101.5154589015083,1000,285.0434077887115,1248815.190768386,0.04999241168796385,24.98306975388293,1392.991636078059,800,283.9021775914787,1124502.474909231,0.04977830689606803,24.87904483343834,1291.47617717655,0.4999241168796384,0.4977830689606803,0.0004,0.0007318094174124035,0.0004060618356060331,-0.1105577669254352,-5.093170329928398e-11,7.366907084360719e-10,7.09405867382884e-10,-7.252011491321042e-15,1.165734175856414e-15,-6.022959908591474e-15,0,0
331.2,1800,101.5005847885707,1000,285.043127886056,1248785.135585685,0.04999238115263615,24.98305527701467,1392.965901342206,800,283.9020513324458,1124453.996087469,0.04977674209647811,24.87826307218102,1291.465316553635,0.4999238115263615,0.497767420964781,0.0004,0.0007317225324290793,0.0004060023391542827,-0.1113395281827465,-9.00399754755199e-11,4.911271389573812e-10,4.18367562815547e-10,-7.96194707386455e-15,-2.442490654175344e-15,-1.033895191682177e-14,0,0
333.6,1800,101.4858871422502,1000,285.0428513371493,1248755.438976562,0.04999235092016091,24.98304094208936,1392.940475366635,800,283.9019266104611,1124405.681493101,0.04977517743504445,24.8774813762318,1291.454588224384,0.4999235092016091,0.4977517743504445,0.0004,0.0007316367057950756,0.000405943548569001,-0.1121212241319682,-3.219611244276166e-10,8.549250196665525e-10,7.8580342233181e-10,-5.356392412947386e-15,-5.828670879282072e-15,-1.110223024625157e-14,0,0
336,1800,101.4713639871918,1000,285.0425781021943,1248726.096685315,0.04999232098694272,24.98302674742243,1392.915354477586,800,283.9018034058136,1124357.529015445,0.04977361290999151,24.87669974475148,1291.443990490394,0.4999232098694272,0.4977361290999151,0.0004,0.0007315519239231543,0.0004058854559487672,-0.1129028556122869,-1.618900569155812e-10,8.62200977280736e-10,7.166818249970675e-10,-8.290677172562155e-15,-2.164934898019055e-15,-1.040834085586084e-14,0,0
338.4,1800,101.4570133603752,1000,285.0423081418338,1248697.104503511,0.04999229134942618,24.98301269134803,1392.890535042248,800,283.9016816991233,1124309.536579382,0.0497720485195737,24.87591817691499,1291.433521681873,0.4999229134942618,0.497720485195737,0.0004,0.0007314681734549831,0.0004058280534415007,-0.1136844234487775,-1.600710675120354e-10,8.840288501232862e-10,9.749783203005791e-10,-3.883612181843077e-15,-7.494005416219807e-16,-4.565792188770956e-15,0,0
340.8,1800,101.442833316567,1000,285.0420414171639,1248668.458270916,0.04999226200409655,24.98299877221938,1392.866013469763,800,283.9015614712912,1124261.702139751,0.04977048426207049,24.87513667190917,1291.423180153196,0.4999226200409655,0.4977048426207049,0.0004,0.0007313854412255714,0.0004057713332662679,-0.1144659284545995,-2.037268131971359e-10,7.203198038041592e-10,2.983142621815205e-10,-5.166006511458932e-15,4.579669976578771e-16,-4.649058915617843e-15,0,0
343.2,1800,101.4288219236253,1000,285.0417778897136,1248640.153873832,0.04999223294747851,24.98298498840812,1392.841786209563,800,283.9014427035326,1124214.023685282,0.04976892013578996,24.87435522893432,1291.412964285938,0.4999223294747851,0.4976892013578996,0.0004,0.0007313037142875,0.000405715287694501,-0.1152473714294509,-2.419255906715989e-10,8.276401786133647e-10,8.330971468240023e-10,-5.140419340188274e-15,-9.159339953157541e-16,-5.953570969552402e-15,0,0
345.6,1800,101.4149772646397,1000,285.0415175214494,1248612.187245208,0.04999220417613612,24.98297133830437,1392.817849751613,800,283.9013253773567,1124166.499235899,0.04976735613906641,24.87357384720314,1291.402872486973,0.4999220417613612,0.4976735613906641,0.0004,0.0007312229798957832,0.0004056599090585587,-0.1160287531606272,3.456079866737127e-11,6.584741640836e-10,7.130438461899757e-10,-2.543971977519988e-15,1.415534356397075e-15,-1.068589661201713e-15,0,0
348,1800,101.4012974403618,1000,285.0412602747738,1248584.5543647,0.0499921756866729,24.9829578203167,1392.794200626347,800,283.9012094745362,1124119.126840136,0.04976579227025813,24.8727925259397,1291.392903185985,0.499921756866729,0.4976579227025813,0.0004,0.0007311432254878782,0.000405605189761447,-0.1168100744240697,4.18367562815547e-11,6.584741640836e-10,9.531504474580288e-10,-8.367438686374129e-15,-1.65145674912992e-15,-9.936496070395151e-15,0,0
350.4,1800,101.3877805651066,1000,285.0410061125132,1248557.251257331,0.04999214747573078,24.98294443287167,1392.770835403566,800,283.901094977144,1124071.904578346,0.04976422852775025,24.87201126438071,1291.38305483846,0.4999214747573078,0.4976422852775025,0.0004,0.000731064438707679,0.0004055511222604264,-0.1175913359830574,-1.546140993013978e-10,7.47604644857347e-10,6.148184183984995e-10,-8.448537008876045e-15,1.249000902703301e-16,-8.229528170033973e-15,0,0
352.8,1800,101.3744247711975,1000,285.0407549979238,1248530.273993988,0.04999211953999041,24.98293117441397,1392.747750692903,800,283.9009818675054,1124024.830558102,0.04976266490995072,24.8712300617737,1291.373325921705,0.499921195399904,0.4976266490995072,0.0004,0.0007309866073736412,0.0004054976990847899,-0.1183725385900729,-2.619344741106033e-10,8.803908713161945e-10,4.074536263942719e-10,-8.195267381383431e-15,-4.635181127810029e-15,-1.273980920757367e-14,0,0
355.2,1800,101.3612282076615,1000,285.0405068946829,1248503.618690724,0.04999209187617067,24.98291804340619,1392.724943143054,800,283.9008701282046,1123977.902914786,0.04976110141529094,24.87044891737725,1291.363714935392,0.4999209187617066,0.4976110141529093,0.0004,0.0007309097194831393,0.000405444912830646,-0.119153682986525,2.419255906715989e-10,5.729816621169448e-10,6.002665031701326e-10,-5.462210544981971e-15,-4.718447854656915e-15,-1.011690731189674e-14,0,0
357.6,1800,101.3481890383107,1000,285.0402617668825,1248477.281507901,0.0499920644810278,24.98290503832843,1392.702409441212,800,283.9007597421008,1123931.119813109,0.04975953804222691,24.86966783046158,1291.354220402901,0.499920644810278,0.4975953804222691,0.0004,0.0007308337632232087,0.0004053927561532427,-0.1199347699021871,2.237356966361403e-10,5.729816621169448e-10,8.149072527885437e-10,-6.25064236481343e-15,-7.771561172376096e-15,-1.394717674685353e-14,0,0
360,1800,101.3353054459465,1000,285.0400195790331,1248451.258650604,0.04999203735135593,24.9828921576785,1392.680146313317,800,283.9006506922824,1123884.479442429,0.04975797478923545,24.86888680030675,1291.344840867371,0.4999203735135593,0.4975797478923545,0.0004,0.0007307587269389642,0.0004053412217837858,-0.1207158000570168,2.255546860396862e-10,5.347828846424818e-10,7.785274647176266e-10,-7.367804283342494e-15,-2.400857290751901e-15,-9.658940314238862e-15,0,0
362.4,1800,101.3225756294564,1000,285.0397802960536,1248425.546367642,0.04999201048398613,24.98287939997153,1392.658150523184,800,283.90054296209,1123837.980019146,0.04975641165481604,24.86810582620352,1291.335574893727,0.4999201048398613,0.4975641165481604,0.0004,0.0007306845991498175,0.0004052903025178257,-0.1214967741602493,1.091393642127514e-11,5.184119800105691e-10,7.821654435247183e-10,-3.421308375495258e-15,-1.582067810090848e-15,-4.940492459581947e-15,0,0
364.8,1800,101.309997803291,1000,285.0395438832667,1248400.140951027,0.04999198387578594,24.98286676373973,1392.636418872136,800,283.9004365351192,1123791.61978697,0.04975484863749111,24.86732490745352,1291.326421068845,0.4999198387578594,0.4975484863749111,0.0004,0.0007306113685507589,0.0004052399912131641,-0.1222776929102523,-5.275069270282984e-11,7.239577826112509e-10,9.276845958083868e-10,-2.276824562219559e-15,-3.469446951953614e-15,-5.689893001203927e-15,0,0
367.2,1800,101.2975702007618,1000,285.0393103064011,1248375.038736134,0.04999195752365955,24.98285424753249,1392.614948198991,800,283.900331395181,1123745.397012652,0.04975328573580255,24.86654404336754,1291.31737799823,0.4999195752365955,0.4975328573580254,0.0004,0.000730539023985837,0.0004051902808030473,-0.1230585569962273,1.982698449864984e-10,5.184119800105691e-10,9.677023626863956e-10,-2.292870754372345e-15,-3.747002708109903e-16,-2.609024107869118e-15,0,0
369.6,1800,101.2852910720972,1000,285.0390795315824,1248350.236100885,0.04999193142454719,24.98284184991602,1392.593735379487,800,283.9002275263184,1123699.309987936,0.04975172294831323,24.86576323326631,1291.30844430739,0.4999193142454718,0.4975172294831323,0.0004,0.0007304675544591172,0.0004051411642883886,-0.1238393670974567,2.473825588822365e-10,6.220943760126829e-10,1.120497472584248e-09,-2.827165584973201e-15,1.929012505286209e-15,-8.604228440844963e-16,0,0
372,1800,101.2731586848979,1000,285.0388515253323,1248325.729465442,0.04999190557542468,24.98282956947328,1392.57277732594,800,283.900124912797,1123653.357028302,0.04975016027360601,24.86498247647998,1291.299618641042,0.4999190557542467,0.49750160273606,0.0004,0.0007303969491283369,0.0004050926347395916,-0.1246201238837941,-9.640643838793039e-11,3.983586793765426e-10,3.237801138311625e-10,-5.930152202626715e-15,-7.938094626069869e-15,-1.38222766565832e-14,0,0
374.4,1800,101.2611713245078,1000,285.0386262545626,1248301.515291797,0.04999187997330332,24.98281740480376,1392.552070986903,800,283.900023539097,1123607.536472329,0.04974859771028316,24.8642017723479,1291.290899662395,0.4999187997330332,0.4974859771028315,0.0004,0.0007303271972991588,0.0004050446852980312,-0.12540082801587,-2.546585164964199e-11,5.948095349594951e-10,3.601599019020796e-10,-3.929148673087468e-15,-1.137978600240785e-15,-5.023759186428833e-15,0,0
376.8,1800,101.2493272936854,1000,285.0384036865742,1248277.590083512,0.0499918546152294,24.98280535452342,1392.531613346956,800,283.8999233899141,1123561.84668171,0.04974703525696636,24.86342112021859,1291.282286053271,0.499918546152294,0.4974703525696636,0.0004,0.0007302582884261664,0.0004049973091747415,-0.1261814801451813,2.728484105318785e-10,5.329638952389359e-10,1.065927790477872e-09,-4.404029224636119e-15,-2.05391259555654e-15,-6.38378239159465e-15,0,0
379.2,1800,101.2376249133376,1000,285.0381837890503,1248253.950385049,0.04999182949828394,24.98279341726439,1392.511401426069,800,283.899824450144,1123516.286039496,0.04974547291229531,24.86264051944907,1291.273776512732,0.4999182949828394,0.4974547291229531,0.0004,0.0007301902121018538,0.0004049504996533505,-0.1269620809147014,1.527951098978519e-10,6.348273018375039e-10,8.11269273981452e-10,-4.662936703425657e-15,-3.136380044566067e-15,-7.743805596760467e-15,0,0
381.6,1800,101.2260625224571,1000,285.0379665300537,1248230.5927815,0.04999180461958212,24.98278159167489,1392.49143227937,800,283.8997267048803,1123470.852950039,0.04974391067492758,24.86185996940483,1291.265369756913,0.4999180461958211,0.4974391067492758,0.0004,0.0007301229580553008,0.0004049042500898286,-0.1277426309589451,3.365130396559834e-10,5.311449058353901e-10,8.985807653516531e-10,-6.879913305724017e-15,-5.773159728050814e-15,-1.25732757538799e-14,0,0
384,1800,101.2146384782541,1000,285.0377518780246,1248207.51389819,0.04999177997627324,24.98276987641908,1392.471702996918,800,283.89963013941,1123425.545838424,0.04974234854353828,24.86107946945959,1291.257064518664,0.4999177997627324,0.4974234854353827,0.0004,0.0007300565161493123,0.0004048585539130163,-0.1285231309041777,2.637534635141492e-10,7.275957614183426e-10,1.251464709639549e-09,-4.660334618211692e-15,-5.023759186428833e-15,-9.603429163007604e-15,0,0
386.4,1800,101.203351156239,1000,285.0375398017732,1248184.710400253,0.04999175556554025,24.98275827017687,1392.452210703131,800,283.8995347392067,1123380.363149764,0.04974078651681922,24.86029901899506,1291.248859546892,0.4999175556554024,0.4974078651681922,0.0004,0.000729990876375139,0.0004048134046249561,-0.1293035813687098,6.912159733474255e-11,5.384208634495735e-10,6.366462912410498e-10,-3.214876281854018e-15,-4.385380947269368e-15,-7.521760991835436e-15,0,0
388.8,1800,101.1921989443779,1000,285.0373302704736,1248162.178991472,0.04999173138459873,24.98274677164345,1392.432952556004,800,283.8994404899889,1123335.303355332,0.04973922459348434,24.85951861740331,1291.240753611627,0.4999173138459873,0.4973922459348434,0.0004,0.0007299260288930126,0.0004047687957775115,-0.130083982960457,1.800799509510398e-10,3.637978807091713e-10,3.383320290595293e-10,-3.163268258443708e-15,-5.412337245047638e-15,-8.493206138382448e-15,0,0
391.2,1800,101.1811802364905,1000,285.037123253648,1248139.916413063,0.04999170743069581,24.98273537952883,1392.413925745796,800,283.8993473777813,1123290.364959199,0.04973766277227508,24.85873826408947,1291.232745509306,0.4999170743069581,0.4973766277227508,0.0004,0.0007298619640744473,0.000404724720945962,-0.1308643362742998,-1.127773430198431e-10,5.638867150992155e-10,4.765752237290144e-10,-7.781969513231957e-15,-2.081668171172169e-15,-9.797718192317006e-15,0,0
393.6,1800,101.170293465917,1000,285.036918721204,1248117.919447371,0.0499916837011135,24.98272409255933,1392.395127498475,800,283.899255388564,1123245.546460824,0.04973610105192907,24.85795795845683,1291.224834032558,0.499916837011135,0.4973610105192907,0.0004,0.0007297986722604637,0.0004046811738636679,-0.131644641906945,6.730260793119669e-11,5.566107574850321e-10,6.439222488552332e-10,-1.195571419643215e-14,-5.190292640122607e-15,-1.704192342799615e-14,0,0
396,1800,101.1595370744967,1000,285.0367166433943,1248096.184913629,0.04999166019316501,24.98271290947585,1392.376555071921,800,283.8991645085893,1123200.846388783,0.04973453943120841,24.85717769992026,1291.217017997425,0.4999166019316501,0.4973453943120841,0.0004,0.0007297361439793967,0.0004046381482979868,-0.1324249004435103,1.818989403545856e-11,3.346940502524376e-10,6.111804395914078e-10,-1.975850039137583e-15,-3.191891195797325e-15,-5.079270337660091e-15,0,0
398.4,1800,101.1489095212394,1000,285.0365169908223,1248074.709668635,0.04999163690419514,24.98270182903415,1392.358205756439,800,283.899074724285,1123156.263290479,0.04973297790889101,24.85639748790213,1291.209296235199,0.4999163690419514,0.4973297790889101,0.0004,0.0007296743698815953,0.0004045956380849575,-0.133205112461642,2.000888343900442e-11,5.820766091346741e-10,8.585629984736443e-10,-3.15112519411187e-15,1.720845688168993e-15,-1.360023205165817e-15,0,0
400.8,1800,101.1384092826761,1000,285.0363197344385,1248053.490606323,0.0499916138315802,24.9826908500047,1392.340076874537,800,283.8989860222511,1123111.79573168,0.04973141648377026,24.85561732183207,1291.201667591861,0.499916138315802,0.4973141648377026,0.0004,0.0007296133407348861,0.0004045536371307044,-0.1339852785316964,4.18367562815547e-11,4.365574568510056e-10,5.020410753786564e-10,-5.577135975265435e-16,-4.440892098500626e-15,-4.912736883966318e-15,0,0
403.2,1800,101.1280348445823,1000,285.0361248455441,1248032.524658062,0.04999159097272807,24.98267997117277,1392.32216578112,800,283.898898389354,1123067.442306952,0.04972985515466377,24.85483720115122,1291.194130936537,0.4999159097272807,0.4972985515466377,0.0004,0.0007295530474922979,0.0004045121393783292,-0.1347653992125544,3.819877747446299e-11,5.966285243630409e-10,6.584741640836e-10,-8.053453737222327e-15,-3.33066907387547e-16,-8.326672684688674e-15,0,0
405.6,1800,101.1177847166778,1000,285.0359322957735,1248011.808790907,0.04999156832507685,24.9826691913378,1392.304469861873,800,283.8988118125411,1123023.201619218,0.04972829392039621,24.85405712530397,1291.186685145195,0.4999156832507685,0.4972829392039621,0.0004,0.0007294934811615585,0.000404471138866711,-0.1355454750598,1.455191522836685e-10,4.802132025361061e-10,8.803908713161945e-10,-9.468120731881413e-15,-1.110223024625157e-16,-9.46465128492946e-15,0,0
408,1800,101.1076574262022,1000,285.0357420570967,1247991.340007787,0.04999154588609486,24.98265850931339,1392.286986533653,800,283.898726278917,1122979.072288574,0.04972673277980665,24.8532770937416,1291.179329107451,0.4999154588609486,0.4972673277980664,0.0004,0.0007294346328596093,0.0004044306297048088,-0.1363255066221747,-1.546140993013978e-10,3.41970007866621e-10,-2.182787284255028e-11,-6.859096624012295e-15,-3.635980405647388e-15,-1.043609643147647e-14,0,0
410.4,1800,101.0976515154962,1000,285.0355541018178,1247971.115347258,0.04999152365328066,24.98264792392725,1392.26971324406,800,283.8986417757681,1122935.05295445,0.04972517173175042,24.85249710592304,1291.172061728563,0.4999152365328066,0.4972517173175042,0.0004,0.0007293764938285076,0.0004043906060619847,-0.1371054944407284,4.911271389573812e-11,3.274180926382542e-10,4.038156475871801e-10,-5.874641051395457e-15,-4.496403249731884e-15,-1.02695629777827e-14,0,0
412.8,1800,101.0877655435868,1000,285.0353684025657,1247951.131882944,0.04999150162416233,24.98263743402098,1392.252647470949,800,283.8985582905382,1122891.142273182,0.04972361077509713,24.85171716131398,1291.164881927362,0.4999150162416233,0.4972361077509713,0.0004,0.0007293190554188949,0.0004043510621743471,-0.1378854390497928,-6.184563972055912e-11,4.620233085006475e-10,1.964508555829525e-10,-6.16087042493163e-15,-7.216449660063518e-16,-6.744604874597826e-15,0,0
415.2,1800,101.0779980840307,1000,285.0351849323025,1247931.386723633,0.04999147979629767,24.98262703845008,1392.235786722739,800,283.8984758108566,1122847.338921043,0.04972204990873315,24.85093725938798,1291.157788638708,0.4999147979629767,0.4972204990873315,0.0004,0.0007292623091096665,0.0004043119923361228,-0.1386653409757912,-9.458744898438454e-11,3.092281986027956e-10,1.091393642127514e-11,-9.289444213855802e-15,-6.494804694057166e-15,-1.568190022283034e-14,0,0
417.6,1800,101.0683477203777,1000,285.03500366432,1247911.877013776,0.04999145816727469,24.9826167360842,1392.219128538572,800,283.8983943245937,1122803.641599987,0.04972048913156642,24.85015739962886,1291.150780818194,0.4999145816727469,0.4972048913156641,0.0004,0.000729206246545551,0.0004042733908815107,-0.1394452007349081,2.364686224609613e-11,4.147295840084553e-10,4.620233085006475e-10,-6.031633525971358e-15,1.665334536937735e-16,-5.745404152435185e-15,0,0
420,1800,101.0588130634337,1000,285.0348245722064,1247892.599929296,0.04999143673470793,24.98260652580541,1392.202670484819,800,283.8983138196191,1122760.049012125,0.04971892844250497,24.84937758152048,1291.143857421385,0.4999143673470792,0.4971892844250496,0.0004,0.0007291508593710805,0.0004042352522537348,-0.1402250188432923,-2.78305378742516e-10,4.69299266114831e-10,-1.818989403545856e-11,-7.282369152150636e-15,-6.106226635438361e-16,-7.799316747991725e-15,0,0
422.4,1800,101.0493927355233,1000,285.0346476298717,1247873.552680603,0.04999141549624108,24.98259640650945,1392.186410157685,800,283.8982342840152,1122716.559882186,0.04971736784047601,24.84859780455569,1291.137017422162,0.4999141549624108,0.4971736784047601,0.0004,0.0007290961393772977,0.000404197570942093,-0.141004795808076,-1.000444171950221e-10,5.238689482212067e-10,4.474713932722807e-10,-8.057790545912269e-15,-4.163336342344337e-16,-8.354428260304303e-15,0,0
424.8,1800,101.0400853750568,1000,285.0344728115354,1247854.732511195,0.04999139444954585,24.98258637710516,1392.170345182049,800,283.8981557060097,1122673.17295067,0.04971580732441987,24.84781806823364,1291.130259806992,0.4999139444954585,0.4971580732441987,0.0004,0.0007290420784559336,0.0004041603415002273,-0.141784532130135,2.037268131971359e-10,4.94765117764473e-10,9.567884262651205e-10,-7.554720737878995e-15,-4.052314039881821e-15,-1.149080830487037e-14,0,0
427.2,1800,101.0308896361328,1000,285.0343000917222,1247836.136697257,0.04999137359232146,24.98257643651432,1392.154473210915,800,283.8980780739753,1122629.886973507,0.04971424689329,24.84703837205958,1291.123583574782,0.4999137359232146,0.4971424689329,0.0004,0.0007289886685982565,0.000404123558544531,-0.1425642283041917,5.275069270282984e-11,4.729372449219227e-11,1.236912794411182e-10,-6.350822645551091e-15,-5.273559366969494e-16,-6.772360450213455e-15,0,0
429.6,1800,101.0218041846003,1000,285.0341294452863,1247817.762550075,0.04999135292229687,24.98256658367258,1392.138791927693,800,283.8980013765007,1122586.700729771,0.04971268654605912,24.84625871554797,1291.116987743093,0.4999135292229687,0.4971268654605912,0.0004,0.000728935901944742,0.0004040872167384013,-0.1433438848157991,-2.964952727779746e-10,3.346940502524376e-10,5.820766091346741e-11,-8.117638505833469e-15,-4.107825191113079e-15,-1.212918654402984e-14,0,0
432,1800,101.0128277049002,1000,285.0339608473589,1247799.607410736,0.04999133243722621,24.98255681752742,1392.123299041556,800,283.8979256022579,1122543.613007443,0.04971112628170764,24.84547909821684,1291.110471336656,0.499913324372262,0.4971112628170764,0.0004,0.0007288837706932499,0.000404051310819601,-0.1441235021469325,-2.546585164964199e-10,5.893525667488575e-10,5.893525667488575e-10,-6.292709409105868e-15,4.440892098500626e-16,-5.745404152435185e-15,0,0
434.4,1800,101.0039588977495,1000,285.0337942733632,1247781.668651378,0.04999131213488984,24.98254713703859,1392.107992288538,800,283.8978507400418,1122500.622607823,0.0497095660992271,24.84469951958947,1291.104033390789,0.4999131213488984,0.4970956609922709,0.0004,0.0007288322671263086,0.000404015835590998,-0.1449030807742986,1.2732925824821e-11,4.074536263942719e-10,2.037268131971359e-10,-6.024694632067451e-15,-2.775557561562891e-16,-6.217248937900877e-15,0,0
436.8,1800,100.9951964778586,1000,285.0336296990191,1247763.943676079,0.04999129201309508,24.98253754117849,1392.092869432145,800,283.8977767788033,1122457.728348861,0.04970800599762302,24.8439199791958,1291.097672954287,0.4999129201309508,0.4970800599762302,0.0004,0.000728781383634292,0.0004039807859114344,-0.1456826211679711,8.731149137020111e-11,6.002665031701326e-10,7.09405867382884e-10,-1.000154820074428e-14,-6.605826996519681e-15,-1.654232306691483e-14,0,0
439.2,1800,100.9865391752392,1000,285.0334671003375,1247746.429919762,0.04999127206967539,24.98252802893172,1392.077928262755,800,283.8977037076276,1122414.929062894,0.04970644597591308,24.84314047657148,1291.091389087516,0.4999127206967539,0.4970644597591308,0.0004,0.0007287311127001303,0.0004039461567009566,-0.1464621237922863,5.093170329928398e-11,5.347828846424818e-10,3.710738383233547e-10,-5.56325818745762e-15,-1.304512053934559e-15,-6.827871601444713e-15,0,0
441.6,1800,100.9779857340175,1000,285.0333064536181,1247729.124848512,0.04999125230249043,24.98251859929523,1392.063166597455,800,283.897631515746,1122372.223597988,0.04970488603312816,24.84236101125842,1291.085180863437,0.4999125230249042,0.4970488603312816,0.0004,0.0007286814469074979,0.0004039119429360698,-0.1472415891053558,2.728484105318785e-11,4.18367562815547e-10,4.620233085006475e-10,-8.410806773273549e-15,2.386979502944087e-15,-5.939693181744587e-15,0,0
444,1800,100.969534910372,1000,285.0331477354702,1247712.02596136,0.04999123270942784,24.982509251279,1392.048582281889,800,283.897560192582,1122329.610822659,0.04970332616831638,24.84158158280661,1291.079047371517,0.4999123270942784,0.4970332616831638,0.0004,0.000728632378972139,0.0004038781396414879,-0.1480210175571592,-1.327862264588475e-10,5.748006515204906e-10,6.984919309616089e-10,-1.09877384968371e-14,-2.164934898019055e-15,-1.310063169057685e-14,0,0
446.4,1800,100.9611854795903,1000,285.0329909227396,1247695.130782636,0.04999121328839655,24.98249998390303,1392.03417318361,800,283.8974897275904,1122287.089608925,0.04970176638052873,24.84080219076752,1291.072987704019,0.4999121328839655,0.4970176638052873,0.0004,0.0007285839016321551,0.0004038447419183612,-0.1488004095962552,-3.456079866737127e-10,4.94765117764473e-10,1.709850039333105e-10,-1.026782825430672e-14,-2.942091015256665e-15,-1.315614284180811e-14,0,0
448.8,1800,100.9529362296057,1000,285.0328359925639,1247678.436867916,0.04999119403733191,24.98249079619969,1392.019937197073,800,283.8974201103922,1122244.658846587,0.04970020666883129,24.84002283469962,1291.067000967467,0.4999119403733191,0.4970020666883128,0.0004,0.0007285360077397381,0.0004038117449184228,-0.1495797656641464,-2.546585164964199e-11,3.601599019020796e-10,5.893525667488575e-10,-7.347421282499766e-15,5.551115123125783e-16,-6.716849298982197e-15,0,0
451.2,1800,100.9447859627373,1000,285.0326829223528,1247661.941801864,0.04999117495419386,24.98248168721285,1392.005872241912,800,283.8973513307334,1122202.31743889,0.04969864703230124,24.83924351416677,1291.061086279174,0.4999117495419385,0.4969864703230124,0.0004,0.0007284886902333946,0.0004037791438509493,-0.1503590861969997,-2.928572939708829e-10,2.473825588822365e-10,2.146407496184111e-10,-6.898995263959762e-15,-2.05391259555654e-15,-8.881784197001252e-15,0,0
453.6,1800,100.9367334954122,1000,285.0325316897844,1247645.643197854,0.04999115603696655,24.98247265599776,1391.991976262507,800,283.8972833784831,1122160.064302276,0.04969708747002716,24.83846422873806,1291.055242767095,0.4999115603696655,0.4969708747002716,0.0004,0.000728441942136762,0.0004037469339816489,-0.1511383716257129,-1.437001628801227e-10,5.020410753786564e-10,1.491571310907602e-10,-9.423885283244005e-15,3.33066907387547e-16,-8.992806499463768e-15,0,0
456,1800,100.9287776558569,1000,285.032382272828,1247629.538700383,0.0499911372836605,24.98246370162199,1391.978247230184,800,283.8972162436867,1122117.898371938,0.04969552798111316,24.83768497799002,1291.049469574327,0.4999113728366049,0.4969552798111316,0.0004,0.0007283957565946184,0.0004037151106234278,-0.1519176223737482,-2.801243681460619e-10,2.619344741106033e-10,-2.328306436538696e-10,-9.758686914107528e-15,1.082467449009528e-15,-8.576472865229334e-15,0,0
458.4,1800,100.9209172875514,1000,285.0322346496991,1247613.625980261,0.04999111869230838,24.98245482316351,1391.964683138945,800,283.8971499164755,1122075.818592353,0.04969396856467122,24.8369057615029,1291.043765851393,0.4999111869230838,0.4969396856467122,0.0004,0.0007283501268111449,0.0004036836691502058,-0.1526968388608658,-3.692548489198089e-10,6.111804395914078e-10,2.582964953035116e-10,-9.485467966641181e-15,1.942890293094024e-15,-7.41073868937292e-15,0,0
460.8,1800,100.913151248694,1000,285.032088798863,1247597.90273499,0.04999110026096548,24.98244601971088,1391.951282005906,800,283.8970843870782,1122033.823918601,0.04969240921982231,24.83612657886116,1291.038130757212,0.4999110026096547,0.4969240921982231,0.0004,0.0007283050460576996,0.0004036526049947761,-0.1534760215026125,-2.728484105318785e-11,3.819877747446299e-10,1.346052158623934e-10,-1.029992063861229e-14,-1.443289932012704e-15,-1.162958618294851e-14,0,0
463.2,1800,100.9054784100404,1000,285.0319446990484,1247582.366690354,0.04999108198771099,24.98243729036383,1391.938041872505,800,283.8970196458596,1121991.913320227,0.04969084994569951,24.835347429655,1291.032563462465,0.4999108198771099,0.4969084994569951,0.0004,0.0007282605076997206,0.0004036219136401614,-0.1542551707087689,1.928128767758608e-10,3.16504156216979e-10,5.275069270282984e-10,-4.71584576944295e-15,3.302913498259841e-15,-1.304512053934559e-15,0,0
465.6,1800,100.8978976557817,1000,285.0318023292376,1247567.015599188,0.04999106387064687,24.9824286342328,1391.924960803588,800,283.8969556833007,1121950.0857792,0.0496892907414464,24.83456831347957,1291.027063147806,0.4999106387064687,0.496892907414464,0.0004,0.0007282165051824467,0.0004035915906231267,-0.1550342868842023,-2.564775058999658e-10,4.401954356580973e-10,1.964508555829525e-10,-9.57307150217801e-15,3.885780586188048e-16,-9.048317650695026e-15,0,0
468,1800,100.8904078831945,1000,285.0316616686688,1247551.847241622,0.04999104590789821,24.98242005043907,1391.912036887585,800,283.8968924900047,1121908.340290592,0.04968773160621751,24.83378922993523,1291.02162900439,0.499910459078982,0.4968773160621751,0.0004,0.0007281730320351234,0.0004035616315327779,-0.1558133704285432,-8.913048077374697e-11,5.638867150992155e-10,7.312337402254343e-10,-5.244936429615876e-15,5.828670879282072e-16,-4.551914400963142e-15,0,0
470.4,1800,100.8830080013886,1000,285.0315226968598,1247536.859427779,0.04999102809761542,24.98241153811574,1391.899268238803,800,283.8968300567367,1121866.675866894,0.04968617253918211,24.83301017862926,1291.016260237415,0.4999102809761542,0.4968617253918211,0.0004,0.0007281300818993186,0.0004035320320055544,-0.156592421734512,-2.182787284255028e-10,1.564330887049437e-10,-4.365574568510056e-11,-8.181823274444611e-15,1.360023205165817e-15,-6.716849298982197e-15,0,0
472.8,1800,100.8756969341355,1000,285.0313853935226,1247522.049988532,0.04999101043796646,24.98240309640416,1391.88665298944,800,283.8967683743003,1121825.091524674,0.04968461353951283,24.83223115917056,1291.010956055304,0.4999101043796645,0.4968461353951283,0.0004,0.0007280876484424334,0.0004035027877365419,-0.1573714411932059,-2.601154847070575e-10,3.201421350240707e-10,3.128661774098873e-10,-9.967721092962734e-15,-2.775557561562891e-15,-1.262878690511116e-14,0,0
475.2,1800,100.8684736172945,1000,285.0312497386305,1247507.416782663,0.04999099292714283,24.98239472445673,1391.874189295837,800,283.8967074336384,1121783.586295471,0.04968305460639496,24.83145217117402,1291.005715678543,0.4999099292714282,0.4968305460639496,0.0004,0.000728045725428341,0.000403473894469178,-0.1581504291897495,-5.456968210637569e-12,2.546585164964199e-10,2.619344741106033e-10,-7.631915932559963e-15,2.831068712794149e-15,-4.690692279041286e-15,0,0
477.6,1800,100.8613369992418,1000,285.0311157123948,1247492.95769444,0.04999097556335761,24.98238642143589,1391.861875336271,800,283.8966472258034,1121742.159222539,0.04968149573902361,24.83067321425913,1291.000538337029,0.4999097556335761,0.496814957390236,0.0004,0.0007280043066962352,0.000403445347996967,-0.1589293861046421,2.546585164964199e-11,4.474713932722807e-10,2.582964953035116e-10,-1.158621809604909e-14,4.163336342344337e-16,-1.104671909502031e-14,0,0
480,1800,100.8542860409143,1000,285.0309832952628,1247478.670633277,0.04999095834484511,24.98237818651412,1391.849709310818,800,283.8965877419549,1121700.809360655,0.04967993693660356,24.82989428805,1290.995423269903,0.499909583448451,0.4967993693660356,0.0004,0.0007279633861592264,0.0004034171441636572,-0.1597083123137715,-1.291482476517558e-10,2.364686224609613e-10,3.528839442878962e-10,-5.746271514173174e-15,0,-5.606626274357041e-15,0,0
482.4,1800,100.8473197156754,1000,285.0308524679403,1247464.553536376,0.04999094126986306,24.98237001887479,1391.83768944342,800,283.8965289733852,1121659.535778713,0.04967837819835148,24.82911539217634,1290.990369727745,0.4999094126986306,0.4967837819835147,0.0004,0.0007279229578219565,0.0004033892788627017,-0.1604872081874262,5.638867150992155e-11,4.69299266114831e-10,5.493347998708487e-10,-1.359849732818219e-14,3.608224830031759e-16,-1.310063169057685e-14,0,0
484.8,1800,100.84043700909,1000,285.0307232113508,1247450.604364127,0.04999092433668887,24.98236191771056,1391.825813978092,800,283.8964709114781,1121618.337555573,0.04967681952349246,24.82833652627184,1290.985376969002,0.4999092433668887,0.4967681952349246,0.0004,0.0007278830157520151,0.00040336174803636,-0.1612660740919267,3.219611244276166e-10,5.784386303275824e-10,6.912159733474255e-10,-1.510336994359207e-14,2.331468351712829e-15,-1.262878690511116e-14,0,0
487.2,1800,100.8336369184206,1000,285.0305955066287,1247436.821099481,0.04999090754361894,24.98235388222295,1391.814081178313,800,283.8964135477078,1121577.213779618,0.04967526091125962,24.82755768997395,1290.980444259892,0.4999090754361894,0.4967526091125961,0.0004,0.0007278435540791397,0.0004033345476736822,-0.1620449103898167,-5.456968210637569e-11,6.730260793119669e-10,8.803908713161945e-10,-6.775829897165409e-15,-3.108624468950438e-15,-9.797718192317006e-15,0,0
489.6,1800,100.8269184529861,1000,285.0304693351437,1247423.201750577,0.04999089088897097,24.98234591162345,1391.802489329301,800,283.8963568736596,1121536.163551318,0.04967370236089617,24.82677888292496,1290.975570876315,0.4999089088897097,0.4967370236089617,0.0004,0.0007278045670105184,0.0004033076738119443,-0.1628237174388083,-1.2732925824821e-10,4.511093720793724e-10,3.456079866737127e-10,-8.520094352260088e-15,-7.494005416219807e-16,-9.131584377541913e-15,0,0
492,1800,100.8202806339164,1000,285.0303446784877,1247409.744349257,0.04999087437108269,24.98233800513297,1391.791036736736,800,283.8963008810213,1121495.185981988,0.04967214387165456,24.82600010477145,1290.970756102819,0.4999087437108269,0.4967214387165456,0.0004,0.0007277660488225538,0.0004032811225356654,-0.1636024955923254,-1.855369191616774e-10,6.075424607843161e-10,4.43833414465189e-10,-1.105018854197226e-14,2.081668171172169e-15,-8.854028621385623e-15,0,0
494.4,1800,100.8137224939421,1000,285.0302215184749,1247396.446951173,0.04999085798831199,24.98233016198183,1391.779721726841,800,283.8962455615822,1121454.280193915,0.04967058544279628,24.82522135516435,1290.965999232899,0.4999085798831199,0.4967058544279628,0.0004,0.0007277279938631909,0.0004032548899757685,-0.1643812451994222,-3.456079866737127e-11,4.583853296935558e-10,4.43833414465189e-10,-1.594384346770283e-14,1.77635683940025e-15,-1.40165656858926e-14,0,0
496.8,1800,100.8072430785026,1000,285.0300998371749,1247383.307639313,0.04999084173903975,24.98232238141117,1391.768542649352,800,283.8961909072594,1121413.445322942,0.04966902707359443,24.82444263376001,1290.96129957085,0.4999084173903974,0.4966902707359443,0.0004,0.000727690396566797,0.0004032289723140102,-0.1651599666037633,1.455191522836685e-11,5.456968210637569e-10,5.857145879417658e-10,-9.212249019174834e-15,-2.498001805406602e-15,-1.157407503171726e-14,0,0
499.2,1800,100.8008414427268,1000,285.0299796168161,1247370.3245136,0.04999082562166125,24.98231466266881,1391.757497868723,800,283.8961369100263,1121372.680511111,0.04966746876332721,24.82366394021724,1290.956656425996,0.4999082562166124,0.496674687633272,0.0004,0.0007276532514079699,0.0004032033657709071,-0.1659386601465336,2.382876118645072e-10,4.984030965715647e-10,7.60337570682168e-10,-9.649399335120989e-15,-1.360023205165817e-15,-1.093569679255779e-14,0,0
501.6,1800,100.7945166535937,1000,285.0298608398597,1247357.495698869,0.04999080963459273,24.98230700501247,1391.74658577084,800,283.8960835619685,1121331.984912412,0.04966591051128288,24.82288527419959,1290.952069117246,0.4999080963459273,0.4966591051128287,0.0004,0.0007276165529379668,0.000403178066614375,-0.1667173261641857,-1.036823960021138e-10,5.129550117999315e-10,4.329194780439138e-10,-1.243623259927773e-14,-2.05391259555654e-15,-1.432187701766452e-14,0,0
504,1800,100.7882677891785,1000,285.0297434889759,1247344.819342295,0.04999079377626942,24.98229940770869,1391.735804760859,800,283.8960308552668,1121291.357691007,0.04966435231675834,24.82210663537466,1290.947536971681,0.4999079377626942,0.4966435231675834,0.0004,0.0007275802957734449,0.0004031530711567138,-0.167495964989115,1.600710675120354e-10,4.18367562815547e-10,6.039044819772243e-10,-1.06433958868557e-14,-1.193489751472043e-15,-1.168509733417977e-14,0,0
506.4,1800,100.7820939384794,1000,285.0296275470406,1247332.293613093,0.04999077804514504,24.98229187003274,1391.72515326296,800,283.8959787821949,1121250.798021081,0.04966279417905885,24.82132802341403,1290.943059324481,0.4999077804514504,0.4966279417905884,0.0004,0.0007275444745958447,0.0004031283757539177,-0.168274576949738,-5.275069270282984e-11,5.20230969414115e-10,4.911271389573812e-10,-1.360630358382409e-14,-1.609823385706477e-15,-1.512678871051776e-14,0,0
508.8,1800,100.7759942021073,1000,285.029512997157,1247319.916704694,0.04999076243969387,24.98228439126948,1391.714629722228,800,283.8959273351354,1121210.30508848,0.04966123609749946,24.82054943799394,1290.93863552012,0.4999076243969387,0.4966123609749946,0.0004,0.0007275090841609617,0.0004031039768084292,-0.1690531623698313,6.912159733474255e-11,6.075424607843161e-10,9.276845958083868e-10,-9.750013296727644e-15,-3.413935800722356e-15,-1.304512053934559e-14,0,0
511.2,1800,100.7699676910911,1000,285.0293998226223,1247307.686831377,0.04999074695840774,24.98227697071201,1391.704232601695,800,283.8958765065581,1121169.87808834,0.04965967807140309,24.8197708787943,1290.934264910604,0.4999074695840773,0.4965967807140309,0.0004,0.0007274741192848342,0.0004030798707643643,-0.1698317215694694,2.055458026006818e-10,3.41970007866621e-10,5.675246939063072e-10,-1.234082280809901e-14,1.498801083243961e-15,-1.074140776324839e-14,0,0
513.6,1800,100.7640135264701,1000,285.0292880069145,1247295.602226667,0.04999073159979475,24.98226960766106,1391.693960380983,800,283.8958262890091,1121129.516223984,0.04965812010009953,24.81899234549828,1290.929946854513,0.4999073159979475,0.4965812010009952,0.0004,0.0007274395748361057,0.0004030560541058803,-0.1706102548654904,1.418811734765768e-10,1.855369191616774e-10,1.127773430198431e-10,-1.145958328230279e-14,-2.775557561562891e-16,-1.157407503171726e-14,0,0
516,1800,100.7581308401416,1000,285.0291775337192,1247283.661146335,0.04999071636238183,24.98226230142618,1391.683811558956,800,283.8957766751316,1121089.218709167,0.04965656218292734,24.81821383779321,1290.925680718815,0.4999071636238183,0.4965656218292734,0.0004,0.0007274054457505189,0.0004030325233605663,-0.1713887625705652,7.09405867382884e-11,5.857145879417658e-10,4.474713932722807e-10,-6.036837696399289e-15,-1.332267629550188e-15,-7.244205235679146e-15,0,0
518.4,1800,100.7523187743404,1000,285.0290683869169,1247271.861866918,0.04999070124471338,24.98225505132509,1391.673784652379,800,283.8957276576571,1121048.984767064,0.04965500431923302,24.81743535537014,1290.921465878039,0.4999070124471338,0.4965500431923301,0.0004,0.0007273717270243087,0.0004030092750973617,-0.1721672449936271,-3.001332515850663e-10,4.620233085006475e-10,4.147295840084553e-10,-9.685828528116502e-15,-4.524158825347513e-15,-1.404432126150823e-14,0,0
520.8,1800,100.7465764815959,1000,285.0289605505808,1247260.202685654,0.04999068624535136,24.98224785668377,1391.663878195832,800,283.8956792294035,1121008.813630289,0.04965344650837098,24.81665689792392,1290.917301714236,0.4999068624535136,0.4965344650837098,0.0004,0.0007273384137138855,0.0004029863059263834,-0.1729457024398471,2.91038304567337e-11,4.074536263942719e-10,6.83940015733242e-10,-3.839810414074663e-15,-2.886579864025407e-15,-6.605826996519681e-15,0,0
523.2,1800,100.7409031254303,1000,285.0288540090115,1247248.681924103,0.04999067136287823,24.98224071683777,1391.65409074481,800,283.8956313833053,1120968.704543613,0.04965188874970593,24.81587846515419,1290.91318761938,0.4999067136287823,0.4965188874970592,0.0004,0.0007273055009550389,0.0004029636125017214,-0.1737241352095786,-2.728484105318785e-11,3.383320290595293e-10,5.638867150992155e-10,-1.023053169957322e-14,-6.189493362285248e-15,-1.629252288637417e-14,0,0
525.6,1800,100.7352978780209,1000,285.0287487466461,1247237.29791837,0.04999065659588878,24.98223363112844,1391.644420867457,800,283.8955841123421,1120928.656756877,0.04965033104260674,24.81510005676263,1290.909122989436,0.4999065659588878,0.4965033104260674,0.0004,0.0007272729839154908,0.0004029411915120836,-0.174502543601136,3.637978807091713e-12,1.01863406598568e-10,-1.055013854056597e-10,-1.057400694781663e-14,-2.747801985947262e-15,-1.321165399303936e-14,0,0
528,1800,100.7297599220353,1000,285.0286447481269,1247226.049026456,0.04999064194299626,24.98222659890578,1391.634867150791,800,283.8955374095917,1120888.669530436,0.04964877338645123,24.8143216724551,1290.905107228756,0.4999064194299626,0.4964877338645123,0.0004,0.0007272408578300492,0.0004029190396881413,-0.1752809279086698,3.110471880063415e-10,4.292814992368221e-10,5.20230969414115e-10,-9.865372407880102e-15,2.636779683484747e-15,-7.133182933216631e-15,0,0
530.4,1800,100.724288449707,1000,285.0285419982781,1247214.933625931,0.04999062740283041,24.98221961952752,1391.625428198628,800,283.8954912682153,1120848.742133522,0.0496472157806246,24.81354331194096,1290.901139748921,0.4999062740283041,0.496472157806246,0.0004,0.0007272091179913658,0.0004028971537988282,-0.176059288422806,2.000888343900442e-11,1.855369191616774e-10,-1.455191522836685e-11,-1.049420966792169e-14,-1.082467449009528e-15,-1.146305272925474e-14,0,0
532.8,1800,100.7188826629788,1000,285.0284404821059,1247203.950113662,0.04999061297403736,24.98221269235906,1391.616102631499,800,283.8954456814556,1120808.873844116,0.0496456582245195,24.8127649749331,1290.89721996852,0.4999061297403736,0.496456582245195,0.0004,0.0007271777597481632,0.0004028755306519151,-0.1768376254306681,-2.546585164964199e-11,5.347828846424818e-10,5.238689482212067e-10,-9.099491993236342e-15,-6.938893903907228e-16,-9.686695889854491e-15,0,0
535.2,1800,100.7135417738987,1000,285.0283401848117,1247193.096907587,0.04999059865528101,24.98220581677413,1391.606889088014,800,283.8954006426483,1120769.06395011,0.04964410071753683,24.81198666114832,1290.893347314116,0.49990598655281,0.4964410071753682,0.0004,0.0007271467785129261,0.0004028541670955946,-0.1776159392154533,-9.094947017729282e-11,4.18367562815547e-10,3.492459654808044e-10,-1.154458473262565e-14,4.996003610813204e-16,-1.096345236817342e-14,0,0
537.6,1800,100.7082650039199,1000,285.0282410917736,1247182.372444387,0.04999058444524108,24.98219899215387,1391.597786223019,800,283.8953561452078,1120729.311747873,0.04964254325908467,24.81120837030679,1290.889521219099,0.4999058444524108,0.4964254325908467,0.0004,0.0007271161697527895,0.0004028330600156796,-0.1783942300569841,-7.275957614183426e-12,3.856257535517216e-10,6.257323548197746e-10,-6.620572146065484e-15,3.747002708109903e-15,-2.775557561562891e-15,0,0
540,1800,100.703051583014,1000,285.0281431885226,1247171.775177115,0.04999057034261107,24.98219221788589,1391.588792705442,800,283.8953121826135,1120689.616540786,0.04964098584857699,24.81043010213147,1290.885741122428,0.4999057034261107,0.4964098584857699,0.0004,0.0007270859289794262,0.0004028122063320561,-0.1791724982323011,-8.731149137020111e-11,1.891748979687691e-10,-1.127773430198431e-10,-1.036410540722343e-14,3.635980405647388e-15,-6.661338147750939e-15,0,0
542.4,1800,100.697900750627,1000,285.0280464607727,1247161.303578458,0.04999055634610117,24.98218549336562,1391.579907221111,800,283.8952687484309,1120649.977641349,0.04963942848543544,24.80965185634896,1290.882006470484,0.4999055634610117,0.4963942848543544,0.0004,0.0007270560517638733,0.0004027916030025081,-0.179950744014814,-1.800799509510398e-10,8.36735125631094e-11,-8.003553375601768e-11,-1.094003360124773e-14,-1.582067810090848e-15,-1.240674230018612e-14,0,0
544.8,1800,100.6928117553737,1000,285.0279508944084,1247150.956139284,0.04999054245443684,24.98217881799563,1391.571128471577,800,283.8952258363015,1120610.394370308,0.04963787116908861,24.80887363268913,1290.878316716203,0.4999054245443684,0.4963787116908861,0.0004,0.0007270265337296241,0.0004027712470214946,-0.1807289676746429,1.818989403545856e-11,4.329194780439138e-10,4.69299266114831e-10,-1.130085608425091e-14,-2.164934898019055e-15,-1.335043187111751e-14,0,0
547.2,1800,100.6877838547571,1000,285.0278564754824,1247140.73136844,0.0499905286663588,24.98217219118565,1391.562455173854,800,283.8951834399436,1120570.866056554,0.04963631389897195,24.80809543088509,1290.874671319097,0.499905286663588,0.4963631389897195,0.0004,0.0007269973705527736,0.0004027511354190283,-0.1815071694786781,-2.746673999354243e-10,3.856257535517216e-10,3.67435859516263e-10,-1.145004230318492e-14,8.881784197001252e-16,-1.043609643147647e-14,0,0
549.6,1800,100.6828163167977,1000,285.0277631902514,1247130.627796625,0.04999051498062616,24.98216561235403,1391.55388606374,800,283.895141553171,1120531.392039202,0.04963475667452945,24.80731725067402,1290.871069746942,0.4999051498062616,0.4963475667452945,0.0004,0.0007269685579755386,0.0004027312652671908,-0.1822853496897459,1.437001628801227e-10,6.111804395914078e-10,7.748894859105349e-10,-1.260623549992346e-14,5.578870698741412e-15,-6.855627177060342e-15,0,0
552,1800,100.6779084161285,1000,285.0276710250865,1247120.643966724,0.04999050139600835,24.98215908092397,1391.545419887667,800,283.8951001698445,1120491.971662466,0.04963319949520945,24.80653909179512,1290.867511471539,0.4999050139600835,0.4963319949520945,0.0004,0.0007269400917723105,0.000402711633664514,-0.1830635085686545,1.818989403545856e-12,3.565219230949879e-10,3.783497959375381e-10,-1.040487140890889e-14,2.498001805406602e-16,-1.001976279724204e-14,0,0
554.4,1800,100.6730594367432,1000,285.0275799665396,1247110.778440973,0.04999048791129114,24.98215259632632,1391.537055408626,800,283.8950592839084,1120452.604279482,0.04963164236046778,24.80576095399113,1290.863995971883,0.4999048791129114,0.4963164236046778,0.0004,0.0007269119677750659,0.0004026922377469727,-0.1838416463726382,-4.401954356580973e-10,3.274180926382542e-10,-9.094947017729282e-11,-7.401197710255047e-15,-1.082467449009528e-15,-8.382183835919932e-15,0,0
556.8,1800,100.6682686711608,1000,285.0274900013229,1247101.029798748,0.04999047452527483,24.98214615799868,1391.528791404417,800,283.8950188893798,1120413.289251145,0.04963008526976687,24.80498283700791,1290.860522733256,0.4999047452527483,0.4963008526976687,0.0004,0.0007268841818660494,0.0004026730746846433,-0.1846197633558617,-3.637978807091713e-12,2.946762833744287e-10,3.092281986027956e-10,-1.093049262212986e-14,-5.551115123125783e-16,-1.140754157802348e-14,0,0
559.2,1800,100.6635354204147,1000,285.0274011163071,1247091.396636319,0.04999046123677388,24.98213976538541,1391.52062666746,800,283.8949789803469,1120374.025945998,0.0496285282225754,24.80420474059432,1290.857091247045,0.4999046123677388,0.496285282225754,0.0004,0.0007268567299763635,0.000402654141681659,-0.1853978597694486,-1.546140993013978e-10,4.547473508864641e-10,5.493347998708487e-10,-3.824197902790871e-15,-8.881784197001252e-16,-4.662936703425657e-15,0,0
561.6,1800,100.6588589944377,1000,285.0273132985326,1247081.877568275,0.04999044804461834,24.98213341793804,1391.512560005793,800,283.8949395509762,1120334.813740948,0.04962697121836927,24.80342666450258,1290.853701011355,0.4999044804461834,0.4962697121836926,0.0004,0.0007268296080908403,0.0004026354359777506,-0.1861759358611899,-2.019078237935901e-10,6.148184183984995e-10,1.964508555829525e-10,-1.314660186269023e-14,1.77635683940025e-15,-1.124100812432971e-14,0,0
564,1800,100.6542387116876,1000,285.0272265351994,1247072.471226056,0.04999043494765242,24.98212711511485,1391.504590242151,800,283.8949005955053,1120295.652020541,0.04962541425663074,24.80264860848792,1290.850351530463,0.4999043494765242,0.4962541425663074,0.0004,0.0007268028122437044,0.0004026169548467506,-0.1869539918758463,-7.09405867382884e-11,5.820766091346741e-10,5.311449058353901e-10,-5.822599347116153e-15,3.441691376337985e-15,-2.248201624865942e-15,0,0
566.4,1800,100.6496738975823,1000,285.0271408136365,1247063.176255031,0.04999042194473213,24.98212085637957,1391.496716211184,800,283.8948621082299,1120256.540175509,0.04962385733684722,24.80187057230805,1290.847042313601,0.4999042194473213,0.4962385733684722,0.0004,0.000726776338508811,0.000402598695590329,-0.18773202805572,1.164153218269348e-10,5.275069270282984e-10,9.022187441587448e-10,-7.988401606873197e-15,-3.05311331771918e-16,-8.132383655379272e-15,0,0
568.8,1800,100.6451638861517,1000,285.0270561213355,1247053.991317888,0.04999040903472811,24.98211464120282,1391.488936762492,800,283.8948240835191,1120217.477604469,0.04962230045851285,24.80109255572381,1290.84377287634,0.4999040903472811,0.4962230045851285,0.0004,0.0007267501830107212,0.000402580655544607,-0.1885100446399619,3.456079866737127e-10,4.43833414465189e-10,8.076312951743603e-10,-1.01273156527526e-14,3.885780586188048e-16,-9.631184738623233e-15,0,0
571.2,1800,100.6407080193355,1000,285.0269724459366,1247044.915093241,0.04999039621652439,24.98210846906152,1391.481250759359,800,283.8947865158087,1120178.463713236,0.04962074362112778,24.80031455849889,1290.840542740024,0.4999039621652439,0.4962074362112777,0.0004,0.0007267243419201914,0.0004025628320773421,-0.1892880418648772,-3.456079866737127e-11,3.055902197957039e-10,2.946762833744287e-10,-1.205459343456283e-14,-1.471045507628332e-15,-1.346145417358002e-14,0,0
573.6,1800,100.6363056469363,1000,285.0268897752273,1247035.946275416,0.04999038348901835,24.9821023394388,1391.473657078673,800,283.8947493996016,1120139.497914723,0.04961918682419813,24.79953658039983,1290.837351431737,0.4999038348901835,0.4961918682419812,0.0004,0.0007266988114538926,0.0004025452225877452,-0.1900660199639361,-2.728484105318785e-11,4.656612873077393e-10,6.912159733474255e-10,-1.025395046649891e-14,2.775557561562891e-16,-9.853229343548264e-15,0,0
576,1800,100.6319561279936,1000,285.026808097173,1247027.083577777,0.04999037085112341,24.98209625182532,1391.466154613644,800,283.8947127294834,1120100.579630677,0.04961763006723746,24.79875862119667,1290.83419848565,0.4999037085112341,0.4961763006723746,0.0004,0.0007266735878852014,0.0004025278245119743,-0.1908439791671057,6.184563972055912e-11,3.383320290595293e-10,4.220055416226387e-10,-1.143096034494917e-14,1.137978600240785e-15,-1.018629625093581e-14,0,0
578.4,1800,100.6276588272754,1000,285.0267273998413,1247018.32572471,0.04999035830176236,24.98209020571614,1391.458742266991,800,283.8946765000824,1120061.708287535,0.04961607334976327,24.79798068066129,1290.831083439715,0.4999035830176236,0.4961607334976327,0.0004,0.0007266486675177221,0.0004025106353091014,-0.1916219197024844,2.692104317247868e-10,4.474713932722807e-10,7.421476766467094e-10,-7.75855074630627e-15,4.718447854656915e-16,-7.133182933216631e-15,0,0
580.8,1800,100.623413117798,1000,285.026647671457,1247009.671457237,0.04999034583987192,24.98208420061285,1391.451418955834,800,283.8946407060999,1120022.883319343,0.04961451667129944,24.79720275856863,1290.828005838036,0.4999034583987192,0.4961451667129944,0.0004,0.0007266240467042916,0.000402493652471192,-0.1923998417951367,1.109583536162972e-10,3.67435859516263e-10,5.020410753786564e-10,-8.054321098960315e-15,5.023759186428833e-15,-2.914335439641036e-15,0,0
583.2,1800,100.6192183801948,1000,285.0265689003855,1247001.119531478,0.04999033346440168,24.98207823602307,1391.44418361026,800,283.8946053422981,1119984.104166973,0.04961296003137561,24.79642485469634,1290.824965230066,0.4999033346440168,0.4961296003137561,0.0004,0.0007265997218405245,0.000402476873520779,-0.193177745667434,9.822542779147625e-11,3.237801138311625e-10,2.110027708113194e-10,-1.061043614081214e-14,6.38378239159465e-16,-9.853229343548264e-15,0,0
585.6,1800,100.6150740022717,1000,285.02649107513,1246992.668718351,0.04999032117431367,24.98207231146024,1391.437035173075,800,283.8945704035043,1119945.370277978,0.04961140342952709,24.79564696882471,1290.821961170803,0.4999032117431367,0.4961140342952709,0.0004,0.0007265756893664238,0.0004024602960090869,-0.1939556315390583,1.455191522836685e-11,5.056790541857481e-10,5.456968210637569e-10,-7.075937058509396e-15,5.190292640122607e-15,-1.804112415015879e-15,0,0
588,1800,100.6109793798123,1000,285.0264141843426,1246984.317804637,0.04999030896858333,24.9820664264441,1391.429972600756,800,283.8945358846113,1119906.68110716,0.04960984686529522,24.79486910073693,1290.818993220944,0.4999030896858332,0.4960984686529522,0.0004,0.0007265519457675527,0.0004024439175192492,-0.1947334996268424,-4.18367562815547e-11,3.92901711165905e-10,6.111804395914078e-10,-8.166210763160819e-15,3.747002708109903e-15,-4.357625371653739e-15,0,0
590.4,1800,100.6069339159719,1000,285.0263382168163,1246976.065592251,0.04999029684619889,24.98206058050038,1391.422994862819,800,283.8945017805786,1119868.036116197,0.04960829033822717,24.79409125021892,1290.816060946847,0.4999029684619888,0.4960829033822717,0.0004,0.0007265284875747783,0.0004024277356638877,-0.1955113501448551,-1.891748979687691e-10,3.819877747446299e-10,2.110027708113194e-10,-3.758278410703753e-15,9.603429163007604e-15,5.967448757360216e-15,0,0
592.8,1800,100.6029370201293,1000,285.026263161457,1246967.910895021,0.04999028480615861,24.9820547731595,1391.416100939069,800,283.8944680864123,1119829.434771982,0.04960673384787441,24.79331341705864,1290.813163918939,0.4999028480615861,0.4960673384787441,0.0004,0.000726505311351515,0.0004024117480805171,-0.1962891833051259,-9.094947017729282e-12,3.019522409886122e-10,3.092281986027956e-10,-6.990068246448544e-15,2.359223927328458e-15,-4.524158825347513e-15,0,0
595.2,1800,100.5989881091418,1000,285.0261890073119,1246959.852542012,0.04999027284747369,24.98204900395796,1391.409289822419,800,283.8944347971841,1119790.876548367,0.0496051773937944,24.79253560104689,1290.810301713278,0.4999027284747369,0.496051773937944,0.0004,0.0007264824137062205,0.0004023959524365673,-0.1970669993168777,-3.146851668134332e-10,2.000888343900442e-10,1.418811734765768e-10,-5.737597896793289e-15,1.221245327087672e-15,-4.385380947269368e-15,0,0
597.6,1800,100.5950866067462,1000,285.0261157435586,1246951.889376237,0.04999026096916703,24.98204327243772,1391.402560517762,800,283.8944019080251,1119752.360925496,0.04960362097554983,24.79175780197692,1290.807473911016,0.4999026096916702,0.4960362097554983,0.0004,0.0007264597912881272,0.000402380346426985,-0.1978447983868499,7.275957614183426e-11,3.128661774098873e-10,4.074536263942719e-10,-8.669280571194093e-15,4.884981308350689e-15,-3.663735981263017e-15,0,0
600,1800,100.5912319435845,1000,285.0260433595037,1246944.02025446,0.04999024917027322,24.98203757814625,1391.395912041898,800,283.8943694141243,1119713.887389723,0.04960206459270856,24.79098001964445,1290.804680098314,0.4999024917027322,0.4960206459270856,0.0004,0.0007264374407865107,0.0004023649277743379,-0.1986225807193236,-2.91038304567337e-11,3.637978807091713e-10,5.893525667488575e-10,-4.250939877881166e-15,2.220446049250313e-15,-1.887379141862766e-15,0,0
600.0000000012046,1800,100.5912319435824,1000,285.0260433595037,1246944.020254456,0.04999024917027321,24.98203757814625,1391.395912041895,800,283.8943694141241,1119713.887389704,0.04960206459270778,24.79098001964406,1290.804680098312,0.4999024917027321,0.4960206459270778,0.0004,0.0007264374407864998,0.0004023649277743297,-0.1986225807197144,-6.184563972055912e-11,3.383320290595293e-10,5.311449058353901e-10,-4.954370247389761e-15,1.804112415015879e-15,-2.997602166487923e-15,0,0
600.0000000012046,1800,100.5912319435824,1000,285.0260433595037,1246944.020254456,0.04999024917027321,24.98203757814625,1391.395912041895,800,283.8943694141241,1119713.887389704,0.04960206459270778,24.79098001964406,1290.804680098312,0.4999024917027321,0.4960206459270778,0.0004,0.0007264374407864998,0.0004023649277743297,-0.1986225807197144,-6.184563972055912e-11,3.383320290595293e-10,5.311449058353901e-10,-4.954370247389761e-15,1.804112415015879e-15,-2.997602166487923e-15,0,0
602.4,1800,100.5874235424706,1000,285.025971844304,1246936.244017439,0.04999023744981324,24.98203192062464,1391.389343397835,800,283.894337310601,1119675.455420277,0.04960050824483252,24.79020225384238,1290.801919855365,0.4999023744981324,0.4960050824483252,0.0004,0.0007264153588429162,0.0004023496941698822,-0.1994003465213936,1.509761204943061e-10,8.803908713161945e-10,8.11269273981452e-10,-3.889250033140002e-15,1.665334536937735e-15,-2.164934898019055e-15,0,0
604.8,1800,100.5836608063244,1000,285.0259011867429,1246928.559466008,0.04999022580677449,24.98202629939816,1391.38285355433,800,283.8943055924084,1119637.064478553,0.04959895193146863,24.78942450435651,1290.799192748005,0.4999022580677449,0.4959895193146863,0.0004,0.0007263935419840417,0.0004023346432252974,-0.2001780960072601,3.838067641481757e-10,9.968061931431293e-10,1.622538547962904e-09,-6.521692907934806e-15,-1.554312234475219e-15,-7.993605777301127e-15,0,0
607.2,1800,100.5799432263293,1000,285.0258313772695,1246920.965579027,0.04999021424029458,24.98202071406262,1391.376441633211,800,283.8942742552521,1119598.714105883,0.04959739565223108,24.78864677100445,1290.796498406882,0.4999021424029458,0.4959739565223108,0.0004,0.0007263719872550536,0.0004023197729053172,-0.2009558293593194,2.728484105318785e-10,9.385985322296619e-10,1.455191522836685e-09,-6.192095447499213e-15,1.332267629550188e-15,-4.801714581503802e-15,0,0
609.6,1800,100.576270275265,1000,285.025762405984,1246913.461298251,0.04999020274947984,24.98201516419907,1391.370106724219,800,283.8942432946797,1119560.403826952,0.04959583940671997,24.78786905359717,1290.793836448954,0.4999020274947984,0.4959583940671997,0.0004,0.0007263506915916314,0.0004023050811010598,-0.2017335467666044,2.528395270928741e-10,1.095031620934606e-09,1.589796738699079e-09,-8.36136715420821e-15,4.329869796038111e-15,-3.969047313034935e-15,0,0
612,1800,100.5726414261417,1000,285.0256942629908,1246906.045565612,0.04999019133343678,24.98200964938868,1391.363847917539,800,283.8942127062402,1119522.133166535,0.04959428319453557,24.78709135194566,1290.791206491397,0.4999019133343678,0.4959428319453557,0.0004,0.0007263296519311771,0.0004022905657045667,-0.2025112484181086,4.292814992368221e-10,9.567884262651205e-10,1.393345883116126e-09,-4.790438878909953e-15,2.942091015256665e-15,-1.77635683940025e-15,0,0
614.4,1800,100.5690562021375,1000,285.0256269393403,1246898.717424365,0.04999017999135743,24.9820041692527,1391.357664390297,800,283.8941824859111,1119483.901694928,0.04959272701531638,24.78631366587906,1290.788608188159,0.4999017999135743,0.4959272701531637,0.0004,0.0007263088655052724,0.0004022762248085501,-0.2032889344847142,3.510649548843503e-10,8.87666828930378e-10,1.011358108371496e-09,-4.119100893706928e-15,2.664535259100376e-15,-1.387778780781446e-15,0,0
616.8,1800,100.5655140581484,1000,285.0255604247915,1246891.475779656,0.04999016872231719,24.98199872335773,1391.351555200984,800,283.8941526290838,1119445.708920415,0.0495911708686488,24.7855359952018,1290.786041142836,0.4999016872231719,0.495911708686488,0.0004,0.000726288329142686,0.0004022620562325937,-0.204066605161966,2.273736754432321e-10,1.01863406598568e-09,1.022272044792771e-09,-1.786765180256111e-16,6.661338147750939e-15,6.522560269672795e-15,0,0
619.2,1800,100.5620144561244,1000,285.0254947092374,1246884.319550978,0.0499901575254036,24.98199331127602,1391.345519420448,800,283.8941231312114,1119407.554357767,0.04958961475412461,24.78475833972092,1290.783504964324,0.499901575254036,0.4958961475412461,0.0004,0.0007262680397145923,0.0004022480578244976,-0.2048442606428473,3.92901711165905e-10,9.567884262651205e-10,1.356966095045209e-09,-1.753805434212552e-15,6.38378239159465e-16,-1.082467449009528e-15,0,0
621.6,1800,100.5585568582976,1000,285.0254297825737,1246877.247658084,0.04999014639970449,24.98198793257995,1391.339556119803,800,283.8940939877467,1119369.437521907,0.04958805867133575,24.78398069924352,1290.780999261505,0.4999014639970449,0.4958805867133574,0.0004,0.0007262479940920402,0.0004022342274331904,-0.2056219011202494,2.419255906715989e-10,9.458744898438454e-10,1.196895027533174e-09,-9.601694439531627e-16,1.304512053934559e-15,3.885780586188048e-16,0,0
624,1800,100.5551407555379,1000,285.025365635237,1246870.259078519,0.04999013534435636,24.98198258686477,1391.333664419865,800,283.8940651943872,1119331.357953762,0.04958650261989606,24.78320307358703,1290.778523664328,0.4999013534435636,0.4958650261989606,0.0004,0.0007262281893146209,0.0004022205630221515,-0.2063995267767424,3.237801138311625e-10,1.225998857989907e-09,1.560692908242345e-09,-4.170275236248244e-15,4.829470157119431e-15,6.938893903907228e-16,0,0
626.4,1800,100.5517656579095,1000,285.0253022580283,1246863.352828878,0.04999012435852875,24.98197727374119,1391.327843474928,800,283.8940367469971,1119293.315211822,0.04958494659943414,24.78242546257585,1290.776077817019,0.4999012435852874,0.4958494659943414,0.0004,0.0007262086225361509,0.0004022070626316381,-0.2071771377879195,3.474269760772586e-10,1.16779119707644e-09,1.29512045532465e-09,-2.847548585815929e-15,3.05311331771918e-16,-2.470246229790973e-15,0,0
628.8,1800,100.5484310733225,1000,285.0252396417053,1246856.527921058,0.04999011344138727,24.98197199281805,1391.322092435375,800,283.8940086414195,1119255.308852471,0.04958339060957679,24.78164786603359,1290.773661362053,0.4999011344138727,0.4958339060957679,0.0004,0.0007261892908964219,0.00040219372429329,-0.2079547343301833,4.220055416226387e-10,7.785274647176266e-10,9.822542779147625e-10,-4.403595543767125e-15,4.940492459581947e-15,5.551115123125783e-16,0,0
631.2,1800,100.5451365241213,1000,285.025177777298,1246849.783396141,0.04999010259212215,24.98196674371576,1391.31641047659,800,283.8939808736208,1119217.338445231,0.04958183464996192,24.78087028378903,1290.771273952469,0.4999010259212215,0.4958183464996191,0.0004,0.0007261701916197507,0.0004021805460964851,-0.2087323165747428,2.219167072325945e-10,9.677023626863956e-10,1.196895027533174e-09,-2.975050761300224e-15,5.051514762044462e-15,2.137179322403426e-15,0,0
633.6,1800,100.5418815295575,1000,285.0251166557778,1246843.118288801,0.04999009180991815,24.98196152605216,1391.310796768563,800,283.8939534395402,1119179.403556764,0.04958027872022495,24.78009271566984,1290.768915239006,0.4999009180991815,0.4958027872022495,0.0004,0.000726151321912046,0.0004021675261182299,-0.2095098846939294,4.165485734120011e-10,9.167706593871117e-10,1.578882802277803e-09,-5.619636700426867e-15,1.221245327087672e-15,-4.329869796038111e-15,0,0
636,1800,100.5386656148532,1000,285.0250562682276,1246836.531645789,0.04999008109397033,24.98195633944993,1391.305250491609,800,283.8939263351677,1119141.503759177,0.04957872282000601,24.77931516150587,1290.766584876755,0.4999008109397033,0.4957872282000601,0.0004,0.0007261326790140428,0.000402154662459413,-0.2102874388579004,3.765308065339923e-10,8.658389560878277e-10,1.255102688446641e-09,-4.727121472036799e-16,2.525757381022231e-15,2.109423746787797e-15,0,0
638.4,1800,100.535488313056,1000,285.0249966058772,1246830.022529519,0.04999007044348695,24.98195118353788,1391.299770839537,800,283.8938995565595,1119103.638631621,0.049577166948951,24.77853762112974,1290.764282526481,0.4999007044348695,0.49577166948951,0.0004,0.0007261142602118488,0.0004021419532522241,-0.2110649792340276,6.184563972055912e-11,1.029548002406955e-09,1.342414179816842e-09,-2.418204525511669e-15,3.524958103184872e-15,1.221245327087672e-15,0,0
640.8,1800,100.5323491609126,1000,285.0249376600262,1246823.590009779,0.04999005985768241,24.9819460579478,1391.29435701254,800,283.8938730998027,1119065.807756577,0.04957561110670874,24.77776009437542,1290.762007851627,0.4999005985768241,0.4957561110670873,0.0004,0.0007260960628130178,0.0004021293966436506,-0.2118425059883506,3.292370820418e-10,8.476490620523691e-10,1.196895027533174e-09,9.246076126956382e-16,5.440092820663267e-15,6.439293542825908e-15,0,0
643.2,1800,100.529247699179,1000,285.0248794220488,1246817.233164442,0.04999004933577805,24.98194096231463,1391.289008217761,800,283.893846961018,1119028.010720195,0.04957405529293106,24.77698258107831,1290.759760518582,0.4999004933577805,0.4957405529293106,0.0004,0.0007260780841486557,0.000402116990796716,-0.2126200192854562,4.43833414465189e-10,1.08411768451333e-09,1.542503014206886e-09,-2.826731904104207e-15,4.579669976578771e-15,1.831867990631508e-15,0,0
645.6,1800,100.5261834739733,1000,285.0248218834209,1246810.951082228,0.04999003887700434,24.98193589627765,1391.283723671635,800,283.893821136373,1118990.247113503,0.04957249950727396,24.77620508107579,1290.757540197662,0.4999003887700434,0.4957249950727396,0.0004,0.0007260603215812953,0.0004021047338958933,-0.2133975192879802,4.783942131325603e-10,9.458744898438454e-10,1.437001628801227e-09,3.851086116668512e-16,5.939693181744587e-15,6.356026815979021e-15,0,0
648,1800,100.5231560361101,1000,285.0247650357056,1246804.742861184,0.04999002848059957,24.9819308594798,1391.27850259866,800,283.893795622073,1118952.516531747,0.04957094374939697,24.77542759420688,1290.755346562549,0.4999002848059957,0.4957094374939697,0.0004,0.0007260427725003956,0.0004020926241444403,-0.2141750061568928,2.291926648467779e-10,8.585629984736443e-10,1.102307578548789e-09,-2.530961551450162e-15,5.023759186428833e-15,2.581268532253489e-15,0,0
650.4,1800,100.520164942028,1000,285.0247088705723,1246798.607610594,0.04999001814581166,24.98192585156848,1391.273344233062,800,283.8937704143722,1118914.818575233,0.04956938801896384,24.77465012031263,1290.753179291034,0.4999001814581165,0.4956938801896383,0.0004,0.000726025434328274,0.0004020806597681121,-0.2149524800511422,2.110027708113194e-10,9.822542779147625e-10,1.207808963954449e-09,-9.653736143810931e-16,6.411537967210279e-15,5.551115123125783e-15,0,0
652.8,1800,100.5172097588027,1000,285.0246533798892,1246792.544461205,0.04999000787190646,24.98192087219957,1391.268247827414,800,283.8937455096136,1118877.152853896,0.04956783231564643,24.77387265923791,1290.751038068611,0.4999000787190646,0.4956783231564643,0.0004,0.00072600830454889,0.0004020688390352107,-0.2157299411258613,6.039044819772243e-10,9.495124686509371e-10,1.80443748831749e-09,-2.957703526540456e-15,3.608224830031759e-16,-2.498001805406602e-15,0,0
655.2,1800,100.5142900524545,1000,285.024598555506,1246786.552541684,0.04998999765814822,24.98191592102816,1391.263212632581,800,283.8937209041335,1118839.518976788,0.04956627663911588,24.77309521082726,1290.748922580127,0.4998999765814822,0.4956627663911588,0.0004,0.0007259913806410131,0.0004020571602098179,-0.2165073895365062,5.275069270282984e-10,9.349605534225702e-10,1.473381416872144e-09,-4.645589468665889e-15,4.884981308350689e-15,3.33066907387547e-16,0,0
657.6,1800,100.5114053965829,1000,285.0245443894139,1246780.63099583,0.04998998750381393,24.98191099771532,1391.258237912438,800,283.89369659433,1118801.916559767,0.04956472098904908,24.77231777492791,1290.746832515855,0.4998998750381393,0.4956472098904908,0.0004,0.0007259746601268434,0.0004020456215863314,-0.2172848254358613,4.019966581836343e-10,9.313225746154785e-10,1.575244823470712e-09,-7.207776042683633e-16,3.802513859341161e-15,3.164135620181696e-15,0,0
660,1800,100.508555370624,1000,285.0244908737141,1246774.778979134,0.04998997740819039,24.98190610192671,1391.253322940958,800,283.893672576652,1118764.345223946,0.0495631653651273,24.77154035138918,1290.744767570334,0.4998997740819039,0.4956316536512729,0.0004,0.0007259581405626758,0.0004020342214824959,-0.2180622489745936,2.673914423212409e-10,7.967173587530851e-10,8.476490620523691e-10,-8.083811398051921e-16,7.577272143066693e-15,6.855627177060342e-15,0,0
662.4,1800,100.5057395603392,1000,285.0244380006253,1246768.995659788,0.04998996737057523,24.98190123333307,1391.248467002965,800,283.8936488476,1118726.804596145,0.04956160976703657,24.77076294006265,1290.742727442626,0.4998996737057522,0.4956160976703656,0.0004,0.0007259418195410071,0.0004020229582413567,-0.2188396603011213,2.382876118645072e-10,9.749783203005791e-10,9.895302355289459e-10,-3.243065538338641e-15,6.938893903907228e-15,3.802513859341161e-15,0,0
664.8,1800,100.5029575554311,1000,285.0243857624434,1246763.280214187,0.04998995739027292,24.98189639160835,1391.243669390346,800,283.8936254037121,1118689.294306908,0.04956005419446617,24.7699855408014,1290.740711834914,0.4998995739027292,0.4956005419446617,0.0004,0.0007259256946793157,0.0004020118302217242,-0.219617059562367,3.601599019020796e-10,8.549250196665525e-10,1.222360879182816e-09,-4.076600168545497e-16,6.106226635438361e-15,5.828670879282072e-15,0,0
667.2,1800,100.5002089518157,1000,285.0243341515778,1246757.631830779,0.04998994746659816,24.9818915764313,1391.238929405449,800,283.8936022415743,1118651.813992203,0.04955849864710978,24.76920815346067,1290.738720453633,0.4998994746659816,0.4955849864710978,0.0004,0.0007259097636290625,0.0004020008358072628,-0.2203944469031001,2.564775058999658e-10,8.840288501232862e-10,1.149601303040981e-09,-1.647987302177967e-15,6.467049118441537e-15,4.940492459581947e-15,0,0
669.6,1800,100.4974933479559,1000,285.0242831604878,1246752.04970343,0.04998993759887022,24.98188678748279,1391.234246355198,800,283.8935793577967,1118614.363290426,0.04955694312466332,24.76843077789664,1290.736753007242,0.4998993759887022,0.4955694312466332,0.0004,0.0007258940240579395,0.0004019899733918237,-0.2211718224671273,3.437889972701669e-10,9.713403414934874e-10,1.560692908242345e-09,-5.262283664375644e-15,6.050715484207103e-15,9.436895709313831e-16,0,0
672,1800,100.4948103463678,1000,285.0242327817064,1246746.533033901,0.049989927786415,24.98188202444683,1391.229619553353,800,283.8935567490223,1118576.941843526,0.04955538762682557,24.76765341396693,1290.734809206986,0.4998992778641499,0.4955538762682557,0.0004,0.0007258784736558846,0.0004019792413854711,-0.2219491863968415,3.03771230392158e-10,7.166818249970675e-10,1.029548002406955e-09,-2.602085213965211e-16,3.33066907387547e-15,3.164135620181696e-15,0,0
674.4,1800,100.4921595589321,1000,285.0241830079453,1246741.081042945,0.04998991802857451,24.98187728701495,1391.22504833002,800,283.8935344119743,1118539.549302024,0.04955383215330251,24.76687606153255,1290.732888771088,0.4998991802857451,0.4955383215330251,0.0004,0.0007258631101687024,0.0004019686382357285,-0.2227265388312176,1.491571310907602e-10,1.142325345426798e-09,1.302396412938833e-09,-3.551846317062513e-15,6.911138328291599e-15,3.497202527569243e-15,0,0
676.8,1800,100.4895406009221,1000,285.0241338319781,1246735.692958065,0.04998990832469637,24.98187257488133,1391.220532021071,800,283.8935123434043,1118502.185319471,0.04955227670380274,24.76609872045573,1290.730991420148,0.4998990832469636,0.4955227670380274,0.0004,0.0007258479313611879,0.0004019581624036882,-0.2235038799080442,2.855813363566995e-10,1.073203748092055e-09,1.597072696313262e-09,-3.347148946897249e-15,5.717648576819556e-15,2.498001805406602e-15,0,0
679.2,1800,100.486953086966,1000,285.0240852465662,1246730.368005405,0.04998989867412713,24.98186788773965,1391.216069961262,800,283.8934905400579,1118464.849548802,0.04955072127803427,24.76532139059843,1290.729116874296,0.4998989867412713,0.4955072127803427,0.0004,0.0007258329349943706,0.0004019478123478639,-0.2242812097653371,5.384208634495735e-10,8.003553375601768e-10,1.349690137431026e-09,-2.384377417730121e-15,6.550315845288424e-15,4.246603069191224e-15,0,0
681.6,1800,100.4843966381532,1000,285.0240372445936,1246725.10542421,0.04998988907622437,24.98186322528873,1391.211661496573,800,283.8934689987366,1118427.541648855,0.04954916587571016,24.764544071825,1290.72726485842,0.4998988907622437,0.4954916587571016,0.0004,0.0007258181188673607,0.0004019375865526126,-0.2250585285387743,4.456524038687348e-10,1.171429175883532e-09,1.633452484384179e-09,-8.011820373798884e-15,6.994405055138486e-15,-8.881784197001252e-16,0,0
684,1800,100.4818708840107,1000,285.023989819101,1246719.90447049,0.04998987953035986,24.98185858723408,1391.207305987453,800,283.8934477163111,1118390.261286023,0.04954761049654977,24.76376676400274,1290.725435103442,0.4998987953035986,0.4954761049654977,0.0004,0.000725803480827537,0.0004019274835360429,-0.2258358363610284,3.128661774098873e-10,1.091393642127514e-09,1.415173755958676e-09,-6.938893903907228e-15,5.495603971894525e-15,-1.332267629550188e-15,0,0
686.4,1800,100.4793754567008,1000,285.02394296318,1246714.764405681,0.04998987003590986,24.98185397328331,1391.203002798996,800,283.8934266896766,1118353.008129138,0.04954605514027451,24.76298946699998,1290.723627342295,0.4998987003590986,0.4954605514027451,0.0004,0.0007257890187383599,0.0004019175018268033,-0.2266131333637951,4.329194780439138e-10,7.821654435247183e-10,1.233274815604091e-09,-6.360363624668963e-15,6.300515664747763e-15,5.551115123125783e-17,0,0
688.8,1800,100.476909988532,1000,285.0238966699242,1246709.684491445,0.04998986059225095,24.98184938314414,1391.198751296481,800,283.8934059157274,1118315.781847127,0.04954449980660589,24.76221218068503,1290.721841307949,0.4998986059225095,0.4954449980660589,0.0004,0.0007257747304635886,0.0004019076399541282,-0.2273904196787377,4.401954356580973e-10,8.003553375601768e-10,1.484295353293419e-09,-5.768822919360872e-15,1.021405182655144e-14,4.524158825347513e-15,0,0
691.2,1800,100.4744741197624,1000,285.0238509325766,1246704.664005418,0.04998985119877312,24.98184481653061,1391.194550858962,800,283.8933853914271,1118278.582116117,0.04954294449527143,24.76143490492911,1290.7200767392,0.4998985119877312,0.4954294449527142,0.0004,0.0007257606139136005,0.0004018978964790494,-0.2281676954346636,1.218722900375724e-10,7.894414011389017e-10,1.156877260655165e-09,-2.408663546393797e-15,9.298117831235686e-15,6.994405055138486e-15,0,0
693.6,1800,100.4720674953244,1000,285.0238057444686,1246699.702234711,0.04998984185487435,24.98184027316053,1391.190400873613,800,283.893365113778,1118241.408616501,0.04954138920600231,24.7606576396051,1290.718333378288,0.4998984185487435,0.4954138920600231,0.0004,0.0007257466670263056,0.0004018882699812975,-0.2289449607586711,5.093170329928398e-10,8.62200977280736e-10,1.149601303040981e-09,-1.245531455751347e-15,8.271161533457416e-15,7.077671781985373e-15,0,0
696,1800,100.4696897639872,1000,285.0237610990021,1246694.798473894,0.04998983255995898,24.98183575275461,1391.186300734065,800,283.8933450798136,1118204.261032031,0.04953983393853255,24.75988038458724,1290.716610970078,0.4998983255995898,0.4953983393853255,0.0004,0.0007257328877606214,0.0004018787590559486,-0.2297222157765262,5.911715561524034e-10,6.257323548197746e-10,9.895302355289459e-10,-5.720250662033521e-15,8.215650382226158e-15,2.581268532253489e-15,0,0
698.4,1800,100.4673405776266,1000,285.0237169896395,1246689.952024089,0.04998982331343686,24.98183125503623,1391.182249839531,800,283.8933252865957,1118167.139049389,0.04953827869259849,24.75910313975094,1290.714909261904,0.4998982331343685,0.4953827869259849,0.0004,0.0007257192740952323,0.0004018693623105064,-0.2304994606128332,2.528395270928741e-10,9.240466170012951e-10,9.531504474580288e-10,-1.262878690511116e-15,7.494005416219807e-15,6.38378239159465e-15,0,0
700.8,1800,100.4650195936301,1000,285.0236734099448,1246685.16219725,0.04998981411472692,24.98182677973299,1391.178247598582,800,283.8933057312314,1118130.042360151,0.04953672346794074,24.75832590497352,1290.713228004952,0.4998981411472692,0.4953672346794074,0.0004,0.0007257058240396145,0.0004018600783745205,-0.2312766953902461,5.638867150992155e-10,8.87666828930378e-10,1.458829501643777e-09,-4.75400968591444e-15,7.993605777301127e-15,3.302913498259841e-15,0,0
703.2,1800,100.4627264732624,1000,285.023630353556,1246680.428313268,0.04998980496325495,24.98182232657567,1391.174293426576,800,283.8932864108609,1118092.97065946,0.04953516826430288,24.75754868013377,1290.711566953313,0.4998980496325495,0.4953516826430288,0.0004,0.0007256925356265055,0.0004018509058930494,-0.2320539202300012,5.147740012034774e-10,1.098669599741697e-09,1.629814505577087e-09,-2.993265357797981e-15,1.06581410364015e-14,7.771561172376096e-15,0,0
705.6,1800,100.4604608821417,1000,285.0235878141918,1246675.749700562,0.04998979585845376,24.98181789529841,1391.170386746299,800,283.8932673226607,1118055.923646295,0.04953361308143165,24.75677146511196,1290.709925864157,0.4998979585845376,0.4953361308143165,0.0004,0.0007256794069132593,0.0004018418435285666,-0.2328311352518142,3.601599019020796e-10,6.111804395914078e-10,7.530616130679846e-10,-4.187622471008012e-15,1.157407503171726e-14,7.494005416219807e-15,0,0
708,1800,100.4582224901494,1000,285.0235457856537,1246671.125696512,0.04998978679976385,24.9818134856389,1391.166526988129,800,283.893248463846,1118018.901023667,0.04953205791907723,24.75599425978998,1290.708304497979,0.4998978679976385,0.4953205791907723,0.0004,0.000725666435983836,0.0004018328899605976,-0.2336083405737952,6.530171958729625e-10,8.585629984736443e-10,1.287844497710466e-09,-1.081600087271539e-15,8.965050923848139e-15,8.021361352916756e-15,0,0
710.4,1800,100.4560109714232,1000,285.0235042618182,1246666.555646511,0.04998977778663245,24.98180909733801,1391.162713589417,800,283.8932298316628,1117981.902498193,0.04953050277699282,24.75521706405116,1290.706702617994,0.4998977778663245,0.4953050277699282,0.0004,0.0007256536209439509,0.0004018240438856928,-0.2343855363126082,4.638422979041934e-10,8.039933163672686e-10,1.2732925824821e-09,-3.518886571018953e-15,1.351696532481128e-14,1.010302952408892e-14,0,0
712.8,1800,100.4538260041654,1000,285.0234632366437,1246662.038904617,0.04998976881851407,24.98180473014003,1391.158945994935,800,283.8932114233975,1117944.927780387,0.04952894765493493,24.75443987778038,1290.70511999077,0.4998976881851407,0.4952894765493493,0.0004,0.0007256409599261587,0.0004018153040166616,-0.235162722583393,7.8580342233181e-10,7.60337570682168e-10,1.557054929435253e-09,-5.342080944270577e-15,9.797718192317006e-15,4.6074255521944e-15,0,0
715.2,1800,100.4516672700968,1000,285.0234227041514,1246657.57483171,0.04998975989486906,24.98180038379197,1391.155223655311,800,283.8931932363622,1117907.976583831,0.04952739255266263,24.75366270086373,1290.703556385214,0.4998975989486905,0.4952739255266262,0.0004,0.0007256284510817112,0.0004018066690803871,-0.235939899500039,5.566107574850321e-10,1.004082150757313e-09,1.575244823470712e-09,-4.582272061792736e-15,1.249000902703301e-14,8.021361352916756e-15,0,0
717.6,1800,100.4495344524996,1000,285.0233826583917,1246653.162791747,0.04998975101516031,24.98179605804202,1391.151546023846,800,283.893175267883,1117871.048623494,0.04952583746993613,24.75288553318786,1290.702011571347,0.4998975101516031,0.4952583746993613,0.0004,0.0007256160925707736,0.0004017981378099985,-0.2367170671759133,4.383764462545514e-10,6.293703336268663e-10,1.080479705706239e-09,-1.393850312947365e-15,7.799316747991725e-15,6.578071420904053e-15,0,0
720,1800,100.4474272416717,1000,285.0233430935475,1246648.802162772,0.04998974217886263,24.98179175264399,1391.147912565999,800,283.8931575153451,1117834.143620679,0.04952428240652101,24.75210837464194,1290.700485324327,0.4998974217886263,0.4952428240652101,0.0004,0.0007256038825946161,0.0004017897089666867,-0.2374942257218358,3.67435859516263e-10,9.167706593871117e-10,1.06228981167078e-09,1.35308431126191e-16,9.686695889854491e-15,9.96425164601078e-15,0,0
722.4,1800,100.4453453302872,1000,285.023304003847,1246644.492327866,0.04998973338545506,24.98178746735363,1391.144322751428,800,283.8931399761553,1117797.261298955,0.04952272736218471,24.75133122511602,1290.698977421141,0.4998973338545505,0.495227273621847,0.0004,0.0007255918193691268,0.0004017813813211487,-0.2382713752477486,3.601599019020796e-10,1.022272044792771e-09,1.389707904309034e-09,-7.119305145408816e-15,9.076073226310655e-15,2.137179322403426e-15,0,0
724.8,1800,100.4432884147743,1000,285.0232653835876,1246640.232677339,0.04998972463442277,24.98178320192963,1391.140776056143,800,283.8931226477506,1117760.401385139,0.04952117233669749,24.75055408450148,1290.697487641369,0.4998972463442277,0.4952117233669749,0.0004,0.00072557990113095,0.0004017731536590972,-0.2390485158622901,5.456968210637569e-10,9.895302355289459e-10,1.54977897182107e-09,-3.723583941184216e-15,8.132383655379272e-15,4.496403249731884e-15,0,0
727.2,1800,100.4412561952756,1000,285.0232272271385,1246636.022609136,0.04998971592525737,24.98177895613363,1391.137271962682,800,283.8931055276001,1117723.563609487,0.04951961732983236,24.74977695269104,1290.696015767406,0.4998971592525737,0.4951961732983236,0.0004,0.000725568126139251,0.0004017650247811025,-0.2398256476727276,4.511093720793724e-10,6.439222488552332e-10,8.767528925091028e-10,-6.050715484207103e-15,1.282307593442056e-14,6.938893903907228e-15,0,0
729.6,1800,100.4392483760444,1000,285.0231895289425,1246631.861529329,0.04998970725745736,24.98177472973052,1391.133809960524,800,283.8930886132068,1117686.747705919,0.04951806234136559,24.74899982957889,1290.694561584479,0.4998970725745736,0.4951806234136559,0.0004,0.0007255564926758343,0.0004017569935041774,-0.2406027707848857,4.05634636990726e-10,1.04046193882823e-09,1.225998857989907e-09,-2.464174697625054e-15,1.590394482775537e-14,1.357247647604254e-14,0,0
732,1800,100.4372646638253,1000,285.0231522834934,1246627.748849135,0.04998969863052551,24.98177052248722,1391.13038954366,800,283.8930719020966,1117649.953410653,0.0495165073710752,24.7482227150601,1290.693124879835,0.4998969863052551,0.495165073710752,0.0004,0.0007255449990386787,0.0004017490586553012,-0.2413798853036688,3.110471880063415e-10,1.113221514970064e-09,1.437001628801227e-09,-4.428749034168789e-15,1.504352198367087e-14,1.071365218763276e-14,0,0
734.4,1800,100.4353047691911,1000,285.0231154853537,1246623.683987346,0.04998969004397106,24.98176633417366,1391.127010212484,800,283.893055391825,1117613.180463317,0.04951495241874221,24.74744560903115,1290.691705443293,0.4998969004397106,0.4951495241874221,0.0004,0.0007255336435463468,0.0004017412190767645,-0.2421569913326245,5.220499588176608e-10,8.585629984736443e-10,1.618900569155812e-09,1.519617764955683e-15,8.271161533457416e-15,9.908740494779522e-15,0,0
736.8,1800,100.4333684060589,1000,285.0230791291503,1246619.666369492,0.04998968149730889,24.98176216456241,1391.12367147332,800,283.8930390799782,1117576.428606574,0.04951339748415015,24.74666851138969,1290.690303067261,0.4998968149730889,0.4951339748415015,0.0004,0.0007255224245380905,0.0004017334736242355,-0.2429340889740779,4.638422979041934e-10,5.20230969414115e-10,1.004082150757313e-09,-2.955101441326491e-15,1.063038546078587e-14,7.827072323607354e-15,0,0
739.2,1800,100.4314552919748,1000,285.0230432095769,1246615.695428382,0.04998967299006007,24.98175801342894,1391.120372838626,800,283.8930229641712,1117539.697586354,0.04951184256708529,24.74589142203468,1290.688917546652,0.4998967299006007,0.4951184256708528,0.0004,0.000725511340373212,0.0004017258211678991,-0.243711178329086,5.256879376247525e-10,9.276845958083868e-10,1.233274815604091e-09,-7.05772246201164e-15,5.495603971894525e-15,-1.387778780781446e-15,0,0
741.6,1800,100.4295651481902,1000,285.0230077213993,1246611.770604319,0.04998966452175202,24.98175388055171,1391.117113827408,800,283.8930070420523,1117502.987151951,0.04951028766733676,24.74511434086644,1290.687548679217,0.4998966452175202,0.4951028766733676,0.0004,0.0007255003894337387,0.000401718260592761,-0.2444882594973343,3.456079866737127e-10,7.821654435247183e-10,9.167706593871117e-10,-4.320328816920238e-15,8.965050923848139e-15,4.801714581503802e-15,0,0
744,1800,100.427697698324,1000,285.0229726594249,1246607.891342314,0.04998965609191604,24.981749765711,1391.113893962628,800,283.8929913112878,1117466.297054785,0.04950873278469541,24.74433726778608,1290.686196264304,0.4998965609191604,0.495087327846954,0.0004,0.0007254895701144341,0.0004017107907932959,-0.2452653325776915,2.728484105318785e-10,1.200533006340265e-09,1.262378646060824e-09,-5.134781488891349e-16,9.797718192317006e-15,9.436895709313831e-15,0,0
746.4,1800,100.4258526695633,1000,285.0229380185293,1246604.057094537,0.04998964770008954,24.98174566868994,1391.110712773459,800,283.8929757695752,1117429.627049488,0.04950717791895491,24.74356020269604,1290.684860103896,0.4998964770008954,0.4950717791895491,0.0004,0.0007254788808311641,0.000401703410678253,-0.2460423976677326,9.458744898438454e-11,8.076312951743603e-10,1.142325345426798e-09,-4.488596994089988e-15,1.162958618294851e-14,7.216449660063518e-15,0,0
748.8,1800,100.4240297922793,1000,285.022903793648,1246600.267319477,0.04998963934581527,24.98174158927417,1391.107569794533,800,283.8929604146382,1117392.976893536,0.0495056230699112,24.74278314549986,1290.683540002254,0.4998963934581527,0.495056230699112,0.0004,0.0007254683200180297,0.0004016961191691171,-0.2468194548639069,2.528395270928741e-10,8.294591680169106e-10,1.324224285781384e-09,-6.877311220510052e-15,1.498801083243961e-14,8.326672684688674e-15,0,0
751.2,1800,100.4222288008466,1000,285.0228699797921,1246596.521483864,0.04998963102864292,24.98173752725259,1391.104464567503,800,283.8929452442354,1117356.346348113,0.04950406823736339,24.74200609610257,1290.682235766657,0.4998963102864292,0.4950406823736339,0.0004,0.0007254578861332521,0.0004016889152033864,-0.2475965042612032,2.346496330574155e-10,1.000444171950221e-09,1.491571310907602e-09,-7.061191908963593e-15,4.052314039881821e-15,-2.831068712794149e-15,0,0
753.6,1800,100.4204494338078,1000,285.022836572051,1246592.819062716,0.0499896227481292,24.98173348241737,1391.101396641197,800,283.8929302561611,1117319.73517814,0.04950251342111377,24.74122905441069,1290.680947207389,0.499896227481292,0.4950251342111377,0.0004,0.0007254475776591134,0.0004016817977352311,-0.2483735459530791,3.92901711165905e-10,1.178705133497715e-09,1.818989403545856e-09,-5.565860272671586e-15,9.214851104388799e-15,3.774758283725532e-15,0,0
756,1800,100.4186914306629,1000,285.0228035655302,1246589.159532777,0.04998961450383227,24.98172945456139,1391.098365565919,800,283.8929154482146,1117283.143149292,0.04950095862096519,24.74045202033103,1290.679674135256,0.4998961450383227,0.4950095862096519,0.0004,0.0007254373930820456,0.0004016747657226515,-0.2491505800327438,3.819877747446299e-10,1.42244971357286e-09,2.05909600481391e-09,-1.462371890248448e-15,8.992806499463768e-15,7.66053886991358e-15,0,0
758.4,1800,100.4169545348807,1000,285.0227709554123,1246585.542379058,0.04998960629531721,24.98172544348075,1391.095370899067,800,283.8929008182326,1117246.570030968,0.04949940383672368,24.73967499377187,1290.678416364187,0.4998960629531721,0.4949940383672368,0.0004,0.0007254273309134933,0.0004016678181395227,-0.2499276065918963,5.456968210637569e-11,1.131411409005523e-09,1.433363649994135e-09,-7.04644675941779e-15,1.101896351940468e-14,4.163336342344337e-15,0,0
760.8,1800,100.4152384930799,1000,285.0227387369382,1246581.967092809,0.0499895981221545,24.98172144897408,1391.092412203388,800,283.8928863640763,1117210.015595375,0.04949784906819766,24.73889797464264,1290.677173710308,0.499895981221545,0.4949784906819766,0.0004,0.0007254173896824668,0.0004016609539723195,-0.2507046257211343,2.401066012680531e-10,1.004082150757313e-09,1.033185981214046e-09,-1.170070984546356e-15,8.548717289613705e-15,7.494005416219807e-15,0,0
763.2,1800,100.4135430546314,1000,285.0227069053998,1246578.433170678,0.04998958998391904,24.98171747084211,1391.089489046335,800,283.8928720836303,1117173.479617136,0.0494962943151975,24.73812096285369,1290.675945991703,0.4998958998391904,0.4949629431519749,0.0004,0.0007254075679336255,0.0004016541722185257,-0.2514816375100821,6.257323548197746e-10,1.160515239462256e-09,1.57160684466362e-09,-6.331740687315346e-15,5.939693181744587e-15,-2.220446049250313e-16,0,0
765.6,1800,100.4118679716407,1000,285.0226754561403,1246574.94011485,0.04998958188019051,24.98171350888779,1391.086601000066,800,283.892857974802,1117136.96187336,0.04949473957753571,24.73734395831639,1290.674733028425,0.4998958188019051,0.4949473957753571,0.0004,0.0007253978642274032,0.0004016474718865629,-0.25225864204738,6.220943760126829e-10,1.000444171950221e-09,1.637090463191271e-09,-2.556115041851825e-15,3.996802888650564e-15,1.609823385706477e-15,0,0
768,1800,100.4102129998814,1000,285.022644384572,1246571.487434897,0.04998957381055476,24.98170956291694,1391.083747643101,800,283.8928440355302,1117100.462144487,0.04949318485502762,24.73656696094343,1290.67353464322,0.4998957381055476,0.4949318485502762,0.0004,0.0007253882771457574,0.0004016408519995257,-0.2530356394203395,4.05634636990726e-10,1.320586306974292e-09,1.753505785018206e-09,-8.696168785071734e-15,7.605027718682322e-15,-9.436895709313831e-16,0,0
770.4,1800,100.40857789765,1000,285.0226136861562,1246568.074645582,0.04998956577460208,24.98170563273751,1391.080928558424,800,283.8928302637759,1117063.980213283,0.04949163014749053,24.73578997064841,1290.672350660774,0.4998956577460207,0.4949163014749053,0.0004,0.000725378805286191,0.0004016343115906002,-0.2538126297153589,3.692548489198089e-10,8.62200977280736e-10,1.258740667253733e-09,-3.263014858312374e-15,8.659739592076221e-15,5.551115123125783e-15,0,0
772.8,1800,100.4069624262229,1000,285.0225833564077,1246564.701267423,0.04998955777192754,24.98170171815966,1391.078143334007,800,283.8928166575236,1117027.515865101,0.04949007545474381,24.73501298734597,1290.671180907784,0.4998955777192754,0.494900754547438,0.0004,0.0007253694472622701,0.0004016278497048916,-0.2545896130178029,2.164597390219569e-10,9.167706593871117e-10,1.149601303040981e-09,-4.231857919645421e-15,5.384581669432009e-15,1.332267629550188e-15,0,0
775.2,1800,100.4053663505676,1000,285.0225533909121,1246561.36682847,0.04998954980213267,24.98169781899658,1391.075391564246,800,283.8928032147898,1116991.068888682,0.04948852077660976,24.7342360109521,1290.670025213678,0.4998954980213267,0.4948852077660976,0.0004,0.0007253602017094236,0.0004016214654022706,-0.2553665894116719,4.43833414465189e-10,7.821654435247183e-10,1.251464709639549e-09,-1.941155569618047e-15,1.199040866595169e-14,1.02695629777827e-14,0,0
777.6,1800,100.4037894388191,1000,285.0225237853142,1246558.070863213,0.04998954186482436,24.98169393506399,1391.072672849101,800,283.8927899336189,1116954.639075667,0.04948696611291316,24.73345904138392,1290.668883410282,0.4998954186482436,0.4948696611291316,0.0004,0.0007253510672822539,0.0004016151577552764,-0.2561435589798506,4.292814992368221e-10,8.985807653516531e-10,1.353328116238117e-09,-8.586881206085195e-17,5.828670879282072e-15,5.995204332975845e-15,0,0
780,1800,100.4022314605788,1000,285.0224945352871,1246554.81290904,0.04998953395961197,24.98169006617874,1391.06998679099,800,283.8927768120665,1116918.226218982,0.0494854114634798,24.7326820785591,1290.667755330412,0.4998953395961196,0.494854114634798,0.0004,0.0007253420426432931,0.0004016089258423153,-0.2569205218046662,3.128661774098873e-10,8.512870408594608e-10,9.604264050722122e-10,-5.014218207310961e-15,9.492406860545088e-15,4.718447854656915e-15,0,0
782.4,1800,100.4006921889907,1000,285.0224656365693,1246551.59251038,0.04998952608611083,24.98168621216049,1391.067332998426,800,283.8927638482178,1116881.830114726,0.04948385682813815,24.73190512239655,1290.666640809436,0.4998952608611083,0.4948385682813815,0.0004,0.0007253331264754851,0.0004016027687559626,-0.2576974779672234,4.220055416226387e-10,7.130438461899757e-10,1.389707904309034e-09,-6.879913305724017e-15,7.605027718682322e-15,8.881784197001252e-16,0,0
784.8,1800,100.3991713999994,1000,285.0224370849523,1246548.409217337,0.04998951824394107,24.98168237283117,1391.064711084791,800,283.8927510401825,1116845.450561546,0.04948230220671885,24.73112817281618,1290.665539684792,0.4998951824394106,0.4948230220671885,0.0004,0.0007253243174783329,0.0004015966855999977,-0.2584744275475899,2.037268131971359e-10,9.749783203005791e-10,1.200533006340265e-09,-1.873501354054952e-15,7.66053886991358e-15,5.939693181744587e-15,0,0
787.2,1800,100.397668870743,1000,285.0224088762502,1246545.262582393,0.04998951043272474,24.98167854801359,1391.062120665497,800,283.8927383860797,1116809.08735915,0.04948074759905341,24.73035122973835,1290.664451794754,0.4998951043272474,0.4948074759905341,0.0004,0.000725315614358029,0.000401590675482972,-0.2592513706254209,5.238689482212067e-10,7.676135282963514e-10,1.3169483281672e-09,6.357761539454998e-16,7.716050021144838e-15,8.548717289613705e-15,0,0
789.6,1800,100.396184380842,1000,285.022381006322,1246542.152162877,0.0499895026520881,24.98167473753252,1391.059561360168,800,283.8927258840488,1116772.740309423,0.04947919300497518,24.72957429308427,1290.663376979326,0.499895026520881,0.4947919300497517,0.0004,0.000725307015834609,0.0004015847375233679,-0.2600283072795051,2.582964953035116e-10,8.512870408594608e-10,1.360604073852301e-09,1.460637166772472e-15,7.327471962526033e-15,8.881784197001252e-15,0,0
792,1800,100.3947177143432,1000,285.0223534711127,1246539.077525324,0.04998949490166509,24.98167094121637,1391.057032796273,800,283.8927135322685,1116736.409218392,0.049477638424321,24.72879736277679,1290.66231508193,0.4998949490166508,0.49477638424321,0.0004,0.0007252985206554403,0.0004015788708573727,-0.2608052375869789,3.474269760772586e-10,1.378793967887759e-09,1.738953869789839e-09,2.014881317347061e-15,9.992007221626409e-15,1.221245327087672e-14,0,0
794.4,1800,100.3932686569428,1000,285.0223262665961,1246536.038239299,0.04998948718109226,24.98166715889473,1391.054534603921,800,283.89270132893,1116700.09389344,0.0494760838569288,24.72802043873932,1290.661265946978,0.4998948718109226,0.494760838569288,0.0004,0.000725290127575825,0.0004015730746277713,-0.2615821616244531,5.547917680814862e-10,1.2732925824821e-09,1.84809323400259e-09,-4.836409051023338e-15,6.772360450213455e-15,2.109423746787797e-15,0,0
796.8,1800,100.3918369967089,1000,285.0222993887919,1246533.033879254,0.04998947949001029,24.98166339039917,1391.052066417451,800,283.892689272245,1116663.794144143,0.04947452930263849,24.72724352089613,1290.660229420743,0.4998947949001029,0.4947452930263849,0.0004,0.0007252818353659404,0.0004015673479868356,-0.2623590794676431,1.473381416872144e-10,8.62200977280736e-10,7.930793799459934e-10,-1.43982048506075e-15,1.02695629777827e-14,8.93729534823251e-15,0,0
799.2,1800,100.3904225264262,1000,285.0222728338078,1246530.064029135,0.04998947182806786,24.98165963556498,1391.049627879312,800,283.892677360465,1116627.509784351,0.04947297476129343,24.72646660917318,1290.659205352885,0.4998947182806786,0.4947297476129343,0.0004,0.0007252736428230837,0.0004015616901057047,-0.2631359911905875,4.05634636990726e-10,1.236912794411182e-09,1.666194293648005e-09,4.380176776841438e-15,1.282307593442056e-14,1.743050148661496e-14,0,0
801.6,1800,100.3890250412676,1000,285.0222465977968,1246527.128277682,0.04998946419491768,24.98165589422933,1391.047218636112,800,283.8926655918629,1116591.240630063,0.0494714202327388,24.72568970349731,1290.658193594844,0.4998946419491768,0.494714202327388,0.0004,0.0007252655487587544,0.0004015561001650703,-0.263912896866465,5.366018740460277e-10,9.385985322296619e-10,1.491571310907602e-09,1.505739977147869e-15,9.436895709313831e-15,1.104671909502031e-14,0,0
804,1800,100.3876443366262,1000,285.0222206769159,1246524.226214021,0.04998945659021282,24.98165216622959,1391.044838334778,800,283.8926539647111,1116554.986497444,0.04946986571682003,24.72491280379539,1290.657193998152,0.4998945659021282,0.4946986571682003,0.0004,0.0007252575519852179,0.0004015505773465047,-0.2646897965683763,1.364242052659392e-10,1.171429175883532e-09,1.331500243395567e-09,2.183149494516812e-15,8.770761894538737e-15,1.115774139748282e-14,0,0
806.4,1800,100.3862802116514,1000,285.0221950673921,1246521.357434838,0.04998944901361269,24.9816484514061,1391.042486628734,800,283.8926424773159,1116518.747206055,0.0494683112133853,24.72413590999569,1290.656206417083,0.4998944901361269,0.494683112133853,0.0004,0.000725249651336664,0.0004015451208466056,-0.2654666903680827,3.237801138311625e-10,1.18961906991899e-09,1.775333657860756e-09,-4.550179677487165e-15,7.382983113757291e-15,2.942091015256665e-15,0,0
808.8,1800,100.3849324680286,1000,285.0221697655002,1246518.521541918,0.04998944146478111,24.98164474960122,1391.040163175768,800,283.8926311280028,1116482.52257775,0.04946675672228478,24.72335902202734,1290.655230707739,0.4998944146478111,0.4946675672228478,0.0004,0.0007252418456619144,0.0004015397298721145,-0.2662435783364288,1.600710675120354e-10,1.022272044792771e-09,9.749783203005791e-10,-2.703566537309854e-15,7.049916206369744e-15,4.496403249731884e-15,0,0
811.2,1800,100.3836009068762,1000,285.0221447675049,1246515.718135921,0.04998943394338081,24.98164106065686,1391.037867632744,800,283.8926199150948,1116446.312433876,0.04946520224336819,24.72258213981931,1290.654266725868,0.4998943394338081,0.4946520224336819,0.0004,0.0007252341338069437,0.0004015344036275046,-0.2670204605444582,1.764419721439481e-10,9.349605534225702e-10,1.142325345426798e-09,-2.4234086959396e-15,1.243449787580175e-14,1.015854067532018e-14,0,0
813.6,1800,100.3822853323502,1000,285.0221200697271,1246512.946823477,0.04998942644907965,24.98163738441731,1391.035599661674,800,283.8926088369386,1116410.11659846,0.04946364777648748,24.7218052633016,1290.653314329324,0.4998942644907965,0.4946364777648747,0.0004,0.0007252265146345889,0.0004015291413294007,-0.2677973370621665,4.729372449219227e-11,1.055013854056597e-09,1.127773430198431e-09,2.377438523826214e-15,9.769962616701378e-15,1.23789867245705e-14,0,0
816,1800,100.3809855531899,1000,285.0220956685731,1246510.207220502,0.04998941898155333,24.98163372073051,1391.033358932475,800,283.8925978919193,1116373.934899697,0.04946209332149813,24.7210283924059,1290.652373379285,0.4998941898155332,0.4946209332149812,0.0004,0.0007252189870342827,0.0004015239422127597,-0.2685742079578688,1.818989403545856e-12,1.080479705706239e-09,1.346052158623934e-09,2.056514680770505e-15,8.659739592076221e-15,1.088018564132653e-14,0,0
818.4,1800,100.3797013787444,1000,285.0220715604638,1246507.498944358,0.04998941154047869,24.98163006944499,1391.031145116332,800,283.8925870784308,1116337.767166433,0.04946053887825618,24.72025152706414,1290.651443737588,0.4998941154047869,0.4946053887825618,0.0004,0.0007252115499007031,0.0004015188055149774,-0.2693510732996316,3.110471880063415e-10,1.266016624867916e-09,1.59343471750617e-09,3.381843416416785e-15,8.548717289613705e-15,1.210143096841421e-14,0,0
820.8,1800,100.3784326205691,1000,285.0220477418584,1246504.821616469,0.0499894041255361,24.98162643041088,1391.028957887994,800,283.8925763948814,1116301.613229336,0.04945898444661923,24.71947466720897,1290.650525267424,0.499894041255361,0.4945898444661923,0.0004,0.0007252042021393954,0.0004015137304822765,-0.2701279331547966,2.164597390219569e-10,1.258740667253733e-09,1.498847268521786e-09,-3.575265083988199e-15,8.881784197001252e-15,5.495603971894525e-15,0,0
823.2,1800,100.3771790974224,1000,285.022024209353,1246502.174873009,0.04998939673641838,24.98162280348417,1391.026796934785,800,283.8925658397427,1116265.472925693,0.04945743002645035,24.7186978127757,1290.649617837362,0.4998939673641838,0.4945743002645035,0.0004,0.000725196942698898,0.0004015087163896896,-0.2709047875880692,2.510205376893282e-10,1.029548002406955e-09,1.29512045532465e-09,-2.602085213965211e-17,1.298960938811433e-14,1.315614284180811e-14,0,0
825.6,1800,100.3759406284321,1000,285.0220009595496,1246499.558350676,0.0499893893728187,24.98161918852104,1391.024661944561,800,283.8925554114879,1116229.346093027,0.04945587561761292,24.71792096369969,1290.648721316129,0.499893893728187,0.4945587561761292,0.0004,0.0007251897705290321,0.0004015037625137284,-0.2716816366640771,3.092281986027956e-10,8.330971468240023e-10,1.149601303040981e-09,4.080936977235439e-15,7.882583474838611e-15,1.221245327087672e-14,0,0
828,1800,100.3747170316653,1000,285.0219779890325,1246496.971684354,0.04998938203442877,24.98161558537693,1391.022552603556,800,283.8925451085841,1116193.232568047,0.04945432121996952,24.71714411991602,1290.647835571891,0.4998938203442877,0.4945432121996952,0.0004,0.0007251826845751275,0.0004014988681266613,-0.2724584804477459,2.637534635141492e-10,8.330971468240023e-10,1.113221514970064e-09,2.940356291780688e-16,6.994405055138486e-15,7.438494264988549e-15,0,0
830.4,1800,100.3735081297993,1000,285.02195529447,1246494.414517832,0.04998937472094782,24.98161199391084,1391.020468605733,800,283.892534929534,1116157.132191458,0.04945276683338622,24.71636728136135,1290.646960475934,0.4998937472094782,0.4945276683338621,0.0004,0.0007251756838074707,0.0004014940325191974,-0.2732353190024206,3.437889972701669e-10,1.160515239462256e-09,1.753505785018206e-09,-2.092943873766018e-15,1.543210004228968e-14,1.348920974919565e-14,0,0
832.8,1800,100.3723137477707,1000,285.021932872575,1246491.886499773,0.04998936743207917,24.98160841398369,1391.018409649126,800,283.892524872862,1116121.04480615,0.04945121245773081,24.71559044797317,1290.646095901355,0.4998936743207917,0.4945121245773081,0.0004,0.0007251687672108437,0.0004014892549910828,-0.2740121523906005,8.003553375601768e-11,7.821654435247183e-10,1.120497472584248e-09,-3.266484305264328e-15,1.326716514427062e-14,1.015854067532018e-14,0,0
835.2,1800,100.371133707413,1000,285.0219107199991,1246489.387272147,0.04998936016752051,24.98160484545375,1391.016375426181,800,283.892514937063,1116084.970252019,0.04944965809286862,24.71481361968782,1290.645241718768,0.4998936016752051,0.4944965809286862,0.0004,0.0007251619337501433,0.0004014845348296521,-0.2747889806759503,1.036823960021138e-10,1.353328116238117e-09,1.724401954561472e-09,4.62910959564411e-15,8.826273045769994e-15,1.371125435412068e-14,0,0
837.6,1800,100.369967835356,1000,285.0218888334865,1246486.916486939,0.049989352926978,24.98160128818325,1391.014365637813,800,283.8925051206749,1116048.908373446,0.04944810373866879,24.71403679644342,1290.644397802457,0.4998935292697799,0.4944810373866879,0.0004,0.0007251551824196558,0.0004014798713414238,-0.275565803920351,2.582964953035116e-10,1.022272044792771e-09,1.324224285781384e-09,3.668940151690947e-16,7.049916206369744e-15,7.66053886991358e-15,0,0
840,1800,100.3688159627891,1000,285.0218672098658,1246484.47380513,0.04998934571016534,24.98159774203798,1391.01237999273,800,283.8924954222736,1116012.859018852,0.04944654939500378,24.71325997817969,1290.643564029941,0.4998934571016534,0.4944654939500377,0.0004,0.0007251485122395261,0.0004014752638511563,-0.2763426221840852,3.692548489198089e-10,1.21144694276154e-09,1.629814505577087e-09,1.0321604682062e-15,7.494005416219807e-15,8.715250743307479e-15,0,0
842.4,1800,100.3676779208288,1000,285.0218458459663,1246482.058887704,0.04998933851679626,24.98159420688374,1391.010418199624,800,283.8924858404347,1115976.82203666,0.04944499506174611,24.71248316483634,1290.642740278795,0.4998933851679626,0.4944499506174611,0.0004,0.0007251419222303629,0.0004014707116833151,-0.2771194355274318,1.000444171950221e-10,1.353328116238117e-09,1.506123226135969e-09,3.855422925358454e-15,1.165734175856414e-14,1.570965579844597e-14,0,0
844.8,1800,100.366553542442,1000,285.0218247386488,1246479.671399178,0.04998933134658748,24.98159068258771,1391.008479970226,800,283.8924763737484,1115940.797276874,0.04944344073876956,24.71170635635372,1290.641926427784,0.4998933134658748,0.4944344073876956,0.0004,0.0007251354114222722,0.0004014662141697681,-0.2778962440100514,3.947207005694509e-10,1.098669599741697e-09,1.54977897182107e-09,1.020017403874363e-15,9.436895709313831e-15,1.071365218763276e-14,0,0
847.2,1800,100.3654426663059,1000,285.0218038848839,1246477.311015597,0.04998932419926549,24.98158716902167,1391.006565026237,800,283.8924670208544,1115904.784594675,0.04944188642595237,24.71092955267424,1290.641122359931,0.4998932419926548,0.4944188642595236,0.0004,0.0007251289788794492,0.0004014617706652234,-0.2786730476895301,2.492015482857823e-10,1.200533006340265e-09,1.746229827404022e-09,6.010816844259637e-16,8.382183835919932e-15,9.214851104388799e-15,0,0
849.6,1800,100.3643451304272,1000,285.0217832816288,1246474.977411742,0.04998931707455566,24.98158366605687,1391.004673088154,800,283.8924577803861,1115868.783844674,0.04944033212317218,24.71015275374008,1290.640327957727,0.4998931707455566,0.4944033212317218,0.0004,0.0007251226236618131,0.0004014573805217087,-0.2794498466236881,3.183231456205249e-10,1.095031620934606e-09,1.724401954561472e-09,2.65672900345848e-15,7.049916206369744e-15,9.880984919163893e-15,0,0
852,1800,100.363260773586,1000,285.0217629258557,1246472.670263882,0.0499893099721846,24.98158017356514,1391.00280387785,800,283.8924486509834,1115832.794882151,0.04943877783030731,24.70937595949369,1290.639543104264,0.499893099721846,0.4943877783030731,0.0004,0.0007251163448341085,0.0004014530430943441,-0.280226640870076,4.802132025361061e-10,1.127773430198431e-09,1.455191522836685e-09,1.107620939411191e-15,8.659739592076221e-15,9.936496070395151e-15,0,0
854.4,1800,100.3621894375647,1000,285.0217428145926,1246470.389254315,0.0499893028918841,24.98157669142072,1391.000957122329,800,283.8924396313117,1115796.81756509,0.04943722354723829,24.7085991698786,1290.638767684765,0.499893028918841,0.4943722354723829,0.0004,0.0007251101414781169,0.0004014487577502586,-0.2810034304851712,4.201865522190928e-10,1.342414179816842e-09,2.08092387765646e-09,-2.993265357797981e-15,1.348920974919565e-14,1.071365218763276e-14,0,0
856.8,1800,100.361130966086,1000,285.0217229449034,1246468.134069221,0.04998929583338914,24.98157321949939,1390.999132551943,800,283.8924307200522,1115760.851753216,0.0494356692738471,24.707822384839,1290.638001585857,0.4998929583338914,0.494356692738471,0.0004,0.0007251040126868557,0.0004014445238643439,-0.2817802155247726,1.218722900375724e-10,1.415173755958676e-09,1.637090463191271e-09,7.728193085476676e-16,8.271161533457416e-15,9.214851104388799e-15,0,0
859.2,1800,100.3600852035697,1000,285.0217033138666,1246465.904396205,0.04998928879643592,24.98156975767747,1390.9973298983,800,283.8924219158932,1115724.897306893,0.04943411501001629,24.70704560431938,1290.63724469473,0.4998928879643592,0.4943411501001629,0.0004,0.000725097957557844,0.0004014403408142789,-0.282556996044395,2.200977178290486e-10,8.403731044381857e-10,9.313225746154785e-10,-4.58574150874469e-15,9.658940314238862e-15,5.329070518200751e-15,0,0
861.6,1800,100.3590519971654,1000,285.0216839186107,1246463.699928308,0.04998928178076528,24.98156630583345,1390.995548897661,800,283.8924132175447,1115688.954088925,0.04943256075563045,24.70626882826516,1290.636496900496,0.4998928178076527,0.4943256075563045,0.0004,0.0007250919752039644,0.0004014362079886614,-0.2833337720986115,2.874003257602453e-10,9.858922567218542e-10,1.156877260655165e-09,-3.681083216022785e-15,6.161737786669619e-15,2.664535259100376e-15,0,0
864,1800,100.3580311959397,1000,285.021664756301,1246461.520362546,0.04998927478612141,24.9815628638474,1390.993789289655,800,283.8924046237341,1115653.021963896,0.04943100651057571,24.7054920566225,1290.635758093715,0.4998927478612141,0.4943100651057571,0.0004,0.0007250860647497193,0.0004014321247837588,-0.2841105437412672,2.219167072325945e-10,6.984919309616089e-10,1.033185981214046e-09,-1.703498453409225e-15,5.606626274357041e-15,4.052314039881821e-15,0,0
866.4,1800,100.3570226505274,1000,285.0216458241317,1246459.365398923,0.04998926781225091,24.98155943160054,1390.992050816553,800,283.8923961332007,1115617.100797733,0.04942945227473924,24.70471528933809,1290.635028166025,0.4998926781225091,0.4942945227473923,0.0004,0.0007250802253282018,0.0004014280906021095,-0.2848873110256811,4.401954356580973e-10,9.749783203005791e-10,1.775333657860756e-09,-4.22665374921749e-15,8.43769498715119e-15,4.274358644806853e-15,0,0
868.8,1800,100.3560262132398,1000,285.0216271193284,1246457.234740894,0.04998926085890346,24.98155600897549,1390.990333223551,800,283.8923877446991,1115581.190457907,0.04942789804800958,24.70393852635921,1290.634307010311,0.4998926085890346,0.4942789804800958,0.0004,0.0007250744560824859,0.0004014241048529593,-0.2856640740045648,1.127773430198431e-10,1.014996087178588e-09,1.244188752025366e-09,-1.717376241217039e-16,7.605027718682322e-15,7.716050021144838e-15,0,0
871.2,1800,100.3550417413942,1000,285.0216086392115,1246455.12810192,0.04998925392583704,24.98155259585882,1390.988636264491,800,283.8923794570258,1115545.290816376,0.049426343830279,24.70316176763493,1290.633594523097,0.4998925392583704,0.49426343830279,0.0004,0.0007250687561847753,0.0004014201669655767,-0.2864408327288359,2.164597390219569e-10,5.602487362921238e-10,1.142325345426798e-09,-3.746135346371915e-15,6.38378239159465e-15,2.886579864025407e-15,0,0
873.6,1800,100.3540690913162,1000,285.0215903810835,1246453.045193689,0.04998924701280829,24.98154919213639,1390.986959691608,800,283.8923712689697,1115509.401744307,0.04942478962143917,24.70238501311404,1290.632890600292,0.4998924701280829,0.4942478962143917,0.0004,0.0007250631248023328,0.0004014162763652648,-0.2872175872497316,2.110027708113194e-10,7.930793799459934e-10,8.949427865445614e-10,-1.54303653188137e-15,3.885780586188048e-15,2.55351295663786e-15,0,0
876,1800,100.3531081211868,1000,285.0215723422795,1246450.985731376,0.0499892401195766,24.98154579769545,1390.985303260145,800,283.8923631793342,1115473.523114424,0.04942323542138302,24.70160826274591,1290.632195138958,0.499892401195766,0.4942323542138302,0.0004,0.0007250575611116656,0.0004014124324847471,-0.2879943376178602,4.620233085006475e-10,8.258211892098188e-10,1.404259819537401e-09,-5.368969158148218e-16,6.439293542825908e-15,6.106226635438361e-15,0,0
878.4,1800,100.3521586916747,1000,285.0215545201823,1246448.94943509,0.04998923324590573,24.9815424124252,1390.983666729735,800,283.8923551869437,1115437.654801669,0.04942168123000536,24.7008315164808,1290.63150803806,0.4998923324590572,0.4942168123000535,0.0004,0.0007250520643044802,0.0004014086347666989,-0.2887710838829669,2.255546860396862e-10,9.604264050722122e-10,1.076841726899147e-09,-3.459038611097753e-15,3.941291737419306e-15,7.216449660063518e-16,0,0
880.8,1800,100.3512206652176,1000,285.0215369122088,1246446.936028744,0.04998922639156249,24.98153903621635,1390.98204986308,800,283.8923472906383,1115401.796682684,0.04942012704720239,24.70005477426967,1290.630829197862,0.4998922639156249,0.4942012704720239,0.0004,0.000725046633582895,0.0004014048826608705,-0.2895478260941005,4.401954356580973e-10,9.167706593871117e-10,1.477019395679235e-09,-1.033027829944189e-15,4.884981308350689e-15,3.996802888650564e-15,0,0
883.2,1800,100.3502939005214,1000,285.021519515705,1246444.945228593,0.04998921955630732,24.98153566895657,1390.980452416413,800,283.8923394892264,1115365.948630687,0.04941857287286747,24.69927803606209,1290.630158515892,0.4998921955630732,0.4941857287286747,0.0004,0.0007250412681271336,0.0004014011756020855,-0.2903245643016845,1.909938873723149e-10,5.129550117999315e-10,1.06228981167078e-09,2.181414771040835e-15,5.606626274357041e-15,7.993605777301127e-15,0,0
885.6,1800,100.3493782630969,1000,285.0215023281442,1246442.976764552,0.04998921273991216,24.98153231053894,1390.978874157681,800,283.8923317815731,1115330.110525015,0.04941701870689913,24.69850130181007,1290.629495894584,0.4998921273991215,0.4941701870689913,0.0004,0.000725035967156673,0.0004013975130523877,-0.2911012985537056,3.492459654808044e-10,7.712515071034431e-10,1.244188752025366e-09,-5.910202882652982e-15,6.272760089132134e-15,4.996003610813204e-16,0,0
888,1800,100.3484736195289,1000,285.0214853470206,1246441.030368751,0.04998920594215081,24.98152896085744,1390.977314856744,800,283.8923241665534,1115294.282245995,0.0494154645491967,24.69772457146601,1290.628841237215,0.4998920594215081,0.494154645491967,0.0004,0.0007250307298977204,0.0004013938944781157,-0.2918780288977558,1.637090463191271e-10,4.984030965715647e-10,5.529727786779404e-10,-9.974659986866641e-16,6.38378239159465e-15,5.551115123125783e-15,0,0
890.4,1800,100.3475798370898,1000,285.0214685698411,1246439.105774643,0.04998919916279822,24.98152561980651,1390.975774284578,800,283.892316643047,1115258.463674551,0.04941391039965998,24.69694784498257,1290.628194447488,0.4998919916279821,0.4941391039965998,0.0004,0.0007250255555799031,0.0004013903193483593,-0.2926547553811965,3.656168701127172e-10,5.566107574850321e-10,1.280568540096283e-09,-5.784435430644663e-15,9.436895709313831e-16,-4.6074255521944e-15,0,0
892.8,1800,100.3466967843724,1000,285.0214519941379,1246437.202718413,0.0499891924016316,24.98152228728176,1390.97425221452,800,283.8923092099468,1115222.654692828,0.04941235625818988,24.69617112231289,1290.627555430148,0.499891924016316,0.4941235625818988,0.0004,0.0007250204434411826,0.0004013867871374896,-0.2934314780508807,3.092281986027956e-11,7.457856554538012e-10,8.87666828930378e-10,-3.040102891649354e-15,4.996003610813204e-15,2.109423746787797e-15,0,0
895.2,1800,100.3458243384823,1000,285.0214356176028,1246435.320953348,0.04998918565844265,24.9815189631855,1390.97274843462,800,283.8923018662164,1115186.855190635,0.0494108021246937,24.69539440341313,1290.626924096138,0.4998918565844265,0.4941080212469369,0.0004,0.0007250153927691007,0.0004013832973539292,-0.2942081969506454,6.366462912410498e-11,4.474713932722807e-10,6.111804395914078e-10,-4.958707056079703e-15,4.163336342344337e-15,-5.551115123125783e-16,0,0
897.6,1800,100.3449623710665,1000,285.0214194378248,1246433.460221659,0.04998917893301372,24.98151564741568,1390.971262723384,800,283.8922946107725,1115151.065052819,0.04940924799907457,24.6946176882375,1290.626300352317,0.4998917893301372,0.4940924799907457,0.0004,0.0007250104028185379,0.0004013798494842658,-0.2949849121262744,1.637090463191271e-10,5.711626727133989e-10,8.440110832452774e-10,-6.023827270329463e-15,9.103828801926284e-15,3.33066907387547e-15,0,0
900,1800,100.3441107565584,1000,285.0214034524464,1246431.6202714,0.04998917222513203,24.98151233987257,1390.969794864304,800,283.8922874425576,1115115.284166845,0.04940769388123775,24.69384097674124,1290.625684107746,0.4998917222513203,0.4940769388123775,0.0004,0.0007250054728619671,0.0004013764430262335,-0.2957616236225356,8.549250196665525e-11,7.275957614183426e-10,6.912159733474255e-10,-7.462780393652224e-15,6.217248937900877e-15,-9.992007221626409e-16,0,0
902.4,1800,100.3432693720147,1000,285.0213876591575,1246429.800855521,0.04998916553458897,24.98150904045837,1390.968344645199,800,283.8922803605335,1115079.512422372,0.04940613977109056,24.69306426888047,1290.625075273184,0.4998916553458897,0.4940613977109056,0.0004,0.0007250006021854715,0.0004013730774880587,-0.2965383314832977,-4.911271389573812e-11,6.511982064694166e-10,9.458744898438454e-10,-6.595418655663821e-15,7.605027718682322e-15,1.221245327087672e-15,0,0
904.8,1800,100.3424380960719,1000,285.0213720556799,1246428.001730505,0.04998915886117897,24.98150574907668,1390.966911856813,800,283.8922733636783,1115043.749710641,0.04940458566854146,24.69228756461195,1290.624473760741,0.4998915886117897,0.4940458566854146,0.0004,0.0007249957900859281,0.0004013697523842875,-0.2973150357518222,8.185452315956354e-11,8.221832104027271e-10,1.01863406598568e-09,-5.37330596683816e-15,4.052314039881821e-15,-9.992007221626409e-16,0,0
907.2,1800,100.3416167988748,1000,285.0213566395722,1246426.22263543,0.04998915220468166,24.98150246562421,1390.965496274957,800,283.8922664508946,1115007.995915107,0.04940303157349241,24.69151086388932,1290.623879476082,0.4998915220468166,0.4940303157349241,0.0004,0.000724991035808658,0.0004013664671954994,-0.2980917364744471,2.983142621815205e-10,6.912159733474255e-10,1.091393642127514e-09,-4.827735433643454e-15,6.161737786669619e-15,1.609823385706477e-15,0,0
909.6,1800,100.340805362833,1000,285.021341408627,1246424.463334239,0.04998914556489774,24.9814991900075,1390.964097696853,800,283.8922596211913,1114972.250930355,0.04940147748585472,24.69073416667067,1290.62329233402,0.4998914556489774,0.4940147748585472,0.0004,0.0007249863386721591,0.0004013632214513318,-0.2988684336931016,3.710738383233547e-10,8.585629984736443e-10,1.33877620100975e-09,-5.732393726365359e-15,7.327471962526033e-15,1.887379141862766e-15,0,0
912,1800,100.3400036688279,1000,285.0213263606063,1246422.723587705,0.04998913894162524,24.98149592213187,1390.962715916971,800,283.8922528735641,1114936.514649551,0.04939992340553852,24.6899574729135,1290.622712248143,0.4998913894162524,0.4939992340553852,0.0004,0.0007249816979851475,0.0004013600146753115,-0.2996451274502725,1.055013854056597e-10,8.476490620523691e-10,1.29512045532465e-09,5.568462357885551e-16,7.438494264988549e-15,8.271161533457416e-15,0,0
914.4,1800,100.3392115980287,1000,285.0213114932784,1246421.003157297,0.04998913233466264,24.98149266190287,1390.961350730332,800,283.8922462070103,1114900.786966172,0.04939836933245426,24.68918078257545,1290.622139132303,0.4998913233466264,0.4939836933245426,0.0004,0.0007249771130584231,0.0004013568463921147,-0.3004218177883189,2.619344741106033e-10,9.385985322296619e-10,1.309672370553017e-09,-7.812327174061551e-15,9.769962616701378e-15,2.220446049250313e-15,0,0
916.8,1800,100.3384290326424,1000,285.0212968044301,1246419.301806365,0.04998912574381024,24.98148940922684,1390.960001933672,800,283.8922396205362,1114865.067774543,0.04939681526651299,24.6884040956145,1290.62157290103,0.4998912574381024,0.4939681526651299,0.0004,0.0007249725832082386,0.0004013537161305694,-0.3011985047492729,2.710294211283326e-10,8.403731044381857e-10,1.200533006340265e-09,-2.813721478034381e-15,8.548717289613705e-15,5.939693181744587e-15,0,0
919.2,1800,100.3376558687139,1000,285.0212822921109,1246417.619326443,0.04998911916889197,24.98148616402123,1390.958669347826,800,283.8922331132668,1114829.356981606,0.04939526120763645,24.68762741199363,1290.621013479112,0.4998911916889197,0.4939526120763644,0.0004,0.0007249681078328977,0.0004013506234748556,-0.3019751883701396,3.783497959375381e-10,9.640643838793039e-10,1.426087692379951e-09,-2.435551760271437e-15,6.38378239159465e-15,4.218847493575595e-15,0,0
921.6,1800,100.3368919890554,1000,285.0212679541181,1246415.955481994,0.04998911260970892,24.98148292619283,1390.957352770534,800,283.892226684213,1114793.654482183,0.04939370715573617,24.68685073167103,1290.620460781478,0.4998911260970891,0.4939370715573617,0.0004,0.0007249636862518255,0.0004013475679562216,-0.3027518686927415,4.110916052013636e-10,7.894414011389017e-10,1.506123226135969e-09,-3.045307062077285e-15,8.604228440844963e-15,5.828670879282072e-15,0,0
924,1800,100.336137282326,1000,285.0212537883615,1246414.310049633,0.04998910606607251,24.98147969565318,1390.956052009792,800,283.8922203324361,1114757.960176539,0.0493921531107283,24.68607405460702,1290.619914727466,0.499891060660725,0.493921531107283,0.0004,0.0007249593178197264,0.0004013445491293041,-0.3035285457567483,2.819433575496078e-10,6.475602276623249e-10,7.566995918750763e-10,-7.945033519973776e-16,9.325873406851315e-15,8.826273045769994e-15,0,0
926.4,1800,100.3353916393492,1000,285.0212397927903,1246412.682810087,0.04998909953779752,24.98147647231549,1390.954766877255,800,283.8922140570154,1114722.273966781,0.04939059907253042,24.68529738076268,1290.619375237906,0.4998909953779752,0.4939059907253042,0.0004,0.0007249550019032449,0.0004013415665573966,-0.3043052196010905,1.01863406598568e-10,8.221832104027271e-10,1.222360879182816e-09,-3.047041785553262e-15,9.381384558082573e-15,6.550315845288424e-15,0,0
928.8,1800,100.3346549524581,1000,285.0212259653835,1246411.073547373,0.04998909302470168,24.98147325609426,1390.953497187314,800,283.8922078570447,1114686.595756487,0.04938904504106148,24.68452071009966,1290.618842234856,0.4998909302470168,0.4938904504106148,0.0004,0.0007249507378788511,0.0004013386198098324,-0.3050818902641126,2.200977178290486e-10,6.984919309616089e-10,1.200533006340265e-09,-4.906665351800399e-15,9.159339953157541e-15,4.551914400963142e-15,0,0
931.2,1800,100.333927109431,1000,285.0212123040302,1246409.482035769,0.04998908652659431,24.98147004690014,1390.952242746111,800,283.8922017315739,1114650.925444874,0.04938749101623666,24.68374404257787,1290.61831563668,0.4998908652659431,0.4938749101623666,0.0004,0.0007249465250934408,0.0004013357084377239,-0.3058585577858999,3.019522409886122e-10,7.748894859105349e-10,1.127773430198431e-09,-1.484923295436147e-15,4.496403249731884e-15,3.219646771412954e-15,0,0
933.6,1800,100.3332080068526,1000,285.0211988067909,1246407.908067929,0.04998908004330035,24.98146684465103,1390.951003375479,800,283.8921956797341,1114615.262939393,0.04938593699797814,24.68296737816053,1290.617795368626,0.4998908004330035,0.4938593699797814,0.0004,0.0007249423629490083,0.0004013328320274104,-0.3066352222032442,4.747562343254685e-10,9.968061931431293e-10,1.746229827404022e-09,-7.807990365371609e-15,9.159339953157541e-15,1.609823385706477e-15,0,0
936,1800,100.3324975400974,1000,285.0211854716989,1246406.351433663,0.04998907357464242,24.98146364926374,1390.949778894821,800,283.8921897006414,1114579.608146214,0.04938438298620697,24.6821907168103,1290.617281354724,0.4998907357464242,0.4938438298620696,0.0004,0.0007249382508377911,0.0004013299901603896,-0.307411883553474,-1.455191522836685e-11,8.476490620523691e-10,8.731149137020111e-10,-2.740863092043355e-15,8.992806499463768e-15,6.439293542825908e-15,0,0
938.4,1800,100.331795605669,1000,285.0211722968118,1246404.811925273,0.04998906712044496,24.98146046065604,1390.948569125735,800,283.8921837934247,1114543.96097263,0.04938282898084521,24.68141405849031,1290.616773520066,0.4998906712044496,0.4938282898084521,0.0004,0.000724934188160525,0.0004013271824226758,-0.3081885418734558,2.801243681460619e-10,6.439222488552332e-10,9.531504474580288e-10,-6.765421556309548e-15,7.049916206369744e-15,5.551115123125783e-16,0,0
940.8,1800,100.3311021014117,1000,285.0211592802098,1246403.289337586,0.04998906068053489,24.98145727874672,1390.947373891916,800,283.8921779572216,1114508.32132706,0.04938127498181578,24.68063740316417,1290.616271790504,0.4998906068053489,0.4938127498181578,0.0004,0.0007249301743240303,0.0004013244084056469,-0.3089651971996048,1.637090463191271e-10,7.130438461899757e-10,8.949427865445614e-10,-1.318389841742373e-16,7.938094626069869e-15,8.104628079763643e-15,0,0
943.2,1800,100.330416926729,1000,285.0211464200037,1246401.783468595,0.04998905425474151,24.98145410345579,1390.946193019865,800,283.8921721911837,1114472.689119347,0.04937972098904285,24.67986075079599,1290.615776093136,0.4998905425474151,0.4937972098904285,0.0004,0.0007249262087450861,0.0004013216677069158,-0.3097418495677822,2.091837814077735e-10,8.87666828930378e-10,8.87666828930378e-10,-3.682817939498761e-15,5.939693181744587e-15,2.55351295663786e-15,0,0
945.6,1800,100.329739981745,1000,285.0211337143185,1246400.294117908,0.04998904784289571,24.98145093470394,1390.94502633735,800,283.8921664944701,1114437.06426005,0.04937816700245122,24.67908410135022,1290.615286355605,0.4998904784289571,0.4937816700245122,0.0004,0.0007249222908448428,0.0004013189599269799,-0.3105184990135506,3.401510184630752e-10,5.420588422566652e-10,8.803908713161945e-10,-7.088080122841234e-15,7.105427357601002e-15,2.220446049250313e-16,0,0
948,1800,100.3290711680613,1000,285.021121161306,1246398.821087878,0.04998904144483056,24.98144777241292,1390.943873674647,800,283.8921608662506,1114401.44666096,0.04937661302196663,24.67830745479178,1290.614802506585,0.4998904144483056,0.4937661302196663,0.0004,0.0007249184200526834,0.0004013162846722453,-0.311295145571993,8.36735125631094e-11,7.421476766467094e-10,8.149072527885437e-10,-5.537237335317968e-15,8.326672684688674e-15,3.05311331771918e-15,0,0
950.4,1800,100.3284103884782,1000,285.0211087591396,1246397.364183259,0.04998903506038118,24.98144461650545,1390.942734863993,800,283.8921553057048,1114365.836234944,0.04937505904751583,24.677530811086,1290.614324475514,0.4998903506038118,0.4937505904751583,0.0004,0.0007249145958041154,0.0004013136415539129,-0.3120717892777662,1.527951098978519e-10,8.258211892098188e-10,1.207808963954449e-09,-3.74873743158588e-15,5.162537064506978e-15,1.77635683940025e-15,0,0
952.8,1800,100.3277575467109,1000,285.0210965060122,1246395.923210947,0.04998902868938456,24.98144146690507,1390.941609739456,800,283.8921498120222,1114330.232895826,0.04937350507902634,24.67675417019864,1290.613852192746,0.4998902868938456,0.4937350507902634,0.0004,0.0007249108175419642,0.0004013110301868437,-0.3128484301651291,4.165485734120011e-10,7.021299097687006e-10,8.803908713161945e-10,-2.277691923957548e-15,9.603429163007604e-15,7.549516567451064e-15,0,0
955.2,1800,100.3271125458571,1000,285.0210844001026,1246394.497976147,0.0499890223316762,24.98143832353467,1390.940498133721,800,283.8921443843844,1114294.636556675,0.04937195111642501,24.6759775320951,1290.613385587864,0.499890223316762,0.4937195111642501,0.0004,0.0007249070847029124,0.0004013084501834283,-0.3136250682686672,6.475602276623249e-10,7.09405867382884e-10,1.353328116238117e-09,-6.584142953069971e-15,7.494005416219807e-15,1.110223024625157e-15,0,0
957.6,1800,100.3264752923783,1000,285.0210724396549,1246393.088291228,0.04998901598709764,24.98143518631998,1390.939399885573,800,283.8921390220041,1114259.047133767,0.04937039715964141,24.6752008967421,1290.612924593195,0.4998901598709763,0.4937039715964141,0.0004,0.0007249033967455562,0.0004013059011695132,-0.3144017036216731,4.074536263942719e-10,5.820766091346741e-10,1.215084921568632e-09,-6.142655828433874e-15,2.831068712794149e-15,-3.108624468950438e-15,0,0
960,1800,100.3258456929354,1000,285.0210606229156,1246391.693968707,0.04998900965549063,24.98143205518678,1390.938314833962,800,283.8921337240937,1114223.464543442,0.0493688432086052,24.67442426410636,1290.612469141026,0.4998900965549063,0.493688432086052,0.0004,0.0007248997531282111,0.0004013033827717418,-0.3151783362574072,3.947207005694509e-10,8.440110832452774e-10,1.236912794411182e-09,-5.377642775528102e-15,5.218048215738236e-15,5.551115123125783e-17,0,0
962.4,1800,100.3252236551373,1000,285.021048948149,1246390.314823027,0.04998900333669845,24.98142893006162,1390.937242819484,800,283.8921284898734,1114187.888702904,0.04936728926324668,24.67364763415497,1290.612019164347,0.4998900333669845,0.4936728926324668,0.0004,0.0007248961533147739,0.0004013008946205491,-0.3159549662088033,2.055458026006818e-10,9.713403414934874e-10,9.458744898438454e-10,-4.19456136491192e-15,8.43769498715119e-15,4.440892098500626e-15,0,0
964.8,1800,100.3246090874591,1000,285.0210374136368,1246388.950670499,0.04998899703056604,24.98142581087177,1390.93618368431,800,283.8921233185722,1114152.319530192,0.04936573532349698,24.67287100685531,1290.611574596851,0.4998899703056604,0.4936573532349698,0.0004,0.0007248925967748109,0.0004012984363498363,-0.3167315935084609,3.838067641481757e-10,8.003553375601768e-10,1.178705133497715e-09,-2.56999282965964e-15,7.827072323607354e-15,5.440092820663267e-15,0,0
967.2,1800,100.3240018993104,1000,285.0210260176772,1246387.601329237,0.04998899073693971,24.98142269754523,1390.935137272179,800,283.8921182094265,1114116.756944152,0.04936418138928779,24.67209438217512,1290.611135372869,0.4998899073693971,0.4936418138928779,0.0004,0.0007248890829829525,0.0004012960075972414,-0.3175082181886495,4.838511813431978e-10,5.566107574850321e-10,1.04046193882823e-09,-1.543903893619358e-15,7.605027718682322e-15,6.328271240363392e-15,0,0
969.6,1800,100.3234020010505,1000,285.0210147585857,1246386.266619106,0.0499889844556675,24.9814195900107,1390.934103428376,800,283.892113161679,1114081.200864415,0.04936262746055148,24.67131776008243,1290.610701427325,0.499889844556675,0.4936262746055148,0.0004,0.0007248856114186037,0.0004012936080042018,-0.3182848402813363,4.329194780439138e-10,6.475602276623249e-10,8.440110832452774e-10,-4.270021836116911e-15,3.219646771412954e-15,-8.326672684688674e-16,0,0
972,1800,100.3228093116552,1000,285.0210036348426,1246384.946377721,0.04998897818661224,24.98141648820389,1390.933082013357,800,283.8921081746494,1114045.65121857,0.04936107353722723,24.67054114054847,1290.610272701701,0.4998897818661223,0.4936107353722722,0.0004,0.0007248821816136115,0.0004012912372466207,-0.3190614598153019,7.47604644857347e-10,5.456968210637569e-10,1.527951098978519e-09,-3.644654023027272e-15,1.021405182655144e-14,6.772360450213455e-15,0,0
974.4,1800,100.3222237412851,1000,285.0209926447599,1246383.640424567,0.04998897192962145,24.98141339205334,1390.932072872048,800,283.8921032475788,1114010.107926074,0.04935951961924715,24.66976452354117,1290.609849130763,0.4998897192962145,0.4935951961924715,0.0004,0.0007248787930461039,0.0004012888949651405,-0.3198380768226023,6.584741640836e-10,8.258211892098188e-10,1.709850039333105e-09,-2.644585939126642e-15,4.274358644806853e-15,1.831867990631508e-15,0,0
976.8,1800,100.3216452040763,1000,285.0209817867245,1246382.348587224,0.04998896568454961,24.98141030149079,1390.931075856351,800,283.8920983797433,1113974.570910011,0.04935796570654668,24.66898790902997,1290.609430652275,0.4998896568454961,0.4935796570654667,0.0004,0.0007248754452181966,0.0004012865808163051,-0.3206146913338017,4.383764462545514e-10,7.34871719032526e-10,1.411535777151585e-09,-3.973384121724877e-15,9.880984919163893e-15,6.050715484207103e-15,0,0
979.2,1800,100.3210736156377,1000,285.0209710591519,1246381.070696347,0.04998895945125371,24.98140721644921,1390.930090820751,800,283.8920935704318,1113939.040094843,0.04935641179906221,24.66821129698481,1290.609017205113,0.4998895945125371,0.4935641179906221,0.0004,0.0007248721376409049,0.0004012842944625508,-0.3213913033789595,4.656612873077393e-10,5.893525667488575e-10,1.280568540096283e-09,-1.767683222020366e-15,7.993605777301127e-15,6.494804694057166e-15,0,0
981.6,1800,100.3205088927373,1000,285.0209604604789,1246379.806584734,0.04998895322959256,24.98140413686241,1390.929117621642,800,283.8920888189423,1113903.515405991,0.04935485789673102,24.66743468737605,1290.608608728905,0.4998895322959255,0.4935485789673101,0.0004,0.0007248688698312362,0.0004012820355709491,-0.3221679129877231,5.911715561524034e-10,6.184563972055912e-10,1.222360879182816e-09,-2.680147770384167e-16,1.049160758270773e-14,1.038058528024521e-14,0,0
984,1800,100.3199509531578,1000,285.0209499891606,1246378.556087313,0.04998894701942679,24.98140106266504,1390.928156117212,800,283.8920841245817,1113867.996769832,0.04935330399949116,24.66665808017439,1290.608205164054,0.4998894701942678,0.4935330399949115,0.0004,0.0007248656413124336,0.0004012798038126311,-0.322944520189381,2.019078237935901e-10,5.056790541857481e-10,4.874891601502895e-10,-1.789367265470077e-15,8.160139230994901e-15,6.550315845288424e-15,0,0
986.4,1800,100.3193997156689,1000,285.0209396436728,1246377.319041134,0.04998894082061881,24.98139799379259,1390.927206167434,800,283.8920794866658,1113832.484113689,0.04935175010728151,24.66588147535094,1290.607806451765,0.4998894082061881,0.4935175010728151,0.0004,0.0007248624516141207,0.0004012775988626754,-0.3237211250128311,8.421920938417315e-10,1.000444171950221e-09,1.862645149230957e-09,-5.375908052052125e-15,5.939693181744587e-15,7.771561172376096e-16,0,0
988.8,1800,100.3188550974794,1000,285.0209294224595,1246376.095279827,0.04998893463302811,24.9813949301792,1390.926267629417,800,283.8920749044959,1113796.977363339,0.04935019622003967,24.66510487287619,1290.607412531937,0.4998893463302811,0.4935019622003967,0.0004,0.000724859300255499,0.0004012754203899176,-0.3244977274875858,4.802132025361061e-10,6.693881005048752e-10,1.178705133497715e-09,-5.072331443756184e-15,8.992806499463768e-15,4.052314039881821e-15,0,0
991.2,1800,100.3183170195516,1000,285.0209193240363,1246374.884644718,0.04998892845652077,24.98139187176207,1390.925340366854,800,283.8920703774053,1113761.476448021,0.04934864233770606,24.66432827272198,1290.607023347302,0.4998892845652077,0.4934864233770606,0.0004,0.0007248561867784192,0.0004012732680782064,-0.3252743276417931,3.728928277269006e-10,8.87666828930378e-10,1.06228981167078e-09,-1.626303258728257e-15,1.004751837285767e-14,8.604228440844963e-15,0,0
993.6,1800,100.3177854037715,1000,285.0209093469357,1246373.686978966,0.04998892229096433,24.9813888184791,1390.924424244978,800,283.8920659047358,1113725.981297794,0.04934708846022191,24.6635516748605,1290.606638841206,0.4998892229096433,0.4934708846022191,0.0004,0.0007248531107296512,0.000401271141615086,-0.3260509255032673,3.710738383233547e-10,6.330083124339581e-10,1.266016624867916e-09,-1.176142516712275e-15,9.825473767932635e-15,8.770761894538737e-15,0,0
996,1800,100.3172601723202,1000,285.0208994896976,1246372.502126452,0.04998891613622691,24.98138577026848,1390.923519129683,800,283.8920614858322,1113690.491843036,0.04934553458752857,24.66277507926407,1290.606258957362,0.4998891613622691,0.4934553458752857,0.0004,0.0007248500716588987,0.0004012690406892807,-0.3268275210996983,8.894858183339238e-10,6.293703336268663e-10,1.542503014206886e-09,-3.885780586188048e-15,6.550315845288424e-15,2.831068712794149e-15,0,0
998.4,1800,100.3167412483972,1000,285.0208897508784,1246371.329932889,0.04998890999217832,24.98138272706914,1390.922624888417,800,283.8920571200464,1113655.008014944,0.04934398071956827,24.66199848590533,1290.60588364002,0.4998890999217832,0.4934398071956826,0.0004,0.00072484706912016,0.0004012669649935887,-0.3276041144584418,7.312337402254343e-10,8.767528925091028e-10,1.644366420805454e-09,-3.982057739104761e-15,6.494804694057166e-15,2.664535259100376e-15,0,0
1000.8,1800,100.3162285560943,1000,285.0208801290523,1246370.170245797,0.04998890385868977,24.98137968882073,1390.921741390227,800,283.8920528067374,1113619.529745523,0.04934242685628372,24.66122189475723,1290.605512834133,0.4998890385868976,0.4934242685628372,0.0004,0.0007248441026730616,0.0004012649142243772,-0.3283807056065413,5.929905455559492e-10,7.385096978396177e-10,1.135049387812614e-09,-4.11823353196894e-15,7.105427357601002e-15,3.108624468950438e-15,0,0
1003.2,1800,100.3157220208548,1000,285.0208706228202,1246369.02291564,0.04998889773563499,24.98137665546404,1390.920868506615,800,283.8920485452786,1113584.056968103,0.04934087299761891,24.66044530579326,1290.605146485761,0.4998889773563499,0.4934087299761891,0.0004,0.0007248411718860843,0.000401262888083419,-0.3291572945705106,3.365130396559834e-10,5.966285243630409e-10,7.34871719032526e-10,-2.422541334201611e-15,8.659739592076221e-15,6.38378239159465e-15,0,0
1005.6,1800,100.3152215697201,1000,285.0208612308116,1246367.887795946,0.0499888916228903,24.98137362694108,1390.92000611175,800,283.8920443350545,1113548.589617394,0.04933931914351887,24.65966871898745,1290.60478454203,0.499888916228903,0.4933931914351887,0.0004,0.0007248382763362424,0.0004012608862788802,-0.32993388137632,4.05634636990726e-10,3.965396899729967e-10,6.111804395914078e-10,-6.18255446838134e-15,5.939693181744587e-15,-1.110223024625157e-16,0,0
1008,1800,100.3147271289777,1000,285.0208519516419,1246366.764738634,0.04998888552033071,24.98137060319324,1390.919154078457,800,283.8920401754437,1113513.127627361,0.04933776529392812,24.65889213431355,1290.604426949479,0.4998888552033071,0.4933776529392812,0.0004,0.0007248354155958314,0.0004012589085159107,-0.3307104660502205,5.184119800105691e-10,7.821654435247183e-10,1.578882802277803e-09,-4.13471340499072e-15,9.270362255620057e-15,5.329070518200751e-15,0,0
1010.4,1800,100.3142386264637,1000,285.0208427839565,1246365.653598978,0.04998887942783395,24.98136758416324,1390.918312282345,800,283.8920360658383,1113477.670933482,0.04933621144879231,24.65811555174589,1290.604073655882,0.4998887942783395,0.4933621144879231,0.0004,0.000724832589247053,0.000401256954505855,-0.331487048617884,4.019966581836343e-10,8.003553375601768e-10,1.251464709639549e-09,-2.663667897362387e-15,6.328271240363392e-15,3.774758283725532e-15,0,0
1012.8,1800,100.3137559910995,1000,285.0208337264195,1246364.554234049,0.04998887334527938,24.98136456979448,1390.917480600717,800,283.8920320056382,1113442.219472039,0.04933465760805785,24.65733897125913,1290.603724609618,0.4998887334527938,0.4933465760805785,0.0004,0.000724829796876942,0.0004012550239643978,-0.3322636291046379,6.075424607843161e-10,9.240466170012951e-10,1.33877620100975e-09,-5.26488574958961e-16,1.049160758270773e-14,1.010302952408892e-14,0,0
1015.2,1800,100.3132791524815,1000,285.0208247777093,1246363.46650269,0.04998886727254782,24.98136156003108,1390.916658912239,800,283.8920279942504,1113406.773180105,0.04933310377167185,24.65656239282825,1290.603379759758,0.4998886727254782,0.4933310377167184,0.0004,0.0007248270380780614,0.0004012531166099261,-0.3330402075355217,4.747562343254685e-10,8.221832104027271e-10,1.57160684466362e-09,-2.685351940812097e-15,6.716849298982197e-15,4.274358644806853e-15,0,0
1017.6,1800,100.3128080411989,1000,285.0208159365227,1246362.390265501,0.04998886120952151,24.98135855481786,1390.915847097208,800,283.892024031091,1113371.331995542,0.04933154993958201,24.65578581642854,1290.603039056009,0.4998886120952151,0.4933154993958201,0.0004,0.0007248243124480723,0.0004012512321647955,-0.3338167839352302,3.001332515850663e-10,1.069565769284964e-09,1.411535777151585e-09,1.393850312947365e-15,1.254552017826427e-14,1.415534356397075e-14,0,0
1020,1800,100.3123425876283,1000,285.0208072015519,1246361.325382751,0.04998885515608249,24.9813555540995,1390.91504503552,800,283.8920201155717,1113335.895856049,0.04932999611173595,24.65500924203521,1290.602702447892,0.4998885515608248,0.4932999611173595,0.0004,0.0007248216195831355,0.0004012493703505133,-0.3345933583285579,6.475602276623249e-10,8.585629984736443e-10,1.775333657860756e-09,-7.146193359286457e-15,9.71445146547012e-15,2.720046410331634e-15,0,0
1022.4,1800,100.3118827243661,1000,285.0207985715306,1246360.271719001,0.04998884911211644,24.98135255782241,1390.914252610899,800,283.8920162471247,1113300.464701261,0.04932844228808288,24.65423266962427,1290.602369886533,0.4998884911211643,0.4932844228808288,0.0004,0.0007248189590922666,0.0004012475308974644,-0.3353699307394997,1.14596332423389e-10,7.676135282963514e-10,1.156877260655165e-09,-1.176142516712275e-15,9.381384558082573e-15,8.382183835919932e-15,0,0
1024.8,1800,100.3114283843333,1000,285.0207900451996,1246359.229139696,0.0499888430775097,24.98134956593329,1390.913469707716,800,283.8920124251852,1113265.038471206,0.04932688846857233,24.65345609917186,1290.602041323383,0.499888430775097,0.4932688846857233,0.0004,0.0007248163305870603,0.0004012457135373333,-0.3361465011919087,4.856701707467437e-10,1.069565769284964e-09,1.360604073852301e-09,-4.872838244018851e-15,9.880984919163893e-15,5.162537064506978e-15,0,0
1027.2,1800,100.3109795012908,1000,285.0207816213145,1246358.197511761,0.04998883705214991,24.98134657837949,1390.912696211651,800,283.8920086491938,1113229.61710657,0.04932533465315445,24.6526795306544,1290.60171671036,0.4998883705214991,0.4932533465315445,0.0004,0.0007248137336828803,0.0004012439180051633,-0.3369230697093748,5.093170329928398e-10,9.022187441587448e-10,1.222360879182816e-09,-9.922618282587337e-16,8.604228440844963e-15,7.882583474838611e-15,0,0
1029.6,1800,100.310536009682,1000,285.0207732986449,1246357.176703713,0.04998883103592605,24.98134359510893,1390.91193200977,800,283.8920049185994,1113194.200548752,0.04932378084177995,24.65190296404857,1290.601396000088,0.4998883103592605,0.4932378084177995,0.0004,0.0007248111680007022,0.0004012421440387279,-0.3376996363152038,2.946762833744287e-10,7.385096978396177e-10,1.076841726899147e-09,-4.909267437014364e-16,5.329070518200751e-15,4.996003610813204e-15,0,0
1032,1800,100.310097844834,1000,285.0207650759755,1246356.166585632,0.04998882502872843,24.9813406160702,1390.91117699044,800,283.8920012328559,1113158.788739851,0.04932222703440006,24.65112639933135,1290.601079145606,0.4998882502872843,0.4932222703440005,0.0004,0.0007248086331648482,0.0004012403913793359,-0.3384762010324174,3.074092091992497e-10,1.029548002406955e-09,1.382431946694851e-09,-1.284562733960826e-15,5.329070518200751e-15,4.163336342344337e-15,0,0
1034.4,1800,100.309664942899,1000,285.0207569521077,1246355.167029354,0.04998881903044886,24.98133764121255,1390.910431043594,800,283.8919975914258,1113123.381622752,0.04932067323096678,24.65034983648004,1290.600766100695,0.4998881903044886,0.4932067323096678,0.0004,0.0007248061288055578,0.0004012386597715958,-0.3392527638837279,3.54702933691442e-10,7.639755494892597e-10,1.389707904309034e-09,-3.910934076589712e-15,9.936496070395151e-15,6.272760089132134e-15,0,0
1036.8,1800,100.3092372407825,1000,285.0207489258568,1246354.177908249,0.04998881304098034,24.98133467048587,1390.909694060436,800,283.8919939937773,1113087.979141026,0.04931911943143264,24.64957327547218,1290.600456819654,0.4998881304098034,0.4931911943143264,0.0004,0.0007248036545572303,0.00040123694896313,-0.3400293248915887,6.239133654162288e-10,8.003553375601768e-10,1.462467480450869e-09,-3.434752482434078e-16,7.549516567451064e-15,7.327471962526033e-15,0,0
1039.2,1800,100.3088146760167,1000,285.0207409960494,1246353.199096879,0.04998880706021702,24.98133170384048,1390.908965933208,800,283.8919904393837,1113052.581238773,0.04931756563575064,24.64879671628555,1290.600151257191,0.4998880706021701,0.4931756563575064,0.0004,0.0007248012100575287,0.0004012352587040668,-0.3408058840782182,4.365574568510056e-10,8.658389560878277e-10,1.331500243395567e-09,-5.453103246733093e-15,9.658940314238862e-15,4.385380947269368e-15,0,0
1041.6,1800,100.3083971869789,1000,285.0207331615278,1246352.230471458,0.04998880108805436,24.9813287412274,1390.908246555601,800,283.891986927725,1113017.187860835,0.04931601184387435,24.64802015889821,1290.599849368622,0.4998880108805436,0.4931601184387434,0.0004,0.0007247987949489797,0.0004012335887479157,-0.3415824414655653,6.075424607843161e-10,8.949427865445614e-10,1.520675141364336e-09,-4.128641872824801e-16,4.107825191113079e-15,3.83026943495679e-15,0,0
1044,1800,100.3079847126887,1000,285.0207254211476,1246351.271909661,0.04998879512438905,24.98132578259818,1390.907535822502,800,283.8919834582883,1112981.798952706,0.04931445805575795,24.64724360328848,1290.599551109814,0.4998879512438905,0.4931445805575794,0.0004,0.0007247964088785101,0.0004012319388507549,-0.3423589970752872,5.129550117999315e-10,7.385096978396177e-10,1.280568540096283e-09,-2.316723202167026e-15,9.769962616701378e-15,7.605027718682322e-15,0,0
1046.4,1800,100.3075771928527,1000,285.0207177737773,1246350.323290607,0.04998878916911905,24.98132282790499,1390.906833630041,800,283.8919800305664,1112946.414460524,0.04931290427135609,24.64646704943495,1290.599256437188,0.4998878916911905,0.4931290427135608,0.0004,0.0007247940514975052,0.0004012303087714108,-0.3431355509288174,4.511093720793724e-10,5.966285243630409e-10,1.08411768451333e-09,-5.585809592645319e-15,1.326716514427062e-14,7.882583474838611e-15,0,0
1048.8,1800,100.3071745681814,1000,285.0207102183008,1246349.384494881,0.04998878322214351,24.98131987710055,1390.906139875705,800,283.8919766440564,1112911.034331085,0.04931135049062403,24.64569049731645,1290.598965307524,0.4998878322214351,0.4931135049062403,0.0004,0.0007247917224601915,0.0004012286982727255,-0.3439121030473231,5.566107574850321e-10,1.011358108371496e-09,1.833541318774223e-09,4.44956571588051e-16,6.716849298982197e-15,7.438494264988549e-15,0,0
1051.2,1800,100.306776780202,1000,285.0207027536222,1246348.455405399,0.04998877728336359,24.9813169301385,1390.905454458869,800,283.8919732982686,1112875.658512223,0.04930979671351794,24.64491394691224,1290.598677678667,0.4998877728336358,0.4930979671351794,0.0004,0.0007247894214293337,0.0004012271071208079,-0.3446886534515272,3.456079866737127e-10,9.240466170012951e-10,1.309672370553017e-09,-4.681151299923414e-15,1.287858708565182e-14,8.493206138382448e-15,0,0
1053.6,1800,100.3063837706279,1000,285.0206953786471,1246347.535905126,0.04998877135268047,24.98131398697253,1390.904777279005,800,283.891969992711,1112840.286951797,0.0493082429399939,24.64413739820158,1290.598393508377,0.4998877135268047,0.493082429399939,0.0004,0.0007247871480670147,0.0004012255350825117,-0.3454652021621882,5.438778316602111e-10,8.476490620523691e-10,1.426087692379951e-09,-3.55878521096642e-15,9.159339953157541e-15,5.773159728050814e-15,0,0
1056,1800,100.3059954821376,1000,285.0206880922981,1246346.625878932,0.04998876542999692,24.98131104755705,1390.904108237207,800,283.8919667269002,1112804.919598517,0.04930668917000879,24.64336085116408,1290.598112755069,0.4998876542999692,0.4930668917000878,0.0004,0.0007247849020405556,0.0004012239819285505,-0.3462417491996916,4.129105946049094e-10,9.204086381942034e-10,1.375155989080667e-09,-1.267215499201058e-15,7.771561172376096e-15,6.716849298982197e-15,0,0
1058.4,1800,100.3056118580778,1000,285.0206808935116,1246345.725213051,0.04998875951521686,24.98130811184702,1390.903447235767,800,283.8919635003585,1112769.5564017,0.04930513540352001,24.64258430577958,1290.59783537769,0.4998875951521686,0.4930513540352001,0.0004,0.0007247826830215163,0.0004012224474323111,-0.347018294584192,2.546585164964199e-10,6.511982064694166e-10,7.057678885757923e-10,-2.484991379336776e-15,9.936496070395151e-15,7.716050021144838e-15,0,0
1060.8,1800,100.3052328424246,1000,285.0206737812354,1246344.833795059,0.0499887536082454,24.98130517979794,1390.902794178098,800,283.8919603126146,1112734.197311266,0.04930358164048537,24.64180776202816,1290.597561335673,0.499887536082454,0.4930358164048536,0.0004,0.0007247804906853871,0.0004012209313696985,-0.3477948383356129,6.057234713807702e-10,7.275957614183426e-10,1.600710675120354e-09,-3.515417124067e-15,8.826273045769994e-15,5.551115123125783e-15,0,0
1063.2,1800,100.3048583798343,1000,285.0206667544303,1246343.951513854,0.04998874770898872,24.98130225136584,1390.902148968741,800,283.8919571632014,1112698.842277724,0.04930202788086328,24.64103121989014,1290.597290588907,0.4998874770898872,0.4930202788086328,0.0004,0.0007247783247112529,0.0004012194335193371,-0.3485713804736292,7.130438461899757e-10,1.131411409005523e-09,2.117303665727377e-09,-2.082535532910157e-15,1.165734175856414e-14,9.769962616701378e-15,0,0
1065.6,1800,100.3044884156066,1000,285.0206598120694,1246343.078259639,0.0499887418173541,24.98129932650723,1390.901511513405,800,283.8919540516583,1112663.491252164,0.04930047412461258,24.64025467934607,1290.597023097798,0.4998874181735409,0.4930047412461258,0.0004,0.0007247761847823876,0.0004012179536624262,-0.3493479210176993,7.148628355935216e-10,8.549250196665525e-10,1.607986632734537e-09,-3.573530360512223e-15,1.060262988517024e-14,7.216449660063518e-15,0,0
1068,1800,100.3041228957088,1000,285.0206529531373,1246342.213923898,0.04998873593324989,24.98129640517917,1390.900881718843,800,283.8919509775295,1112628.14418625,0.04929892037169262,24.63947814037673,1290.596758823134,0.4998873593324989,0.4929892037169262,0.0004,0.0007247740705850719,0.0004012164915828352,-0.3501244599870432,6.057234713807702e-10,6.693881005048752e-10,1.069565769284964e-09,-5.976989736478089e-15,8.43769498715119e-15,2.664535259100376e-15,0,0
1070.4,1800,100.3037617666932,1000,285.0206461766309,1246341.358399379,0.04998873005658559,24.9812934873392,1390.90025949296,800,283.8919479403653,1112592.801032212,0.04929736662206323,24.63870160296312,1290.596497726266,0.4998873005658559,0.4929736662206323,0.0004,0.0007247719818101304,0.000401215047066773,-0.3509009974006538,7.894414011389017e-10,7.457856554538012e-10,1.564330887049437e-09,-2.550043509685906e-15,1.082467449009528e-14,8.548717289613705e-15,0,0
1072.8,1800,100.3034049757873,1000,285.0206394815586,1246340.511580068,0.04998872418727168,24.98129057294535,1390.899644744681,800,283.8919449397202,1112557.461742831,0.04929581287568466,24.63792506708645,1290.596239768894,0.4998872418727168,0.4929581287568466,0.0004,0.0007247699181511525,0.0004012136199031492,-0.3516775332773179,3.219611244276166e-10,8.476490620523691e-10,1.215084921568632e-09,-2.296773882193293e-15,8.715250743307479e-15,6.716849298982197e-15,0,0
1075.2,1800,100.3030524707456,1000,285.0206328669399,1246339.67336118,0.04998871832521962,24.98128766195614,1390.899037383957,800,283.8919419751545,1112522.126271436,0.04929425913251769,24.63714853272818,1290.595984913212,0.4998871832521962,0.4929425913251769,0.0004,0.0007247678793056947,0.0004012122098829823,-0.3524540676355876,2.78305378742516e-10,1.033185981214046e-09,1.578882802277803e-09,-6.652664530371055e-16,1.110223024625157e-14,1.054711873393899e-14,0,0
1077.6,1800,100.3027041999983,1000,285.0206263318059,1246338.843639127,0.04998871247034199,24.98128475433056,1390.898437321837,800,283.8919390462333,1112486.794571891,0.04929270539252349,24.63637199986995,1290.595733121839,0.4998871247034198,0.4929270539252348,0.0004,0.00072476586497471,0.0004012108167999931,-0.3532306004938164,3.747118171304464e-10,8.476490620523691e-10,1.484295353293419e-09,-1.561251128379126e-17,1.165734175856414e-14,1.187938636348917e-14,0,0
1080,1800,100.3023601129134,1000,285.0206198752062,1246338.022312296,0.04998870662255295,24.98128185002838,1390.897844471011,800,283.89193615253,1112451.466598953,0.04929115165566399,24.63559546849377,1290.595484358097,0.4998870662255295,0.4929115165566398,0.0004,0.0007247638748647769,0.0004012094404516537,-0.3540071318699987,4.274625098332763e-10,6.220943760126829e-10,1.309672370553017e-09,-6.106226635438361e-15,9.381384558082573e-15,3.497202527569243e-15,0,0
1082.4,1800,100.30202016066,1000,285.0206134962248,1246337.209282777,0.0499887007817699,24.98127894901086,1390.897258747389,800,283.8919332936346,1112416.142309062,0.04928959792190258,24.63481893858232,1290.595238586729,0.499887007817699,0.4928959792190258,0.0004,0.0007247619086938321,0.0004012080806426402,-0.3547836617814504,5.347828846424818e-10,8.003553375601768e-10,1.367880031466484e-09,-4.904063266586434e-15,1.176836406102666e-14,7.049916206369744e-15,0,0
1084.8,1800,100.3016842923587,1000,285.0206071939048,1246336.404448268,0.04998869494790641,24.98127605123749,1390.896680063092,800,283.8919304691165,1112380.821656628,0.04928804419120087,24.63404241011746,1290.594995770733,0.499886949479064,0.4928804419120087,0.0004,0.0007247599661658642,0.0004012067371694347,-0.3555601902463081,3.619788913056254e-10,6.730260793119669e-10,1.06228981167078e-09,-3.223116218364908e-15,1.215694211964546e-14,9.270362255620057e-15,0,0
1087.2,1800,100.3013524588698,1000,285.0206009673236,1246335.607710185,0.04998868912087922,24.98127315666923,1390.896108333431,800,283.8919276785624,1112345.504597755,0.04928649046352196,24.63326588308174,1290.594755874561,0.4998868912087922,0.4928649046352196,0.0004,0.0007247580469964887,0.0004012054098354793,-0.3563367172820335,3.528839442878962e-10,6.693881005048752e-10,1.047737896442413e-09,-4.361962180343681e-15,6.994405055138486e-15,2.831068712794149e-15,0,0
1089.6,1800,100.3010246116121,1000,285.02059481557,1246334.818971087,0.04998868330060612,24.98127026526753,1390.895543474693,800,283.8919249215635,1112310.191089056,0.04928493673882939,24.63248935745791,1290.594518863081,0.4998868330060611,0.4928493673882939,0.0004,0.0007247561509046445,0.0004012040984464484,-0.3571132429058643,5.220499588176608e-10,8.62200977280736e-10,1.418811734765768e-09,-3.394853842486611e-15,1.249000902703301e-14,9.381384558082573e-15,0,0
1092,1800,100.3007007026949,1000,285.0205887377429,1246334.038134664,0.04998867748700569,24.98126737699425,1390.894985404149,800,283.8919221977147,1112274.881087649,0.04928338301708701,24.6317128332289,1290.594284701454,0.4998867748700569,0.4928338301708701,0.0004,0.0007247542776116297,0.0004012028028107797,-0.3578897671348713,2.619344741106033e-10,8.549250196665525e-10,1.156877260655165e-09,-4.963911226507634e-15,1.187938636348917e-14,7.049916206369744e-15,0,0
1094.4,1800,100.300380684632,1000,285.0205827329524,1246333.265105714,0.04998867167999767,24.9812644918117,1390.894434040065,800,283.8919195066175,1112239.574551147,0.04928182929825925,24.63093631037786,1290.594053355433,0.4998867167999767,0.4928182929825925,0.0004,0.0007247524268434608,0.0004012015227385281,-0.3586662899859085,4.201865522190928e-10,8.440110832452774e-10,1.309672370553017e-09,-1.949829186997931e-15,7.549516567451064e-15,5.773159728050814e-15,0,0
1096.8,1800,100.3000645105594,1000,285.0205768003173,1246332.499790127,0.04998866587950248,24.98126160968263,1390.89388930151,800,283.8919168478758,1112204.271437653,0.04928027558231083,24.63015978888815,1290.593824790951,0.4998866587950248,0.4928027558231083,0.0004,0.0007247505983276078,0.0004012002580422377,-0.3594428114756241,7.185008144006133e-10,7.748894859105349e-10,1.520675141364336e-09,-7.474923457984062e-15,1.415534356397075e-14,6.827871601444713e-15,0,0
1099.2,1800,100.299752134126,1000,285.0205709389676,1246331.742094869,0.04998866008544164,24.98125873057023,1390.893351108644,800,283.8919142210999,1112168.971705748,0.04927872186920688,24.62938326874326,1290.593598974518,0.4998866008544163,0.4927872186920688,0.0004,0.0007247487917961407,0.0004011990085365041,-0.3602193316205096,4.856701707467437e-10,7.166818249970675e-10,1.462467480450869e-09,-1.611558109182454e-15,1.204591981718295e-14,1.060262988517024e-14,0,0
1101.6,1800,100.2994435095161,1000,285.020565148043,1246330.991927962,0.04998865429773744,24.98125585443805,1390.892819382417,800,283.8919116259033,1112133.675314484,0.04927716815891298,24.62860674992693,1290.593375872901,0.4998865429773744,0.4927716815891298,0.0004,0.0007247470069832088,0.0004011977740380644,-0.36099585043684,4.82032191939652e-10,7.203198038041592e-10,1.469743438065052e-09,-5.997806418189811e-15,1.032507412901396e-14,4.496403249731884e-15,0,0
1104,1800,100.2991385914281,1000,285.0205594266928,1246330.249198464,0.04998864851631315,24.98125298125012,1390.892294044717,800,283.8919090619046,1112098.382223378,0.04927561445139508,24.62783023242306,1290.593155453289,0.4998864851631314,0.4927561445139508,0.0004,0.0007247452436263138,0.0004011965543657124,-0.3617723679407128,1.327862264588475e-10,7.385096978396177e-10,6.693881005048752e-10,-2.141516131093368e-15,1.165734175856414e-14,9.825473767932635e-15,0,0
1106.4,1800,100.2988373350929,1000,285.0205537740752,1246329.513816457,0.04998864274109278,24.98125011097082,1390.891775018295,800,283.8919065287252,1112063.092392402,0.0492740607466195,24.62705371621572,1290.592937683203,0.4998864274109278,0.492740607466195,0.0004,0.0007247435014656202,0.0004011953493403716,-0.3625488841480546,5.293259164318442e-10,7.021299097687006e-10,1.04046193882823e-09,-6.027296717281416e-15,7.938094626069869e-15,2.220446049250313e-15,0,0
1108.8,1800,100.2985396993104,1000,285.0205481894195,1246328.785699409,0.04998863697200668,24.9812472435675,1390.891262232295,800,283.8919040260209,1112027.805784834,0.04927250704455539,24.62627720129031,1290.592722532985,0.4998863697200668,0.4927250704455539,0.0004,0.0007247417802638792,0.0004011941587972415,-0.3633253990734602,2.710294211283326e-10,7.494236342608929e-10,1.06228981167078e-09,-6.48699843841527e-15,8.548717289613705e-15,2.331468351712829e-15,0,0
1111.2,1800,100.2982456406064,1000,285.020542671907,1246328.064759956,0.04998863120898107,24.98124437900557,1390.890755611609,800,283.8919015534237,1111992.522361788,0.04927095334517002,24.62550068763138,1290.592509971003,0.4998863120898107,0.4927095334517002,0.0004,0.0007247400797680202,0.0004011929825624256,-0.3641019127323943,1.236912794411182e-10,7.639755494892597e-10,9.240466170012951e-10,-4.10175365894716e-15,1.376676550535194e-14,9.880984919163893e-15,0,0
1113.6,1800,100.2979551144861,1000,285.0205372207027,1246327.350908717,0.0499886254519405,24.98124151724964,1390.89025507952,800,283.8918991105585,1111957.242083474,0.04926939964842985,24.62472417522308,1290.592299965034,0.499886254519405,0.4926939964842985,0.0004,0.0007247383997202687,0.0004011918204579442,-0.3648784251406951,2.546585164964199e-10,5.020410753786564e-10,7.930793799459934e-10,-1.328798182598234e-15,8.992806499463768e-15,7.882583474838611e-15,0,0
1116,1800,100.2976680784293,1000,285.0205318350089,1246326.644060482,0.04998861970081299,24.98123865826598,1390.889760562796,800,283.8918966970682,1111921.964911968,0.04926784595430309,24.62394766405034,1290.592092484366,0.4998861970081299,0.4926784595430309,0.0004,0.0007247367398749302,0.0004011906723137172,-0.3656549363134296,3.074092091992497e-10,6.984919309616089e-10,8.149072527885437e-10,1.347880140833979e-15,9.658940314238862e-15,1.115774139748282e-14,0,0
1118.4,1800,100.2973844905521,1000,285.0205265140381,1246325.944131048,0.04998861395552746,24.98123580202126,1390.889271989119,800,283.8918943125987,1111886.690809795,0.04926629226275814,24.62317115409827,1290.591887498567,0.4998861395552746,0.4926629226275814,0.0004,0.0007247350999885384,0.0004011895379622083,-0.3664314462655049,2.473825588822365e-10,6.330083124339581e-10,1.156877260655165e-09,-1.728651943810888e-15,1.165734175856414e-14,1.015854067532018e-14,0,0
1120.8,1800,100.2971043093924,1000,285.020521257012,1246325.251037208,0.04998860821601364,24.98123294848254,1390.888789287014,800,283.8918919568009,1111851.419739925,0.04926473857376389,24.62239464535212,1290.591684977622,0.4998860821601364,0.4926473857376388,0.0004,0.0007247334798209739,0.0004011884172375694,-0.3672079550116543,3.092281986027956e-10,4.94765117764473e-10,8.512870408594608e-10,-4.942227183057923e-15,8.659739592076221e-15,3.941291737419306e-15,0,0
1123.2,1800,100.2968274939226,1000,285.0205160631608,1246324.564696733,0.04998860248220213,24.98123009761726,1390.888312385813,800,283.8918896293302,1111816.151665765,0.04926318488728958,24.62161813779735,1290.59148489189,0.4998860248220213,0.4926318488728957,0.0004,0.0007247318791351208,0.0004011873099756904,-0.3679844625664188,3.965396899729967e-10,9.276845958083868e-10,1.59343471750617e-09,-3.411333715508391e-15,1.215694211964546e-14,8.881784197001252e-15,0,0
1125.6,1800,100.2965540037806,1000,285.0205109317254,1246323.885028363,0.04998859675402429,24.98122724939327,1390.887841215782,800,283.891887329845,1111780.886551154,0.04926163120330469,24.62084163141958,1290.591287212002,0.4998859675402429,0.4926163120330468,0.0004,0.0007247302976960145,0.0004011862160151222,-0.3687609689441942,5.002220859751105e-10,7.203198038041592e-10,1.033185981214046e-09,2.133709875451473e-15,7.382983113757291e-15,9.769962616701378e-15,0,0
1128,1800,100.2962837987964,1000,285.0205058619533,1246323.211951784,0.04998859103141232,24.98122440377876,1390.887375707839,800,283.8918850580086,1111745.624360353,0.04926007752177928,24.62006512620459,1290.591091909042,0.4998859103141232,0.4926007752177928,0.0004,0.0007247287352723378,0.0004011851351951854,-0.369537474159177,1.455191522836685e-10,5.711626727133989e-10,7.566995918750763e-10,4.709774237277031e-16,1.060262988517024e-14,1.13242748511766e-14,0,0
1130.4,1800,100.2960168395775,1000,285.0205008531033,1246322.545387624,0.04998858531429916,24.98122156074232,1390.886915793901,800,283.8918828134875,1111710.365058045,0.04925852384268355,24.61928862213835,1290.590898954324,0.4998858531429916,0.4925852384268355,0.0004,0.0007247271916345889,0.0004011840673583101,-0.3703139782254254,1.437001628801227e-10,9.567884262651205e-10,9.094947017729282e-10,-3.028827189055505e-15,9.825473767932635e-15,6.994405055138486e-15,0,0
1132.8,1800,100.2957530869494,1000,285.0204959044403,1246321.885257429,0.04998857960261861,24.98121872025288,1390.886461406497,800,283.8918805959526,1111675.10860932,0.0492569701659882,24.61851211920695,1290.590708319548,0.4998857960261861,0.492569701659882,0.0004,0.00072472566655638,0.0004011830123477975,-0.3710904811568163,4.5656634029001e-10,8.221832104027271e-10,1.309672370553017e-09,-5.504277589274409e-15,1.06581410364015e-14,5.384581669432009e-15,0,0
1135.2,1800,100.2954925024403,1000,285.0204910152418,1246321.231483859,0.04998857389630537,24.98121588227983,1390.886012479247,800,283.8918784050791,1111639.854979768,0.04925541649166424,24.61773561739673,1290.590519976806,0.4998857389630537,0.4925541649166424,0.0004,0.0007247241598144519,0.0004011819700097612,-0.3718669829670382,1.673470251262188e-10,7.748894859105349e-10,9.895302355289459e-10,-5.010748760359007e-15,9.103828801926284e-15,4.385380947269368e-15,0,0
1137.6,1800,100.2952350499281,1000,285.0204861848298,1246320.583994501,0.04998856819529828,24.98121304679451,1390.88556894994,800,283.8918762405638,1111604.604137197,0.04925386281968462,24.61695911669488,1290.590333900012,0.4998856819529828,0.4925386281968462,0.0004,0.0007247226712000938,0.0004011809401997125,-0.3726434836688917,1.437001628801227e-10,9.968061931431293e-10,1.185981091111898e-09,-4.773959005888173e-15,7.771561172376096e-15,3.219646771412954e-15,0,0
1140,1800,100.2949806902297,1000,285.0204814124695,1246319.942710804,0.04998856249953101,24.98121021376582,1390.885130751051,800,283.8918741020769,1111569.356046642,0.04925230915001993,24.61618261708749,1290.590150060821,0.4998856249953101,0.4925230915001992,0.0004,0.0007247212004865686,0.000401179922760919,-0.3734199832762783,1.746229827404022e-10,8.11269273981452e-10,7.930793799459934e-10,-2.920406971806955e-15,9.936496070395151e-15,7.271960811294775e-15,0,0
1142.4,1800,100.2947293862658,1000,285.0204766974633,1246319.307558152,0.04998855680894056,24.98120738316421,1390.884697818535,800,283.8918719893045,1111534.110674907,0.04925075548264225,24.61540611856137,1290.589968432269,0.4998855680894055,0.4925075548264225,0.0004,0.0007247197474581535,0.0004011789175450631,-0.3741964818024037,4.911271389573812e-11,8.512870408594608e-10,1.178705133497715e-09,-5.251875323519783e-15,1.165734175856414e-14,6.605826996519681e-15,0,0
1144.8,1800,100.294481101253,1000,285.0204720391209,1246318.678462803,0.04998855112346467,24.98120455496051,1390.884270089036,800,283.8918699019379,1111498.86798919,0.04924920181752392,24.61462962110345,1290.589788987783,0.4998855112346466,0.4924920181752392,0.0004,0.0007247183119022629,0.0004011779244050121,-0.3749729792603169,3.019522409886122e-10,7.748894859105349e-10,1.120497472584248e-09,-5.735863173317313e-15,9.603429163007604e-15,3.996802888650564e-15,0,0
1147.2,1800,100.2942357988898,1000,285.0204674367613,1246318.055351881,0.04998854544304181,24.98120172912585,1390.883847499968,800,283.8918678396714,1111463.62795707,0.04924764815463776,24.61385312470086,1290.589611701079,0.499885454430418,0.4924764815463776,0.0004,0.0007247168936086291,0.000401176943195559,-0.3757494756629072,3.437889972701669e-10,4.547473508864641e-10,1.069565769284964e-09,-6.054184931159057e-15,7.271960811294775e-15,1.387778780781446e-15,0,0
1149.6,1800,100.2939934433125,1000,285.0204628897097,1246317.438153356,0.04998853976761115,24.98119890563173,1390.883429989442,800,283.8918658022018,1111428.390546509,0.04924609449395678,24.61307662934086,1290.589436546129,0.4998853976761115,0.4924609449395678,0.0004,0.0007247154923690359,0.00040117597377325,-0.376525971022911,2.346496330574155e-10,6.002665031701326e-10,1.105945557355881e-09,-3.168472428871638e-15,9.769962616701378e-15,6.883382752675971e-15,0,0
1152,1800,100.2937539989998,1000,285.0204583973011,1246316.826796039,0.04998853409711257,24.98119608444997,1390.883017496298,800,283.8918637892313,1111393.15572584,0.04924454083545434,24.61230013501084,1290.589263497299,0.4998853409711257,0.4924454083545434,0.0004,0.0007247141079783887,0.0004011750159959993,-0.3773024653529298,2.146407496184111e-10,4.401954356580973e-10,9.167706593871117e-10,-1.752938072474564e-15,9.603429163007604e-15,8.104628079763643e-15,0,0
1154.4,1800,100.2935174309216,1000,285.0204539588761,1246316.221209559,0.04998852843148668,24.98119326555269,1390.882609960063,800,283.8918618004634,1111357.923463763,0.04924298717910412,24.61152364169837,1290.589092529141,0.4998852843148668,0.4924298717910412,0.0004,0.0007247127402331298,0.0004011740697236864,-0.3780789586654052,1.728039933368564e-10,9.495124686509371e-10,1.164153218269348e-09,-1.762479051592436e-15,1.254552017826427e-14,1.093569679255779e-14,0,0
1156.8,1800,100.2932837044602,1000,285.0204495737852,1246315.621324357,0.04998852277067475,24.98119044891238,1390.882207321082,800,283.8918598356076,1111322.69372934,0.0492414335248801,24.61074714939112,1290.588923616622,0.4998852277067474,0.492414335248801,0.0004,0.0007247113889329739,0.0004011731348178409,-0.3788554509726509,5.384208634495735e-10,1.673470251262188e-10,9.822542779147625e-10,-3.758278410703753e-15,8.715250743307479e-15,5.10702591327572e-15,0,0
1159.2,1800,100.2930527853209,1000,285.0204452413845,1246315.027071669,0.04998851711461865,24.9811876345018,1390.881809520197,800,283.8918578943742,1111287.466491989,0.04923987987275651,24.60997065807695,1290.588756734876,0.4998851711461865,0.4923987987275651,0.0004,0.0007247100538790055,0.0004011722111412837,-0.3796319422868244,1.437001628801227e-10,6.475602276623249e-10,8.221832104027271e-10,-3.589142871796014e-15,3.552713678800501e-15,2.220446049250313e-16,0,0
1161.6,1800,100.2928246396202,1000,285.020440961038,1246314.438383514,0.04998851146326106,24.98118482229405,1390.881416499021,800,283.8918559764782,1111252.241721473,0.04923832622270799,24.60919416774383,1290.5885918594,0.4998851146326106,0.4923832622270799,0.0004,0.0007247087348752029,0.0004011712985584809,-0.3804084326199373,3.656168701127172e-10,7.530616130679846e-10,1.389707904309034e-09,-8.363969239422175e-15,9.436895709313831e-15,1.387778780781446e-15,0,0
1164,1800,100.292599235441,1000,285.0204367321465,1246313.855195804,0.04998850581654785,24.98118201226376,1390.881028202546,800,283.8918540816512,1111217.019389301,0.04923677257471054,24.60841767838043,1290.588428967105,0.4998850581654785,0.4923677257471054,0.0004,0.0007247074317368388,0.000401170396941764,-0.381184921983337,2.492015482857823e-10,1.055013854056597e-09,1.331500243395567e-09,-4.202367620553815e-15,1.02695629777827e-14,6.217248937900877e-15,0,0
1166.4,1800,100.2923765406956,1000,285.0204325541077,1246313.277444136,0.0499885001744246,24.98117920438543,1390.880644575444,800,283.8918522096229,1111181.799466837,0.04923521892874008,24.60764118997536,1290.588268034749,0.499885001744246,0.4923521892874007,0.0004,0.0007247061442779886,0.0004011695061627824,-0.3819614103884064,4.783942131325603e-10,1.149601303040981e-09,1.906300894916058e-09,-7.076804420247385e-15,1.137978600240785e-14,4.496403249731884e-15,0,0
1168.8,1800,100.2921565214267,1000,285.0204284262837,1246312.705060384,0.04998849453683381,24.98117639863209,1390.880265559154,800,283.8918503601068,1111146.581923778,0.04923366528477104,24.60686470251657,1290.588109037727,0.4998849453683381,0.4923366528477104,0.0004,0.000724704872301816,0.0004011686260857068,-0.3827378978471998,1.455191522836685e-11,8.440110832452774e-10,8.949427865445614e-10,-2.886579864025407e-15,9.325873406851315e-15,6.661338147750939e-15,0,0
1171.2,1800,100.2919391454755,1000,285.0204243480711,1246312.137980027,0.04998848890372102,24.9811735949782,1390.879891098265,800,283.8918485328327,1111111.366731434,0.04923211164277943,24.60608821599265,1290.58795195279,0.4998848890372102,0.4923211164277942,0.0004,0.0007247036156223202,0.0004011677565819018,-0.3835143843711215,-5.456968210637569e-12,6.366462912410498e-10,6.621121428906918e-10,-4.706304790325078e-15,9.880984919163893e-15,5.384581669432009e-15,0,0
1173.6,1800,100.2917243811364,1000,285.0204203188739,1246311.576139304,0.04998848327503239,24.98117079339852,1390.879521138059,800,283.8918467275327,1111076.153861453,0.04923055800274131,24.60531173039232,1290.587796756923,0.4998848327503239,0.4923055800274131,0.0004,0.0007247023740553813,0.0004011668975245457,-0.3842908699714478,2.78305378742516e-10,5.347828846424818e-10,8.512870408594608e-10,-5.562390825719632e-15,1.210143096841421e-14,6.716849298982197e-15,0,0
1176,1800,100.291512196965,1000,285.0204163381021,1246311.019475194,0.04998847765071467,24.98116799386809,1390.87915562434,800,283.8918449439424,1111040.943285815,0.04922900436463312,24.60453524570444,1290.587643427375,0.4998847765071467,0.4922900436463312,0.0004,0.000724701147419004,0.0004011660487878598,-0.3850673546593271,3.255991032347083e-10,7.166818249970675e-10,1.076841726899147e-09,-5.719383300295533e-15,1.115774139748282e-14,5.662137425588298e-15,0,0
1178.4,1800,100.2913025619175,1000,285.0204124051734,1246310.467925414,0.0499884720307153,24.98116519636228,1390.87879450365,800,283.8918431818008,1111005.734976827,0.04922745072843156,24.603758761918,1290.587491941732,0.499884720307153,0.4922745072843156,0.0004,0.0007246999355338575,0.0004011652102476701,-0.3858438384457692,5.566107574850321e-10,7.530616130679846e-10,1.33877620100975e-09,-4.445228907190568e-15,1.049160758270773e-14,6.272760089132134e-15,0,0
1180.8,1800,100.291095445345,1000,285.0204085195112,1246309.9214284,0.04998846641498231,24.9811624008567,1390.878437723068,800,283.8918414408494,1110970.528907117,0.04922589709411368,24.60298227902211,1290.587342277723,0.4998846641498231,0.4922589709411368,0.0004,0.0007246987382217866,0.0004011643817813801,-0.3866203213416597,2.219167072325945e-10,9.895302355289459e-10,1.469743438065052e-09,-2.426010781153565e-15,9.880984919163893e-15,7.716050021144838e-15,0,0
1183.2,1800,100.2908908169716,1000,285.0204046805475,1246309.379923299,0.04998846080346427,24.98115960732726,1390.878085230369,800,283.8918397208321,1110935.325049629,0.04922434346165659,24.60220579700601,1290.587194413398,0.4998846080346426,0.4922434346165659,0.0004,0.0007246975553071825,0.0004011635632678863,-0.3873968033577597,3.910827217623591e-10,8.221832104027271e-10,1.484295353293419e-09,-4.190224556221978e-15,7.938094626069869e-15,3.996802888650564e-15,0,0
1185.6,1800,100.2906886467415,1000,285.0204008877184,1246308.843349956,0.04998845519611042,24.98115681575015,1390.877736973846,800,283.8918380214974,1110900.123377621,0.04922278983103789,24.60142931585907,1290.587048327105,0.4998845519611042,0.4922278983103788,0.0004,0.000724696386616839,0.000401162754586966,-0.3881732845047026,4.274625098332763e-10,1.022272044792771e-09,1.477019395679235e-09,-2.762547135493065e-15,7.105427357601002e-15,4.551914400963142e-15,0,0
1188,1800,100.2904889050897,1000,285.0203971404678,1246308.3116489,0.04998844959287056,24.98115402610183,1390.877392902411,800,283.8918363425953,1110864.923864654,0.04922123620223533,24.60065283557077,1290.586903997322,0.4998844959287056,0.4922123620223532,0.0004,0.0007246952319785741,0.0004011619556203586,-0.3889497647929971,2.582964953035116e-10,8.512870408594608e-10,1.142325345426798e-09,-3.403527459866496e-15,1.271205363195804e-14,9.492406860545088e-15,0,0
1190.4,1800,100.2902915627003,1000,285.0203934382466,1246307.784761337,0.04998844399369501,24.98115123835903,1390.877052965593,800,283.891834683879,1110829.72648459,0.04921968257522689,24.59987635613072,1290.586761402893,0.4998844399369501,0.4921968257522689,0.0004,0.0007246940912231421,0.0004011611662508012,-0.3897262442330529,1.364242052659392e-10,5.893525667488575e-10,5.311449058353901e-10,-4.703702705111112e-15,1.010302952408892e-14,5.662137425588298e-15,0,0
1192.8,1800,100.2900965929405,1000,285.0203897805546,1246307.262633915,0.04998843839853877,24.98114845250061,1390.876717117537,800,283.8918330451253,1110794.531213738,0.04921812894999267,24.59909987752949,1290.586620524597,0.4998843839853877,0.4921812894999267,0.0004,0.0007246929641967726,0.0004011603863717619,-0.3905027228342846,3.637978807091713e-10,5.929905455559492e-10,1.215084921568632e-09,-4.041905699025961e-15,6.106226635438361e-15,2.275957200481571e-15,0,0
1195.2,1800,100.2899039659799,1000,285.0203861668314,1246306.745206694,0.04998843280735115,24.98114566850286,1390.876385306738,800,283.8918314260823,1110759.338025441,0.04921657532651025,24.59832339975649,1290.586481340758,0.4998843280735115,0.4921657532651025,0.0004,0.0007246918507260633,0.0004011596158639195,-0.3912792006072827,4.711182555183768e-10,5.566107574850321e-10,1.047737896442413e-09,-4.565792188770956e-15,1.23789867245705e-14,7.938094626069869e-15,0,0
1197.6,1800,100.2897136534764,1000,285.0203825965452,1246306.232422746,0.04998842722008415,24.98114288634324,1390.876057484371,800,283.8918298265114,1110724.146894393,0.04921502170475831,24.59754692280164,1290.586343830895,0.4998842722008415,0.4921502170475831,0.0004,0.000724690750647158,0.0004011588546139055,-0.39205567756213,2.291926648467779e-10,7.494236342608929e-10,1.236912794411182e-09,-9.22005527481673e-15,9.71445146547012e-15,6.106226635438361e-16,0,0
1200,1800,100.2895256275744,1000,285.0203790691721,1246305.724226222,0.0499884216366906,24.98114010599964,1390.87573360236,800,283.8918282461776,1110688.957795769,0.04921346808471602,24.59677044665509,1290.586207974786,0.499884216366906,0.4921346808471601,0.0004,0.0007246896637982845,0.0004011581025102978,-0.3928321537086816,3.001332515850663e-10,4.838511813431978e-10,1.047737896442413e-09,-3.532764358826768e-15,1.498801083243961e-14,1.165734175856414e-14,0,0
1200,1800,100.2895256275744,1000,285.0203790691721,1246305.724226222,0.0499884216366906,24.98114010599964,1390.87573360236,800,283.8918282461776,1110688.957795769,0.04921346808471602,24.59677044665509,1290.586207974786,0.499884216366906,0.4921346808471601,0.0004,0.0007246896637982845,0.0004011581025102978,-0.3928321537086816,3.001332515850663e-10,4.838511813431978e-10,1.047737896442413e-09,-3.532764358826768e-15,1.498801083243961e-14,1.165734175856414e-14,0,0
